#
# A fatal error has been detected by the Java Runtime Environment:
#
#  SIGSEGV (0xb) at pc=0x00007fe93825ab02, pid=7424, tid=7604
#
# JRE version: OpenJDK Runtime Environment Zulu21.50+19-CA (21.0.11+10) (build 21.0.11+10-LTS)
# Java VM: OpenJDK 64-Bit Server VM Zulu21.50+19-CA (21.0.11+10-LTS, mixed mode, sharing, tiered, compressed class ptrs, z gc, linux-amd64)
# Problematic frame:
# J 3599 c2 io.aeron.driver.Receiver.doWork()I (257 bytes) @ 0x00007fe93825ab02 [0x00007fe93825a9e0+0x0000000000000122]
#
# Core dump will be written. Default location: Core dumps may be processed with "/usr/share/apport/apport -p%p -s%s -c%c -d%d -P%P -u%u -g%g -F%F -- %E" (or dumping to /home/emre/Apps/openexchange/match/core.7424)
#
# If you would like to submit a bug report, please visit:
#   http://www.azul.com/support/
#

---------------  S U M M A R Y ------------

Command Line: -XX:+UseZGC -XX:+ZGenerational -XX:+UnlockDiagnosticVMOptions -XX:GuaranteedSafepointInterval=0 -XX:+UseNUMA -XX:+PerfDisableSharedMem -XX:+TieredCompilation -XX:TieredStopAtLevel=4 --add-opens=java.base/jdk.internal.misc=ALL-UNNAMED --add-opens=java.base/sun.nio.ch=ALL-UNNAMED -Xmx512m -Xms512m com.match.infrastructure.gateway.MarketGatewayMain

Host: 13th Gen Intel(R) Core(TM) i7-13700K, 24 cores, 31G, Ubuntu 24.04.3 LTS
Time: Tue Jul 21 03:38:00 2026 +03 elapsed time: 4426.269959 seconds (0d 1h 13m 46s)

---------------  T H R E A D  ---------------

Current thread (0x00007fe948695390):  JavaThread "/dev/shm/aeron-market-7424 [sender,receiver,aeron-md-nra,driver-conductor]"        [_thread_in_Java, id=7604, stack(0x00007fe495330000,0x00007fe495430000) (1024K)]

Stack: [0x00007fe495330000,0x00007fe495430000],  sp=0x00007fe49542e7e0,  free space=1017k
Native frames: (J=compiled Java code, j=interpreted, Vv=VM code, C=native code)
J 3599 c2 io.aeron.driver.Receiver.doWork()I (257 bytes) @ 0x00007fe93825ab02 [0x00007fe93825a9e0+0x0000000000000122]
J 3076% c2 org.agrona.concurrent.AgentRunner.workLoop(Lorg/agrona/concurrent/IdleStrategy;Lorg/agrona/concurrent/Agent;)V (17 bytes) @ 0x00007fe9383397c8 [0x00007fe938339660+0x0000000000000168]
j  org.agrona.concurrent.AgentRunner.run()V+63
j  java.lang.Thread.runWith(Ljava/lang/Object;Ljava/lang/Runnable;)V+5 java.base@21.0.11
j  java.lang.Thread.run()V+19 java.base@21.0.11
v  ~StubRoutines::call_stub 0x00007fe937a5fcbf
V  [libjvm.so+0x920445]  JavaCalls::call_helper(JavaValue*, methodHandle const&, JavaCallArguments*, JavaThread*)+0x2f5
V  [libjvm.so+0x921dc2]  JavaCalls::call_virtual(JavaValue*, Handle, Klass*, Symbol*, Symbol*, JavaThread*)+0x1d2
V  [libjvm.so+0x9f7b0e]  thread_entry(JavaThread*, JavaThread*)+0x8e
V  [libjvm.so+0x938110]  JavaThread::thread_main_inner()+0x1e0
V  [libjvm.so+0xf8e518]  Thread::call_run()+0xa8
V  [libjvm.so+0xd16c2a]  thread_native_entry(Thread*)+0xda
C  [libc.so.6+0x9caa4]

siginfo: si_signo: 11 (SIGSEGV), si_code: 1 (SEGV_MAPERR), si_addr: 0x0000041a2fc08b51

Registers:
RAX=0x0000041a2fc08bc4, RBX=0x00007fe48d4113b0, RCX=0x0000000000000000, RDX=0x00007fe433400300
RSP=0x00007fe49542e7e0, RBP=0x00000000000002d8, RSI=0x0000000000000000, RDI=0x0000000000000000
R8 =0x000004000bc000d8, R9 =0x0000000000000000, R10=0x0000000005f5e100, R11=0x0000000000000000
R12=0x000004001c800540, R13=0x0000000000000228, R14=0x00007fe49824e840, R15=0x00007fe948695390
RIP=0x00007fe93825ab02, EFLAGS=0x0000000000010287, CSGSFS=0x002b000000000033, ERR=0x0000000000000006
  TRAPNO=0x000000000000000e

XMM[0]=0x0000000000000000 0x000004001c805db0
XMM[1]=0x0000000000000000 0x0000000000000000
XMM[2]=0x0000000000000000 0x0000041905ba984d
XMM[3]=0x0000000000000000 0x0000000000000001
XMM[4]=0x0000000000000000 0xffffffffffffffff
XMM[5]=0x0000040019500020 0x0000040019500000
XMM[6]=0x0000000000000000 0x000004001953fdc0
XMM[7]=0x0000000000000000 0x000004001ef50d88
XMM[8]=0x0000000000000000 0x0000000000000000
XMM[9]=0x0000000000000000 0x0000000000000000
XMM[10]=0x0000000000000000 0x00000000e6f404e3
XMM[11]=0x0000000000000000 0xb04d7290cda21af0
XMM[12]=0x0000000000000000 0x000000001d54a860
XMM[13]=0x0000000000000000 0x0000000000000000
XMM[14]=0x0000000000000000 0x0000000000000000
XMM[15]=0x0000000000000000 0x0000000000000000
  MXCSR=0x00001fa2


Register to memory mapping:

RAX=0x0000041a2fc08bc4 is an unknown value
RBX={method} {0x00007fe48d4113b0} 'doWork' '()I' in 'io/aeron/driver/Receiver'
RCX=0x0 is null
RDX=0x00007fe433400300 points into unknown readable memory: 0x0000000000f95f0d | 0d 5f f9 00 00 00 00 00
RSP=0x00007fe49542e7e0 is pointing into the stack for thread: 0x00007fe948695390
RBP=0x00000000000002d8 is an unknown value
RSI=0x0 is null
RDI=0x0 is null
R8 =0x000004000bc000d8 is a zaddress: io.aeron.driver.status.DutyCycleStallTracker 
{0x000004000bc000d8} - klass: 'io/aeron/driver/status/DutyCycleStallTracker'
 - ---- fields (total size 22 words):
 - 'p000' 'B' @12  0 (0x00)
 - 'p001' 'B' @13  0 (0x00)
 - 'p002' 'B' @14  0 (0x00)
 - 'p003' 'B' @15  0 (0x00)
 - 'p004' 'B' @16  0 (0x00)
 - 'p005' 'B' @17  0 (0x00)
 - 'p006' 'B' @18  0 (0x00)
 - 'p007' 'B' @19  0 (0x00)
 - 'p008' 'B' @20  0 (0x00)
 - 'p009' 'B' @21  0 (0x00)
 - 'p010' 'B' @22  0 (0x00)
 - 'p011' 'B' @23  0 (0x00)
 - 'p012' 'B' @24  0 (0x00)
 - 'p013' 'B' @25  0 (0x00)
 - 'p014' 'B' @26  0 (0x00)
 - 'p015' 'B' @27  0 (0x00)
 - 'p016' 'B' @28  0 (0x00)
 - 'p017' 'B' @29  0 (0x00)
 - 'p018' 'B' @30  0 (0x00)
 - 'p019' 'B' @31  0 (0x00)
 - 'p020' 'B' @32  0 (0x00)
 - 'p021' 'B' @33  0 (0x00)
 - 'p022' 'B' @34  0 (0x00)
 - 'p023' 'B' @35  0 (0x00)
 - 'p024' 'B' @36  0 (0x00)
 - 'p025' 'B' @37  0 (0x00)
 - 'p026' 'B' @38  0 (0x00)
 - 'p027' 'B' @39  0 (0x00)
 - 'p028' 'B' @40  0 (0x00)
 - 'p029' 'B' @41  0 (0x00)
 - 'p030' 'B' @42  0 (0x00)
 - 'p031' 'B' @43  0 (0x00)
 - 'p032' 'B' @44  0 (0x00)
 - 'p033' 'B' @45  0 (0x00)
 - 'p034' 'B' @46  0 (0x00)
 - 'p035' 'B' @47  0 (0x00)
 - 'p036' 'B' @48  0 (0x00)
 - 'p037' 'B' @49  0 (0x00)
 - 'p038' 'B' @50  0 (0x00)
 - 'p039' 'B' @51  0 (0x00)
 - 'p040' 'B' @52  0 (0x00)
 - 'p041' 'B' @53  0 (0x00)
 - 'p042' 'B' @54  0 (0x00)
 - 'p043' 'B' @55  0 (0x00)
 - 'p044' 'B' @56  0 (0x00)
 - 'p045' 'B' @57  0 (0x00)
 - 'p046' 'B' @58  0 (0x00)
 - 'p047' 'B' @59  0 (0x00)
 - 'p048' 'B' @60  0 (0x00)
 - 'p049' 'B' @61  0 (0x00)
 - 'p050' 'B' @62  0 (0x00)
 - 'p051' 'B' @63  0 (0x00)
 - 'p052' 'B' @64  0 (0x00)
 - 'p053' 'B' @65  0 (0x00)
 - 'p054' 'B' @66  0 (0x00)
 - 'p055' 'B' @67  0 (0x00)
 - 'p056' 'B' @68  0 (0x00)
 - 'p057' 'B' @69  0 (0x00)
 - 'p058' 'B' @70  0 (0x00)
 - 'p059' 'B' @71  0 (0x00)
 - 'p060' 'B' @72  0 (0x00)
 - 'p061' 'B' @73  0 (0x00)
 - 'p062' 'B' @74  0 (0x00)
 - 'p063' 'B' @75  0 (0x00)
 - 'timeOfLastUpdateNs' 'J' @80  4510516808644 (0x0000041a2fc08bc4)
 - 'p064' 'B' @76  0 (0x00)
 - 'p065' 'B' @77  0 (0x00)
 - 'p066' 'B' @78  0 (0x00)
 - 'p067' 'B' @79  0 (0x00)
 - 'p068' 'B' @88  0 (0x00)
 - 'p069' 'B' @89  0 (0x00)
 - 'p070' 'B' @90  0 (0x00)
 - 'p071' 'B' @91  0 (0x00)
 - 'p072' 'B' @92  0 (0x00)
 - 'p073' 'B' @93  0 (0x00)
 - 'p074' 'B' @94  0 (0x00)
 - 'p075' 'B' @95  0 (0x00)
 - 'p076' 'B' @96  0 (0x00)
 - 'p077' 'B' @97  0 (0x00)
 - 'p078' 'B' @98  0 (0x00)
 - 'p079' 'B' @99  0 (0x00)
 - 'p080' 'B' @100  0 (0x00)
 - 'p081' 'B' @101  0 (0x00)
 - 'p082' 'B' @102  0 (0x00)
 - 'p083' 'B' @103  0 (0x00)
 - 'p084' 'B' @104  0 (0x00)
 - 'p085' 'B' @105  0 (0x00)
 - 'p086' 'B' @106  0 (0x00)
 - 'p087' 'B' @107  0 (0x00)
 - 'p088' 'B' @108  0 (0x00)
 - 'p089' 'B' @109  0 (0x00)
 - 'p090' 'B' @110  0 (0x00)
 - 'p091' 'B' @111  0 (0x00)
 - 'p092' 'B' @112  0 (0x00)
 - 'p093' 'B' @113  0 (0x00)
 - 'p094' 'B' @114  0 (0x00)
 - 'p095' 'B' @115  0 (0x00)
 - 'p096' 'B' @116  0 (0x00)
 - 'p097' 'B' @117  0 (0x00)
 - 'p098' 'B' @118  0 (0x00)
 - 'p099' 'B' @119  0 (0x00)
 - 'p100' 'B' @120  0 (0x00)
 - 'p101' 'B' @121  0 (0x00)
 - 'p102' 'B' @122  0 (0x00)
 - 'p103' 'B' @123  0 (0x00)
 - 'p104' 'B' @124  0 (0x00)
 - 'p105' 'B' @125  0 (0x00)
 - 'p106' 'B' @126  0 (0x00)
 - 'p107' 'B' @127  0 (0x00)
 - 'p108' 'B' @128  0 (0x00)
 - 'p109' 'B' @129  0 (0x00)
 - 'p110' 'B' @130  0 (0x00)
 - 'p111' 'B' @131  0 (0x00)
 - 'p112' 'B' @132  0 (0x00)
 - 'p113' 'B' @133  0 (0x00)
 - 'p114' 'B' @134  0 (0x00)
 - 'p115' 'B' @135  0 (0x00)
 - 'p116' 'B' @136  0 (0x00)
 - 'p117' 'B' @137  0 (0x00)
 - 'p118' 'B' @138  0 (0x00)
 - 'p119' 'B' @139  0 (0x00)
 - 'p120' 'B' @140  0 (0x00)
 - 'p121' 'B' @141  0 (0x00)
 - 'p122' 'B' @142  0 (0x00)
 - 'p123' 'B' @143  0 (0x00)
 - 'p124' 'B' @144  0 (0x00)
 - 'p125' 'B' @145  0 (0x00)
 - 'p126' 'B' @146  0 (0x00)
 - 'p127' 'B' @147  0 (0x00)
 - private final 'cycleTimeThresholdNs' 'J' @152  100000000 (0x0000000005f5e100)
 - private final 'maxCycleTime' 'Lorg/agrona/concurrent/status/AtomicCounter;' @160  a 'org/agrona/concurrent/status/AtomicCounter'{0x000004000bc00188} (0x04000bc001888a30)
 - private final 'cycleTimeThresholdExceededCount' 'Lorg/agrona/concurrent/status/AtomicCounter;' @168  a 'org/agrona/concurrent/status/AtomicCounter'{0x000004001ef2e7a8} (0x04001ef2e7a88a30)
R9 =0x0 is null
R10=0x0000000005f5e100 is an unknown value
R11=0x0 is null
R12=0x000004001c800540 is a zaddress: org.agrona.concurrent.BackoffIdleStrategy 
{0x000004001c800540} - klass: 'org/agrona/concurrent/BackoffIdleStrategy'
 - ---- fields (total size 25 words):
 - 'p000' 'B' @12  0 (0x00)
 - 'p001' 'B' @13  0 (0x00)
 - 'p002' 'B' @14  0 (0x00)
 - 'p003' 'B' @15  0 (0x00)
 - 'p004' 'B' @16  0 (0x00)
 - 'p005' 'B' @17  0 (0x00)
 - 'p006' 'B' @18  0 (0x00)
 - 'p007' 'B' @19  0 (0x00)
 - 'p008' 'B' @20  0 (0x00)
 - 'p009' 'B' @21  0 (0x00)
 - 'p010' 'B' @22  0 (0x00)
 - 'p011' 'B' @23  0 (0x00)
 - 'p012' 'B' @24  0 (0x00)
 - 'p013' 'B' @25  0 (0x00)
 - 'p014' 'B' @26  0 (0x00)
 - 'p015' 'B' @27  0 (0x00)
 - 'p016' 'B' @28  0 (0x00)
 - 'p017' 'B' @29  0 (0x00)
 - 'p018' 'B' @30  0 (0x00)
 - 'p019' 'B' @31  0 (0x00)
 - 'p020' 'B' @32  0 (0x00)
 - 'p021' 'B' @33  0 (0x00)
 - 'p022' 'B' @34  0 (0x00)
 - 'p023' 'B' @35  0 (0x00)
 - 'p024' 'B' @36  0 (0x00)
 - 'p025' 'B' @37  0 (0x00)
 - 'p026' 'B' @38  0 (0x00)
 - 'p027' 'B' @39  0 (0x00)
 - 'p028' 'B' @40  0 (0x00)
 - 'p029' 'B' @41  0 (0x00)
 - 'p030' 'B' @42  0 (0x00)
 - 'p031' 'B' @43  0 (0x00)
 - 'p032' 'B' @44  0 (0x00)
 - 'p033' 'B' @45  0 (0x00)
 - 'p034' 'B' @46  0 (0x00)
 - 'p035' 'B' @47  0 (0x00)
 - 'p036' 'B' @48  0 (0x00)
 - 'p037' 'B' @49  0 (0x00)
 - 'p038' 'B' @50  0 (0x00)
 - 'p039' 'B' @51  0 (0x00)
 - 'p040' 'B' @52  0 (0x00)
 - 'p041' 'B' @53  0 (0x00)
 - 'p042' 'B' @54  0 (0x00)
 - 'p043' 'B' @55  0 (0x00)
 - 'p044' 'B' @56  0 (0x00)
 - 'p045' 'B' @57  0 (0x00)
 - 'p046' 'B' @58  0 (0x00)
 - 'p047' 'B' @59  0 (0x00)
 - 'p048' 'B' @60  0 (0x00)
 - 'p049' 'B' @61  0 (0x00)
 - 'p050' 'B' @62  0 (0x00)
 - 'p051' 'B' @63  0 (0x00)
 - 'p052' 'B' @64  0 (0x00)
 - 'p053' 'B' @65  0 (0x00)
 - 'p054' 'B' @66  0 (0x00)
 - 'p055' 'B' @67  0 (0x00)
 - 'p056' 'B' @68  0 (0x00)
 - 'p057' 'B' @69  0 (0x00)
 - 'p058' 'B' @70  0 (0x00)
 - 'p059' 'B' @71  0 (0x00)
 - 'p060' 'B' @72  0 (0x00)
 - 'p061' 'B' @73  0 (0x00)
 - 'p062' 'B' @74  0 (0x00)
 - 'p063' 'B' @75  0 (0x00)
 - protected 'state' 'I' @76  0 (0x00000000)
 - protected final 'maxSpins' 'J' @80  10 (0x000000000000000a)
 - protected final 'maxYields' 'J' @88  20 (0x0000000000000014)
 - protected final 'minParkPeriodNs' 'J' @96  1000 (0x00000000000003e8)
 - protected final 'maxParkPeriodNs' 'J' @104  1000000 (0x00000000000f4240)
 - protected 'spins' 'J' @112  0 (0x0000000000000000)
 - protected 'yields' 'J' @120  0 (0x0000000000000000)
 - protected 'parkPeriodNs' 'J' @128  1000 (0x00000000000003e8)
 - 'p064' 'B' @136  0 (0x00)
 - 'p065' 'B' @137  0 (0x00)
 - 'p066' 'B' @138  0 (0x00)
 - 'p067' 'B' @139  0 (0x00)
 - 'p068' 'B' @140  0 (0x00)
 - 'p069' 'B' @141  0 (0x00)
 - 'p070' 'B' @142  0 (0x00)
 - 'p071' 'B' @143  0 (0x00)
 - 'p072' 'B' @144  0 (0x00)
 - 'p073' 'B' @145  0 (0x00)
 - 'p074' 'B' @146  0 (0x00)
 - 'p075' 'B' @147  0 (0x00)
 - 'p076' 'B' @148  0 (0x00)
 - 'p077' 'B' @149  0 (0x00)
 - 'p078' 'B' @150  0 (0x00)
 - 'p079' 'B' @151  0 (0x00)
 - 'p080' 'B' @152  0 (0x00)
 - 'p081' 'B' @153  0 (0x00)
 - 'p082' 'B' @154  0 (0x00)
 - 'p083' 'B' @155  0 (0x00)
 - 'p084' 'B' @156  0 (0x00)
 - 'p085' 'B' @157  0 (0x00)
 - 'p086' 'B' @158  0 (0x00)
 - 'p087' 'B' @159  0 (0x00)
 - 'p088' 'B' @160  0 (0x00)
 - 'p089' 'B' @161  0 (0x00)
 - 'p090' 'B' @162  0 (0x00)
 - 'p091' 'B' @163  0 (0x00)
 - 'p092' 'B' @164  0 (0x00)
 - 'p093' 'B' @165  0 (0x00)
 - 'p094' 'B' @166  0 (0x00)
 - 'p095' 'B' @167  0 (0x00)
 - 'p096' 'B' @168  0 (0x00)
 - 'p097' 'B' @169  0 (0x00)
 - 'p098' 'B' @170  0 (0x00)
 - 'p099' 'B' @171  0 (0x00)
 - 'p100' 'B' @172  0 (0x00)
 - 'p101' 'B' @173  0 (0x00)
 - 'p102' 'B' @174  0 (0x00)
 - 'p103' 'B' @175  0 (0x00)
 - 'p104' 'B' @176  0 (0x00)
 - 'p105' 'B' @177  0 (0x00)
 - 'p106' 'B' @178  0 (0x00)
 - 'p107' 'B' @179  0 (0x00)
 - 'p108' 'B' @180  0 (0x00)
 - 'p109' 'B' @181  0 (0x00)
 - 'p110' 'B' @182  0 (0x00)
 - 'p111' 'B' @183  0 (0x00)
 - 'p112' 'B' @184  0 (0x00)
 - 'p113' 'B' @185  0 (0x00)
 - 'p114' 'B' @186  0 (0x00)
 - 'p115' 'B' @187  0 (0x00)
 - 'p116' 'B' @188  0 (0x00)
 - 'p117' 'B' @189  0 (0x00)
 - 'p118' 'B' @190  0 (0x00)
 - 'p119' 'B' @191  0 (0x00)
 - 'p120' 'B' @192  0 (0x00)
 - 'p121' 'B' @193  0 (0x00)
 - 'p122' 'B' @194  0 (0x00)
 - 'p123' 'B' @195  0 (0x00)
 - 'p124' 'B' @196  0 (0x00)
 - 'p125' 'B' @197  0 (0x00)
 - 'p126' 'B' @198  0 (0x00)
 - 'p127' 'B' @199  0 (0x00)
R13=0x0000000000000228 is an unknown value
R14=0x00007fe49824e840 is a pointer to class: 
org.agrona.concurrent.Agent {0x00007fe49824e840}
 - instance size:     2
 - klass size:        66
 - access:            public interface abstract 
 - flags:             rewritten should_verify_class has_nonstatic_concrete_methods declares_nonstatic_concrete_methods has_localvariable_table 
 - state:             fully_initialized
 - name:              'org/agrona/concurrent/Agent'
 - super:             'java/lang/Object'
 - sub:               
 - nof implementors:  2
 - arrays:            'org/agrona/concurrent/Agent'[]
 - methods:           Array<T>(0x00007fe48d207068)
 - method ordering:   Array<T>(0x00007fe497b97fe0)
 - local interfaces:  Array<T>(0x00007fe497677788)
 - trans. interfaces: Array<T>(0x00007fe497677788)
 - secondary supers: Array<T>(0x00007fe4976772d8)
 - hash_slot:         23
 - bitmap:            0x0000000000000000
 - constants:         constant pool [22] {0x00007fe48d206f50} for 'org/agrona/concurrent/Agent' cache=0x00007fe48d263500
 - class loader data:  loader data: 0x00007fe94812fd50 for instance a 'jdk/internal/loader/ClassLoaders$AppClassLoader'{0x000004001c800318}
 - source file:       'Agent.java'
 - inner classes:     Array<T>(0x00007fe497677710)
 - nest members:     Array<T>(0x00007fe497677710)
 - permitted subclasses:     Array<T>(0x00007fe497677710)
 - java mirror:       a 'java/lang/Class'{0x000004000a1bca80} = 'org/agrona/concurrent/Agent'
 - vtable length      5  (start addr: 0x00007fe49824ea20)
 - itable length      0 (start addr: 0x00007fe49824ea48)
 - ---- static fields (0 words):
 - ---- non-static fields (0 words):
 - non-static oop maps: 
R15=0x00007fe948695390 is a thread

Top of Stack: (sp=0x00007fe49542e7e0)
0x00007fe49542e7e0:   0000000000000000 00007fe9382ad6a8   ..........*8....
0x00007fe49542e7f0:   0000000000000000 000004001c805c58   ........X\......
0x00007fe49542e800:   000004001c800428 000004000bc000d8   (...............
0x00007fe49542e810:   0000041a2fc08a4d 0000000000000001   M../............
0x00007fe49542e820:   0000041a2fc08bc4 000004001c800748   .../....H.......
0x00007fe49542e830:   0000000004d55720 00007fe948695390    W.......SiH....
0x00007fe49542e840:   0000000000000001 00007fe938339ddf   ..........38....
0x00007fe49542e850:   0000000000000001 00007fe9383397c8   ..........38....
0x00007fe49542e860:   000004001c800540 000004001c800608   @...............
0x00007fe49542e870:   000004001c800000 000004001c800630   ........0.......
0x00007fe49542e880:   000000040127d190 000004001c800608   ..'.............
0x00007fe49542e890:   000004001c800668 00007fe48d4941b0   h........AI.....
0x00007fe49542e8a0:   000004000532d460 00007fe48d434f40   `.2.....@OC.....
0x00007fe49542e8b0:   0000000000000000 00007fe49542e8d0   ..........B.....
0x00007fe49542e8c0:   00007fe49542e938 00007fe937a66e80   8.B......n.7....
0x00007fe49542e8d0:   00000400053335c8 000004000518bf88   .53.............
0x00007fe49542e8e0:   000004000532da88 000004000532da88   ..2.......2.....
0x00007fe49542e8f0:   00007fe49542e8f0 00007fe48d43496f   ..B.....oIC.....
0x00007fe49542e900:   0000000000000004 00007fe48d435408   .........TC.....
0x00007fe49542e910:   0000000000000000 000004001c800a80   ................
0x00007fe49542e920:   00007fe48d434a08 00007fe49542e8d8   .JC.......B.....
0x00007fe49542e930:   00007fe49542e958 00007fe49542e9a8   X.B.......B.....
0x00007fe49542e940:   00007fe937a67326 0000000000000000   &s.7............
0x00007fe49542e950:   0000000000000000 000004001c800630   ........0.......
0x00007fe49542e960:   00007fe49542e960 00007fe497c26dad   `.B......m......
0x00007fe49542e970:   0000000000000004 00007fe4974850c8   .........PH.....
0x00007fe49542e980:   0000000000000000 000004001ee126b8   .........&......
0x00007fe49542e990:   00007fe497484890 00007fe49542e958   .HH.....X.B.....
0x00007fe49542e9a0:   00007fe49542e9b8 00007fe49542ea18   ..B.......B.....
0x00007fe49542e9b0:   00007fe937a66e80 0000040011200420   .n.7.... . .....
0x00007fe49542e9c0:   000004001ee126b8 0000040011200000   .&........ .....
0x00007fe49542e9d0:   00007fe49542e9d0 00007fe497c2862b   ..B.....+.......

Instructions: (pc=0x00007fe93825ab02)
0x00007fe93825aa02:   24 00 c0 fe ff 55 48 83 ec 70 41 81 7f 58 20 8a
0x00007fe93825aa12:   00 00 0f 85 63 22 00 00 48 89 74 24 20 4c 8b 56
0x00007fe93825aa22:   40 49 c1 ea 10 0f 87 b3 15 00 00 45 8b 5a 08 41
0x00007fe93825aa32:   81 fb 00 50 25 01 0f 85 56 0d 00 00 49 ba 80 20
0x00007fe93825aa42:   32 4d e9 7f 00 00 41 ff d2 0f 1f 84 00 00 00 00
0x00007fe93825aa52:   00 48 89 44 24 40 4c 8b 5c 24 20 4d 8b 53 48 49
0x00007fe93825aa62:   c1 ea 10 0f 87 a2 15 00 00 4d 85 d2 0f 84 f6 0c
0x00007fe93825aa72:   00 00 49 89 42 50 4c 8b 54 24 20 4d 8b 42 68 49
0x00007fe93825aa82:   c1 e8 10 0f 87 b7 15 00 00 45 8b 58 08 48 8b e8
0x00007fe93825aa92:   49 2b 68 50 49 89 40 50 41 81 fb 38 04 25 01 0f
0x00007fe93825aaa2:   85 09 0d 00 00 4c 89 44 24 28 4d 8b 90 a0 00 00
0x00007fe93825aab2:   00 49 c1 ea 10 0f 87 ba 15 00 00 45 0f b6 5a 18
0x00007fe93825aac2:   45 85 db 0f 85 a9 0d 00 00 49 8b 52 10 49 8b 72
0x00007fe93825aad2:   20 48 c1 ee 10 0f 87 cd 15 00 00 4c 8b d6 4d 8b
0x00007fe93825aae2:   14 12 4c 3b d5 0f 8c ff 09 00 00 4c 8b 54 24 28
0x00007fe93825aaf2:   4d 8b 92 98 00 00 00 49 3b ea 0f 8f be 0d 00 00
0x00007fe93825ab02:   4c 8b 54 24 20 4d 8b 5a 28 49 c1 eb 10 0f 87 ca
0x00007fe93825ab12:   15 00 00 4c 89 5c 24 28 4d 8b 9b a8 00 00 00 4c
0x00007fe93825ab22:   8b 54 24 28 45 8b 92 ec 00 00 00 41 ff ca 49 63
0x00007fe93825ab32:   d2 49 23 d3 48 c1 e2 03 4c 8b 54 24 28 49 8b b2
0x00007fe93825ab42:   f0 00 00 00 48 c1 ee 10 0f 87 bc 15 00 00 48 8b
0x00007fe93825ab52:   6c 16 10 48 c1 ed 10 0f 87 f4 15 00 00 48 85 ed
0x00007fe93825ab62:   0f 85 50 05 00 00 45 33 c9 4c 8b 54 24 20 4d 8b
0x00007fe93825ab72:   42 20 49 c1 e8 10 0f 87 18 16 00 00 4d 85 c0 0f
0x00007fe93825ab82:   84 f9 0b 00 00 41 c7 40 0c 00 00 00 00 49 8b 68
0x00007fe93825ab92:   50 48 c1 ed 10 0f 87 2e 16 00 00 44 8b 5d 10 41
0x00007fe93825aba2:   83 fb 05 0f 8f 45 0d 00 00 49 8b 87 b8 01 00 00
0x00007fe93825abb2:   4c 8b d0 49 83 c2 20 4d 3b 97 c8 01 00 00 0f 83
0x00007fe93825abc2:   ed 03 00 00 4d 89 97 b8 01 00 00 41 0f 0d 8a c0
0x00007fe93825abd2:   00 00 00 48 c7 00 01 00 00 00 c7 40 08 90 3c 1a
0x00007fe93825abe2:   00 c7 40 0c 00 00 00 00 48 c7 40 18 00 00 00 00
0x00007fe93825abf2:   44 8b 55 0c 41 bc ff ff ff ff 4c 89 60 10 44 89


Stack slot to memory mapping:

stack at sp + 0 slots: 0x0 is null
stack at sp + 1 slots: 0x00007fe9382ad6a8 is at entry_point+648 in (nmethod*)0x00007fe9382ad190
Compiled method (c2) 4426277 3596       4       io.aeron.driver.Sender::doWork (196 bytes)
 total in heap  [0x00007fe9382ad190,0x00007fe9382ae9a0] = 6160
 relocation     [0x00007fe9382ad2e8,0x00007fe9382ad420] = 312
 main code      [0x00007fe9382ad420,0x00007fe9382ae238] = 3608
 stub code      [0x00007fe9382ae238,0x00007fe9382ae2a8] = 112
 oops           [0x00007fe9382ae2a8,0x00007fe9382ae2b0] = 8
 metadata       [0x00007fe9382ae2b0,0x00007fe9382ae328] = 120
 scopes data    [0x00007fe9382ae328,0x00007fe9382ae658] = 816
 scopes pcs     [0x00007fe9382ae658,0x00007fe9382ae868] = 528
 dependencies   [0x00007fe9382ae868,0x00007fe9382ae888] = 32
 handler table  [0x00007fe9382ae888,0x00007fe9382ae960] = 216
 nul chk table  [0x00007fe9382ae960,0x00007fe9382ae9a0] = 64
0x00007fe9382ad659:   48 c1 eb 10 0f 87 9c 09 00 00 4c 8b c3 4f 8b 04
0x00007fe9382ad669:   08 4d 03 c3 4e 89 04 0b 45 85 d2 0f 85 48 02 00
0x00007fe9382ad679:   00 4c 8b 54 24 18 49 8b b2 c0 00 00 00 48 c1 ee
0x00007fe9382ad689:   10 0f 87 c4 09 00 00 48 85 f6 0f 84 37 04 00 00
0x00007fe9382ad699:   44 89 24 24 89 6c 24 04 66 90 e8 d8 f2 08 00 0f
0x00007fe9382ad6a9:   1f 84 00 18 05 00 00 4c 8b 54 24 20 4c 8b 44 24
0x00007fe9382ad6b9:   18 4d 03 90 a8 00 00 00 4d 89 50 50 41 c7 40 4c
0x00007fe9382ad6c9:   00 00 00 00 8b 04 24 ff c0 4d 8b 90 b0 00 00 00
0x00007fe9382ad6d9:   4d 85 d2 0f 8e 52 04 00 00 4d 8b 58 58 4c 2b 5c
0x00007fe9382ad6e9:   24 20 4d 85 db 0f 8c ff 02 00 00 03 44 24 04 48
0x00007fe9382ad6f9:   83 c4 60 5d 
stack at sp + 2 slots: 0x0 is null
stack at sp + 3 slots: 0x000004001c805c58 is a zaddress: [Lio.aeron.driver.NetworkPublication; 
{0x000004001c805c58} - klass: 'io/aeron/driver/NetworkPublication'[]
 - length: 1
stack at sp + 4 slots: 0x000004001c800428 is a zaddress: io.aeron.driver.Receiver 
{0x000004001c800428} - klass: 'io/aeron/driver/Receiver'
 - ---- fields (total size 14 words):
 - private final 'reResolutionCheckIntervalNs' 'J' @16  1000000000 (0x000000003b9aca00)
 - private 'reResolutionDeadlineNs' 'J' @24  4510697213545 (0x0000041a3a814e69)
 - private final 'dataTransportPoller' 'Lio/aeron/driver/media/DataTransportPoller;' @32  a 'io/aeron/driver/media/DataTransportPoller'{0x000004001c800498} (0x04001c8004988a30)
 - private final 'commandQueue' 'Lorg/agrona/concurrent/OneToOneConcurrentArrayQueue;' @40  a 'org/agrona/concurrent/OneToOneConcurrentArrayQueue'{0x000004000bc001c0} (0x04000bc001c08a30)
 - private final 'totalBytesReceived' 'Lorg/agrona/concurrent/status/AtomicCounter;' @48  a 'org/agrona/concurrent/status/AtomicCounter'{0x000004001c8006f8} (0x04001c8006f88a30)
 - private final 'resolutionChanges' 'Lorg/agrona/concurrent/status/AtomicCounter;' @56  a 'org/agrona/concurrent/status/AtomicCounter'{0x000004001ef2e700} (0x04001ef2e7008a30)
 - private final 'nanoClock' 'Lorg/agrona/concurrent/NanoClock;' @64  a 'org/agrona/concurrent/SystemNanoClock'{0x000004001c802ee8} (0x04001c802ee88a30)
 - private final 'cachedNanoClock' 'Lorg/agrona/concurrent/CachedNanoClock;' @72  a 'org/agrona/concurrent/CachedNanoClock'{0x000004000bc00040} (0x04000bc000408a30)
 - private 'publicationImages' '[Lio/aeron/driver/PublicationImage;' @80  a 'io/aeron/driver/PublicationImage'[1] {0x000004001c800730} (0x04001c8007308a30)
 - private final 'pendingSetupMessages' 'Ljava/util/ArrayList;' @88  a 'java/util/ArrayList'{0x000004001c800a60} (0x04001c800a608a30)
 - private final 'conductorProxy' 'Lio/aeron/driver/DriverConductorProxy;' @96  a 'io/aeron/driver/DriverConductorProxy'{0x000004001ef4ee70} (0x04001ef4ee708a30)
 - private final 'dutyCycleTracker' 'Lio/aeron/driver/DutyCycleTracker;' @104  a 'io/aeron/driver/status/DutyCycleStallTracker'{0x000004000bc000d8} (0x04000bc000d88a30)
stack at sp + 5 slots: 0x000004000bc000d8 is a zaddress: io.aeron.driver.status.DutyCycleStallTracker 
{0x000004000bc000d8} - klass: 'io/aeron/driver/status/DutyCycleStallTracker'
 - ---- fields (total size 22 words):
 - 'p000' 'B' @12  0 (0x00)
 - 'p001' 'B' @13  0 (0x00)
 - 'p002' 'B' @14  0 (0x00)
 - 'p003' 'B' @15  0 (0x00)
 - 'p004' 'B' @16  0 (0x00)
 - 'p005' 'B' @17  0 (0x00)
 - 'p006' 'B' @18  0 (0x00)
 - 'p007' 'B' @19  0 (0x00)
 - 'p008' 'B' @20  0 (0x00)
 - 'p009' 'B' @21  0 (0x00)
 - 'p010' 'B' @22  0 (0x00)
 - 'p011' 'B' @23  0 (0x00)
 - 'p012' 'B' @24  0 (0x00)
 - 'p013' 'B' @25  0 (0x00)
 - 'p014' 'B' @26  0 (0x00)
 - 'p015' 'B' @27  0 (0x00)
 - 'p016' 'B' @28  0 (0x00)
 - 'p017' 'B' @29  0 (0x00)
 - 'p018' 'B' @30  0 (0x00)
 - 'p019' 'B' @31  0 (0x00)
 - 'p020' 'B' @32  0 (0x00)
 - 'p021' 'B' @33  0 (0x00)
 - 'p022' 'B' @34  0 (0x00)
 - 'p023' 'B' @35  0 (0x00)
 - 'p024' 'B' @36  0 (0x00)
 - 'p025' 'B' @37  0 (0x00)
 - 'p026' 'B' @38  0 (0x00)
 - 'p027' 'B' @39  0 (0x00)
 - 'p028' 'B' @40  0 (0x00)
 - 'p029' 'B' @41  0 (0x00)
 - 'p030' 'B' @42  0 (0x00)
 - 'p031' 'B' @43  0 (0x00)
 - 'p032' 'B' @44  0 (0x00)
 - 'p033' 'B' @45  0 (0x00)
 - 'p034' 'B' @46  0 (0x00)
 - 'p035' 'B' @47  0 (0x00)
 - 'p036' 'B' @48  0 (0x00)
 - 'p037' 'B' @49  0 (0x00)
 - 'p038' 'B' @50  0 (0x00)
 - 'p039' 'B' @51  0 (0x00)
 - 'p040' 'B' @52  0 (0x00)
 - 'p041' 'B' @53  0 (0x00)
 - 'p042' 'B' @54  0 (0x00)
 - 'p043' 'B' @55  0 (0x00)
 - 'p044' 'B' @56  0 (0x00)
 - 'p045' 'B' @57  0 (0x00)
 - 'p046' 'B' @58  0 (0x00)
 - 'p047' 'B' @59  0 (0x00)
 - 'p048' 'B' @60  0 (0x00)
 - 'p049' 'B' @61  0 (0x00)
 - 'p050' 'B' @62  0 (0x00)
 - 'p051' 'B' @63  0 (0x00)
 - 'p052' 'B' @64  0 (0x00)
 - 'p053' 'B' @65  0 (0x00)
 - 'p054' 'B' @66  0 (0x00)
 - 'p055' 'B' @67  0 (0x00)
 - 'p056' 'B' @68  0 (0x00)
 - 'p057' 'B' @69  0 (0x00)
 - 'p058' 'B' @70  0 (0x00)
 - 'p059' 'B' @71  0 (0x00)
 - 'p060' 'B' @72  0 (0x00)
 - 'p061' 'B' @73  0 (0x00)
 - 'p062' 'B' @74  0 (0x00)
 - 'p063' 'B' @75  0 (0x00)
 - 'timeOfLastUpdateNs' 'J' @80  4510516808644 (0x0000041a2fc08bc4)
 - 'p064' 'B' @76  0 (0x00)
 - 'p065' 'B' @77  0 (0x00)
 - 'p066' 'B' @78  0 (0x00)
 - 'p067' 'B' @79  0 (0x00)
 - 'p068' 'B' @88  0 (0x00)
 - 'p069' 'B' @89  0 (0x00)
 - 'p070' 'B' @90  0 (0x00)
 - 'p071' 'B' @91  0 (0x00)
 - 'p072' 'B' @92  0 (0x00)
 - 'p073' 'B' @93  0 (0x00)
 - 'p074' 'B' @94  0 (0x00)
 - 'p075' 'B' @95  0 (0x00)
 - 'p076' 'B' @96  0 (0x00)
 - 'p077' 'B' @97  0 (0x00)
 - 'p078' 'B' @98  0 (0x00)
 - 'p079' 'B' @99  0 (0x00)
 - 'p080' 'B' @100  0 (0x00)
 - 'p081' 'B' @101  0 (0x00)
 - 'p082' 'B' @102  0 (0x00)
 - 'p083' 'B' @103  0 (0x00)
 - 'p084' 'B' @104  0 (0x00)
 - 'p085' 'B' @105  0 (0x00)
 - 'p086' 'B' @106  0 (0x00)
 - 'p087' 'B' @107  0 (0x00)
 - 'p088' 'B' @108  0 (0x00)
 - 'p089' 'B' @109  0 (0x00)
 - 'p090' 'B' @110  0 (0x00)
 - 'p091' 'B' @111  0 (0x00)
 - 'p092' 'B' @112  0 (0x00)
 - 'p093' 'B' @113  0 (0x00)
 - 'p094' 'B' @114  0 (0x00)
 - 'p095' 'B' @115  0 (0x00)
 - 'p096' 'B' @116  0 (0x00)
 - 'p097' 'B' @117  0 (0x00)
 - 'p098' 'B' @118  0 (0x00)
 - 'p099' 'B' @119  0 (0x00)
 - 'p100' 'B' @120  0 (0x00)
 - 'p101' 'B' @121  0 (0x00)
 - 'p102' 'B' @122  0 (0x00)
 - 'p103' 'B' @123  0 (0x00)
 - 'p104' 'B' @124  0 (0x00)
 - 'p105' 'B' @125  0 (0x00)
 - 'p106' 'B' @126  0 (0x00)
 - 'p107' 'B' @127  0 (0x00)
 - 'p108' 'B' @128  0 (0x00)
 - 'p109' 'B' @129  0 (0x00)
 - 'p110' 'B' @130  0 (0x00)
 - 'p111' 'B' @131  0 (0x00)
 - 'p112' 'B' @132  0 (0x00)
 - 'p113' 'B' @133  0 (0x00)
 - 'p114' 'B' @134  0 (0x00)
 - 'p115' 'B' @135  0 (0x00)
 - 'p116' 'B' @136  0 (0x00)
 - 'p117' 'B' @137  0 (0x00)
 - 'p118' 'B' @138  0 (0x00)
 - 'p119' 'B' @139  0 (0x00)
 - 'p120' 'B' @140  0 (0x00)
 - 'p121' 'B' @141  0 (0x00)
 - 'p122' 'B' @142  0 (0x00)
 - 'p123' 'B' @143  0 (0x00)
 - 'p124' 'B' @144  0 (0x00)
 - 'p125' 'B' @145  0 (0x00)
 - 'p126' 'B' @146  0 (0x00)
 - 'p127' 'B' @147  0 (0x00)
 - private final 'cycleTimeThresholdNs' 'J' @152  100000000 (0x0000000005f5e100)
 - private final 'maxCycleTime' 'Lorg/agrona/concurrent/status/AtomicCounter;' @160  a 'org/agrona/concurrent/status/AtomicCounter'{0x000004000bc00188} (0x04000bc001888a30)
 - private final 'cycleTimeThresholdExceededCount' 'Lorg/agrona/concurrent/status/AtomicCounter;' @168  a 'org/agrona/concurrent/status/AtomicCounter'{0x000004001ef2e7a8} (0x04001ef2e7a88a30)
stack at sp + 6 slots: 0x0000041a2fc08a4d is an unknown value
stack at sp + 7 slots: 0x0000000000000001 is an unknown value


Compiled method (c2) 4426278 3599       4       io.aeron.driver.Receiver::doWork (257 bytes)
 total in heap  [0x00007fe93825a590,0x00007fe93825e100] = 15216
 relocation     [0x00007fe93825a6e8,0x00007fe93825a9d0] = 744
 main code      [0x00007fe93825a9e0,0x00007fe93825cc88] = 8872
 stub code      [0x00007fe93825cc88,0x00007fe93825cdc0] = 312
 oops           [0x00007fe93825cdc0,0x00007fe93825cdc8] = 8
 metadata       [0x00007fe93825cdc8,0x00007fe93825cfb8] = 496
 scopes data    [0x00007fe93825cfb8,0x00007fe93825d950] = 2456
 scopes pcs     [0x00007fe93825d950,0x00007fe93825dde0] = 1168
 dependencies   [0x00007fe93825dde0,0x00007fe93825de48] = 104
 handler table  [0x00007fe93825de48,0x00007fe93825e070] = 552
 nul chk table  [0x00007fe93825e070,0x00007fe93825e100] = 144

[Constant Pool (empty)]

[MachCode]
[Entry Point]
  # {method} {0x00007fe48d4113b0} 'doWork' '()I' in 'io/aeron/driver/Receiver'
  #           [sp+0x80]  (sp of caller)
  0x00007fe93825a9e0: 448b 5608 | 49bb 0000 | 0097 e47f | 0000 4d03 | d349 3bc2 

  0x00007fe93825a9f4: ;   {runtime_call ic_miss_stub}
  0x00007fe93825a9f4: 0f85 8623 | 85ff 6690 | 0f1f 4000 
[Verified Entry Point]
  0x00007fe93825aa00: 8984 2400 | c0fe ff55 | 4883 ec70 | 4181 7f58 | 208a 0000 | 0f85 6322 | 0000 4889 | 7424 204c 
  0x00007fe93825aa20: ;   {other}
  0x00007fe93825aa20: 8b56 4049 | c1ea 100f | 87b3 1500 | 0045 8b5a 

  0x00007fe93825aa30: ;   {metadata('org/agrona/concurrent/SystemNanoClock')}
  0x00007fe93825aa30: 0841 81fb | 0050 2501 | 0f85 560d | 0000 49ba | 8020 324d | e97f 0000 

  0x00007fe93825aa48: ;   {other}
  0x00007fe93825aa48: 41ff d20f | 1f84 0000 | 0000 0048 | 8944 2440 | 4c8b 5c24 | 204d 8b53 

  0x00007fe93825aa60: ;   {other}
  0x00007fe93825aa60: 4849 c1ea | 100f 87a2 | 1500 004d | 85d2 0f84 | f60c 0000 | 4989 4250 | 4c8b 5424 | 204d 8b42 
  0x00007fe93825aa80: ;   {other}
  0x00007fe93825aa80: 6849 c1e8 | 100f 87b7 | 1500 0045 | 8b58 0848 | 8be8 492b | 6850 4989 

  0x00007fe93825aa98: ;   {metadata('io/aeron/driver/status/DutyCycleStallTracker')}
  0x00007fe93825aa98: 4050 4181 | fb38 0425 | 010f 8509 | 0d00 004c | 8944 2428 | 4d8b 90a0 

  0x00007fe93825aab0: ;   {other}
  0x00007fe93825aab0: 0000 0049 | c1ea 100f | 87ba 1500 | 0045 0fb6 | 5a18 4585 | db0f 85a9 | 0d00 0049 | 8b52 1049 
  0x00007fe93825aad0: ;   {other}
  0x00007fe93825aad0: 8b72 2048 | c1ee 100f | 87cd 1500 | 004c 8bd6 | 4d8b 1412 | 4c3b d50f | 8cff 0900 | 004c 8b54 
  0x00007fe93825aaf0: 2428 4d8b | 9298 0000 | 0049 3bea | 0f8f be0d | 0000 4c8b | 5424 204d 

  0x00007fe93825ab08: ;   {other}
  0x00007fe93825ab08: 8b5a 2849 | c1eb 100f | 87ca 1500 | 004c 895c | 2428 4d8b | 9ba8 0000 | 004c 8b54 | 2428 458b 
  0x00007fe93825ab28: 92ec 0000 | 0041 ffca | 4963 d249 | 23d3 48c1 | e203 4c8b | 5424 2849 | 8bb2 f000 

  0x00007fe93825ab44: ;   {other}
  0x00007fe93825ab44: 0000 48c1 | ee10 0f87 | bc15 0000 | 488b 6c16 

  0x00007fe93825ab54: ;   {other}
  0x00007fe93825ab54: 1048 c1ed | 100f 87f4 | 1500 0048 | 85ed 0f85 | 5005 0000 | 4533 c94c | 8b54 2420 | 4d8b 4220 
  0x00007fe93825ab74: ;   {other}
  0x00007fe93825ab74: 49c1 e810 | 0f87 1816 | 0000 4d85 | c00f 84f9 | 0b00 0041 | c740 0c00 | 0000 0049 

  0x00007fe93825ab90: ;   {other}
  0x00007fe93825ab90: 8b68 5048 | c1ed 100f | 872e 1600 | 0044 8b5d | 1041 83fb | 050f 8f45 | 0d00 0049 | 8b87 b801 
  0x00007fe93825abb0: 0000 4c8b | d049 83c2 | 204d 3b97 | c801 0000 | 0f83 ed03 | 0000 4d89 | 97b8 0100 | 0041 0f0d 
  0x00007fe93825abd0: 8ac0 0000 | 0048 c700 | 0100 0000 

  0x00007fe93825abdc: ;   {metadata('java/util/ArrayList$Itr')}
  0x00007fe93825abdc: c740 0890 | 3c1a 00c7 | 400c 0000 | 0000 48c7 | 4018 0000 | 0000 448b | 550c 41bc | ffff ffff 
  0x00007fe93825abfc: 4c89 6010 | 4489 5014 

  0x00007fe93825ac04: ;   {other}
  0x00007fe93825ac04: 4c8b d549 | c1e2 1049 | 81ca 208a 

  0x00007fe93825ac10: ;   {other}
  0x00007fe93825ac10: 0000 4c89 | 5018 4585 | db0f 8584 | 0200 0041 | 8b48 0c4c | 63d1 4c8b | 4424 204d 

  0x00007fe93825ac2c: ;   {other}
  0x00007fe93825ac2c: 8b58 3049 | c1eb 100f | 87d3 1500 | 004d 8b43 | 104d 8b63 

  0x00007fe93825ac40: ;   {other}
  0x00007fe93825ac40: 2049 c1ec | 100f 870a | 1600 004d | 8bdc 4f8b | 1c03 4d03 | da4f 891c | 044c 8b54 | 2420 498b 
  0x00007fe93825ac60: ;   {other}
  0x00007fe93825ac60: 5250 48c1 | ea10 0f87 | 3e16 0000 

  0x00007fe93825ac6c: ; implicit exception: dispatches to 0x00007fe93825bdac
  0x00007fe93825ac6c: 448b 5a0c | 458d 43ff | 4585 c00f | 8caa 0100 | 0045 85db | 0f86 2c0d | 0000 453b | c30f 8323 
  0x00007fe93825ac8c: 0d00 004a | 8b5c c210 

  0x00007fe93825ac94: ;   {other}
  0x00007fe93825ac94: 48c1 eb10 | 0f87 4d16 | 0000 4c8b | 9398 0100 | 004c 0393 | c800 0000 | 4c2b 5424 | 404d 85d2 
  0x00007fe93825acb4: 0f8c 220d | 0000 440f | b693 db01 | 0000 4585 | d20f 858d | 0800 0044 | 0fb6 93d1 | 0000 0045 
  0x00007fe93825acd4: 85d2 7511 | 440f b693 | d000 0000 | 4585 d20f | 8525 0300 | 004c 8ba3 | 3001 0000 | 440f b69b 
  0x00007fe93825acf4: d901 0000 | 4585 db0f | 846f 0d00 | 004c 8b9b | 5801 0000 | 4c2b 5c24 | 404d 85db | 0f8c 3104 
  0x00007fe93825ad14: 0000 33ed | 4c8b 93e0 

  0x00007fe93825ad1c: ;   {other}
  0x00007fe93825ad1c: 0000 0049 | c1ea 100f | 870d 1600 | 004d 85d2 | 0f85 820d | 0000 4d85 | db0f 8c16 | 0400 0033 
  0x00007fe93825ad3c: ed4c 8b93 | 4001 0000 | 4d3b e20f | 853d 0200 | 0085 ed0f | 8535 0200 | 0045 33db | 4c8b 9380 
  0x00007fe93825ad5c: ;   {other}
  0x00007fe93825ad5c: 0200 0049 | c1ea 100f | 8728 1600 | 0045 8b62 | 0845 03d9 

  0x00007fe93825ad70: ;   {metadata('io/aeron/driver/buffer/MappedRawLog')}
  0x00007fe93825ad70: 4181 fc90 | 3329 010f | 858d 0a00 | 004d 8b4a 

  0x00007fe93825ad80: ;   {other}
  0x00007fe93825ad80: 2049 c1e9 | 100f 8761 | 1600 0045 | 8b61 0c41 | 8bfc 81cf | f001 0000 | 83cf 0185 | ff0f 8c85 
  0x00007fe93825ada0: 0c00 0045 | 8d94 2410 | feff ff41 | 83fa 010f | 8c3b 0d00 | 004d 8b51 | 104d 8b61 

  0x00007fe93825adbc: ;   {other}
  0x00007fe93825adbc: 1849 c1ec | 100f 877a | 1600 0047 | 0fbe 9414 | f001 0000 | 4183 fa01 | 0f84 5e0d | 0000 4c8b 
  0x00007fe93825addc: 9378 0100 | 004c 8b8b | 8001 0000 | 4d3b d10f | 857b 0d00 | 004c 8b93 | 1002 0000 

  0x00007fe93825adf8: ;   {other}
  0x00007fe93825adf8: 49c1 ea10 | 0f87 9c16 | 0000 458b 

  0x00007fe93825ae04: ;   {metadata('io/aeron/driver/StaticWindowCongestionControl')}
  0x00007fe93825ae04: 6208 4181 | fc70 e629 | 010f 852d | 0a00 0041 | ffc8 4183 | f8ff 7e08 | 458b cbe9 | 6bfe ffff 
  0x00007fe93825ae24: 458b cb4c | 8b5c 2420 | 4d8b 5358 

  0x00007fe93825ae30: ;   {other}
  0x00007fe93825ae30: 49c1 ea10 | 0f87 b316 | 0000 458b | 5a10 41ff | cb45 85db | 0f8d ca0a | 0000 4c8b | 5424 204d 
  0x00007fe93825ae50: 8b52 104d | 85d2 0f8e | 340a 0000 | 4c8b 5c24 | 204d 8b5b | 184c 2b5c | 2440 4d85 | db0f 8cc2 
  0x00007fe93825ae70: 0700 0041 | 8d04 0948 | 83c4 705d 

  0x00007fe93825ae7c: ;   {poll_return}
  0x00007fe93825ae7c: 493b a758 | 0400 000f | 87de 1d00 | 00c3 48ff | 7424 1048 | 8f44 2420 | 48ff 7424 | 1848 8f44 
  0x00007fe93825ae9c: 2440 448b | 4c24 0c48 | 8944 2430 | 4c89 4424 | 2844 894c | 240c 48ff | 7424 4048 | 8f44 2418 
  0x00007fe93825aebc: 48ff 7424 | 2048 8f44 | 2410 488b | f048 8b6c 

  0x00007fe93825aecc: ;   {optimized virtual_call}
  0x00007fe93825aecc: 2420 90e8 

  0x00007fe93825aed0: ; ImmutableOopMap {rbp=Oop [16]=Oop [40]=Oop [48]=Oop }
                      ;*invokeinterface next {reexecute=0 rethrow=0 return_oop=1}
                      ; - io.aeron.driver.media.DataTransportPoller::pollTransports@36 (line 101)
                      ; - io.aeron.driver.Receiver::doWork@60 (line 117)
  0x00007fe93825aed0: 6cec 0500 

  0x00007fe93825aed4: ;   {other}
  0x00007fe93825aed4: 0f1f 8400 | 4409 0000 

  0x00007fe93825aedc: ; implicit exception: dispatches to 0x00007fe93825be24
  0x00007fe93825aedc: 448b 5808 

  0x00007fe93825aee0: ;   {metadata('io/aeron/driver/media/DataTransportPoller$ChannelAndTransport')}
  0x00007fe93825aee0: 4181 fb18 | 0229 010f | 85e3 0d00 | 0048 8be8 | 488b 7518 

  0x00007fe93825aef4: ;   {other}
  0x00007fe93825aef4: 48c1 ee10 | 0f87 3016 | 0000 4c8b | 5c24 284d 

  0x00007fe93825af04: ;   {other}
  0x00007fe93825af04: 8b53 2049 | c1ea 100f | 8738 1600 | 0048 85f6 | 0f84 aa0c | 0000 4c89 | 5c24 2049 

  0x00007fe93825af20: ;   {optimized virtual_call}
  0x00007fe93825af20: 8bd2 90e8 

  0x00007fe93825af24: ; ImmutableOopMap {rbp=Oop [16]=Oop [32]=Oop [48]=Oop }
                      ;*invokevirtual receive {reexecute=0 rethrow=0 return_oop=1}
                      ; - io.aeron.driver.media.DataTransportPoller::receive@8 (line 222)
                      ; - io.aeron.driver.media.DataTransportPoller::poll@2 (line 212)
                      ; - io.aeron.driver.media.DataTransportPoller::pollTransports@47 (line 103)
                      ; - io.aeron.driver.Receiver::doWork@60 (line 117)
  0x00007fe93825af24: f87d 0d00 

  0x00007fe93825af28: ;   {other}
  0x00007fe93825af28: 0f1f 8400 | 9809 0001 | 4885 c00f | 85f5 0200 | 004c 8b44 | 2420 4d8b | 9f60 0400 

  0x00007fe93825af44: ; ImmutableOopMap {r8=Oop [16]=Oop [48]=Oop }
                      ;*goto {reexecute=1 rethrow=0 return_oop=0}
                      ; - (reexecute) io.aeron.driver.media.DataTransportPoller::pollTransports@50 (line 104)
                      ; - io.aeron.driver.Receiver::doWork@60 (line 117)
                      ;   {poll}
  0x00007fe93825af44: 0041 8503 | 488b 4424 | 304c 8b50 

  0x00007fe93825af50: ;   {other}
  0x00007fe93825af50: 1849 c1ea | 100f 8723 | 1600 0045 | 8b5a 1044 | 8b50 0c45 | 3bd3 0f85 | 1eff ffff | 48ff 7424 
  0x00007fe93825af70: 1048 8f44 | 2420 48ff | 7424 1848 | 8f44 2440 | 448b 4c24 | 0ce9 95fc | ffff 448b | 9b24 0100 
  0x00007fe93825af90: 0048 8bbb | 3801 0000 | 4c8b 9328 | 0100 004d | 3be2 0f84 | 9603 0000 | 41bb 0100 | 0000 e9a5 
  0x00007fe93825afb0: fdff ff44 | 895c 2430 | 4c89 4424 | 2844 894c | 240c 48ff | 7424 4048 | 8f44 2418 | 48ff 7424 
  0x00007fe93825afd0: 2048 8f44 

  0x00007fe93825afd4: ;   {metadata('java/util/ArrayList$Itr')}
  0x00007fe93825afd4: 2410 48be | 903c 1a97 | e47f 0000 

  0x00007fe93825afe0: ;   {runtime_call _new_instance_Java}
  0x00007fe93825afe0: 6666 90e8 

  0x00007fe93825afe4: ; ImmutableOopMap {rbp=Oop [16]=Oop [40]=Oop }
                      ;*new {reexecute=0 rethrow=0 return_oop=1}
                      ; - java.util.ArrayList::iterator@0 (line 1029)
                      ; - io.aeron.driver.media.DataTransportPoller::pollTransports@22 (line 101)
                      ; - io.aeron.driver.Receiver::doWork@60 (line 117)
  0x00007fe93825afe4: 18a4 87ff 

  0x00007fe93825afe8: ;   {other}
  0x00007fe93825afe8: 0f1f 8400 | 580a 0003 | 48ff 7424 | 1048 8f44 | 2420 448b | 4c24 0c4c | 8b44 2428 | 448b 5c24 
  0x00007fe93825b008: 30e9 e4fb | ffff 488b | b320 0200 

  0x00007fe93825b014: ;   {other}
  0x00007fe93825b014: 0048 c1ee | 100f 8794 | 1500 0048 | 85f6 0f84 | c40b 0000 | 4889 5c24 | 3044 8944 | 241c 4889 
  0x00007fe93825b034: 5424 2889 | 4c24 1844 | 894c 240c | 488b 6c24 

  0x00007fe93825b044: ;   {optimized virtual_call}
  0x00007fe93825b044: 2066 90e8 

  0x00007fe93825b048: ; ImmutableOopMap {rbp=Oop [40]=Oop [48]=Oop }
                      ;*invokevirtual getVolatile {reexecute=0 rethrow=0 return_oop=0}
                      ; - io.aeron.driver.PublicationImage::checkEosForDrainTransition@18 (line 730)
                      ; - io.aeron.driver.Receiver::doWork@117 (line 126)
  0x00007fe93825b048: 3420 85ff 

  0x00007fe93825b04c: ;   {other}
  0x00007fe93825b04c: 0f1f 8400 | bc0a 0004 | 4889 4424 | 204c 8b54 | 2430 498b | b200 0200 

  0x00007fe93825b064: ;   {other}
  0x00007fe93825b064: 0048 c1ee | 100f 8793 | 1500 0048 | 85f6 0f84 | 880b 0000 

  0x00007fe93825b078: ;   {optimized virtual_call}
  0x00007fe93825b078: 6666 90e8 

  0x00007fe93825b07c: ; ImmutableOopMap {rbp=Oop [40]=Oop [48]=Oop }
                      ;*invokevirtual get {reexecute=0 rethrow=0 return_oop=0}
                      ; - io.aeron.driver.PublicationImage::checkEosForDrainTransition@25 (line 730)
                      ; - io.aeron.driver.Receiver::doWork@117 (line 126)
  0x00007fe93825b07c: 0020 85ff 

  0x00007fe93825b080: ;   {other}
  0x00007fe93825b080: 0f1f 8400 | f00a 0005 | 4c8b 5424 | 204c 3bd0 | 0f84 0706 | 0000 4889 | 6c24 2044 | 8b4c 240c 
  0x00007fe93825b0a0: 8b4c 2418 | 488b 5424 | 2844 8b44 | 241c 488b | 5c24 30e9 | 31fc ffff | 4883 c210 | 33c9 4c89 
  0x00007fe93825b0c0: ;   {static_call}
  0x00007fe93825b0c0: 5c24 38e8 

  0x00007fe93825b0c4: ; ImmutableOopMap {rbp=Oop [32]=Oop [40]=Oop }
                      ;*invokestatic putReferenceRelease {reexecute=0 rethrow=0 return_oop=0}
                      ; - org.agrona.concurrent.OneToOneConcurrentArrayQueue::poll@41 (line 89)
                      ; - io.aeron.driver.Receiver::doWork@32 (line 110)
  0x00007fe93825b0c4: b825 85ff 

  0x00007fe93825b0c8: ;   {other}
  0x00007fe93825b0c8: 0f1f 8400 | 380b 0006 | 4c8b 5424 | 3849 83c2 | 01ba a800 | 0000 488b | 7424 2849 

  0x00007fe93825b0e4: ;   {static_call}
  0x00007fe93825b0e4: 8bca 90e8 

  0x00007fe93825b0e8: ; ImmutableOopMap {rbp=Oop [32]=Oop }
                      ;*invokestatic putLongRelease {reexecute=0 rethrow=0 return_oop=0}
                      ; - org.agrona.concurrent.OneToOneConcurrentArrayQueue::poll@51 (line 90)
                      ; - io.aeron.driver.Receiver::doWork@32 (line 110)
  0x00007fe93825b0e8: 9425 85ff 

  0x00007fe93825b0ec: ;   {other}
  0x00007fe93825b0ec: 0f1f 8400 | 5c0b 0007 | 448b 5508 

  0x00007fe93825b0f8: ;   {metadata('java/lang/Runnable')}
  0x00007fe93825b0f8: 48b8 789f | 0197 e47f | 0000 48be | 0000 0097 | e47f 0000 | 4903 f24c | 8b56 204c | 3bd0 0f85 
  0x00007fe93825b118: e503 0000 | 488b f548 | 8b6c 2420 | 9048 b8ff | ffff ffff 

  0x00007fe93825b12c: ;   {virtual_call}
  0x00007fe93825b12c: ffff ffe8 

  0x00007fe93825b130: ; ImmutableOopMap {rbp=Oop [32]=Oop }
                      ;*invokeinterface run {reexecute=0 rethrow=0 return_oop=0}
                      ; - io.aeron.driver.Receiver::doWork@48 (line 113)
  0x00007fe93825b130: 4c22 85ff 

  0x00007fe93825b134: ;   {other}
  0x00007fe93825b134: 0f1f 8400 | a40b 0008 | 41b9 0100 | 0000 e924 | faff ffbd | 0100 0000 | e9c7 fbff | ff4c 8b93 
  0x00007fe93825b154: 8000 0000 

  0x00007fe93825b158: ;   {other}
  0x00007fe93825b158: 49c1 ea10 | 0f87 d314 | 0000 4d85 | d20f 84d2 | fbff ff45 | 8b5a 0c8b | 83c8 0100 | 0044 8b93 
  0x00007fe93825b178: c401 0000 | 488b b3f0 

  0x00007fe93825b180: ;   {other}
  0x00007fe93825b180: 0100 0048 | c1ee 100f | 87f7 1400 | 0048 8bbb | d800 0000 

  0x00007fe93825b194: ;   {other}
  0x00007fe93825b194: 48c1 ef10 | 0f87 5515 | 0000 4885 | f60f 84a9 | 0a00 004c | 8bef 418b | fa4c 8964 | 2448 4889 
  0x00007fe93825b1b4: 5c24 3844 | 8944 242c | 4889 5424 | 3089 4c24 | 2844 894c | 240c 48ff | 7424 4048 | 8f44 2418 
  0x00007fe93825b1d4: 48ff 7424 | 2048 8f44 | 2410 498b | d58b cf44 | 8bc0 458b 

  0x00007fe93825b1e8: ;   {optimized virtual_call}
  0x00007fe93825b1e8: cb66 90e8 

  0x00007fe93825b1ec: ; ImmutableOopMap {[16]=Oop [48]=Oop [56]=Oop }
                      ;*invokevirtual sendResponseSetup {reexecute=0 rethrow=0 return_oop=0}
                      ; - io.aeron.driver.PublicationImage::sendPendingStatusMessage@130 (line 771)
                      ; - io.aeron.driver.Receiver::doWork@124 (line 128)
  0x00007fe93825b1ec: 901e 85ff 

  0x00007fe93825b1f0: ;   {other}
  0x00007fe93825b1f0: 0f1f 8400 | 600c 0009 | 48ff 7424 | 1048 8f44 | 2420 48ff | 7424 1848 | 8f44 2440 | 448b 4c24 
  0x00007fe93825b210: 0c8b 4c24 | 2848 8b54 | 2430 448b | 4424 2c48 | 8b5c 2438 | 4c8b 6424 | 48e9 0ffb | ffff 4c8b 
  0x00007fe93825b230: 5424 204d 

  0x00007fe93825b234: ;   {other}
  0x00007fe93825b234: 8b5a 2049 | c1eb 100f | 8726 1500 | 0045 8b5b | 1845 8b42 | 0c45 03c3 | 4589 420c | 4d8b c84c 
  0x00007fe93825b254: ;   {other}
  0x00007fe93825b254: 8b4d 1049 | c1e9 100f | 873b 1500 | 0049 8b4a 

  0x00007fe93825b264: ;   {other}
  0x00007fe93825b264: 2848 c1e9 | 100f 876e | 1500 004d | 85c9 0f84 | 9c09 0000 | 4c89 4c24 | 4044 895c | 2438 4889 
  0x00007fe93825b284: 4424 2849 | 8bf1 488b | d141 8bcb 

  0x00007fe93825b290: ;   {optimized virtual_call}
  0x00007fe93825b290: 6666 90e8 

  0x00007fe93825b294: ; ImmutableOopMap {rbp=Oop [16]=Oop [32]=Oop [40]=Oop [48]=Oop [64]=Oop }
                      ;*invokevirtual isValidFrame {reexecute=0 rethrow=0 return_oop=0}
                      ; - io.aeron.driver.media.DataTransportPoller::receive@48 (line 230)
                      ; - io.aeron.driver.media.DataTransportPoller::poll@2 (line 212)
                      ; - io.aeron.driver.media.DataTransportPoller::pollTransports@47 (line 103)
                      ; - io.aeron.driver.Receiver::doWork@60 (line 117)
  0x00007fe93825b294: 289c 2900 

  0x00007fe93825b298: ;   {other}
  0x00007fe93825b298: 0f1f 8400 | 080d 000a | 85c0 0f84 | 3b04 0000 | 4c8b 5424 | 2049 8b72 

  0x00007fe93825b2b0: ;   {other}
  0x00007fe93825b2b0: 2848 c1ee | 100f 876b | 1500 0033 

  0x00007fe93825b2bc: ;   {static_call}
  0x00007fe93825b2bc: d266 90e8 

  0x00007fe93825b2c0: ; ImmutableOopMap {rbp=Oop [16]=Oop [32]=Oop [40]=Oop [48]=Oop [64]=Oop }
                      ;*invokestatic frameType {reexecute=0 rethrow=0 return_oop=0}
                      ; - io.aeron.driver.media.DataTransportPoller::receive@70 (line 234)
                      ; - io.aeron.driver.media.DataTransportPoller::poll@2 (line 212)
                      ; - io.aeron.driver.media.DataTransportPoller::pollTransports@47 (line 103)
                      ; - io.aeron.driver.Receiver::doWork@60 (line 117)
  0x00007fe93825b2c0: 5ca0 2900 

  0x00007fe93825b2c4: ;   {other}
  0x00007fe93825b2c4: 0f1f 8400 | 340d 000b | 8b7d 0c4c | 8b44 2420 | 498b 4828 

  0x00007fe93825b2d8: ;   {other}
  0x00007fe93825b2d8: 48c1 e910 | 0f87 7115 | 0000 83f8 | 010f 8402 | 0400 0085 | c00f 84fa | 0300 0083 | f805 0f84 
  0x00007fe93825b2f8: 2a04 0000 | 83f8 060f | 8539 fcff | ff49 8b50 

  0x00007fe93825b308: ;   {other}
  0x00007fe93825b308: 4048 c1ea | 100f 8781 | 1500 0048 | 8b74 2440 | 448b 4424 | 384c 8b4c | 2428 488b 

  0x00007fe93825b324: ;   {optimized virtual_call}
  0x00007fe93825b324: 6c24 10e8 

  0x00007fe93825b328: ; ImmutableOopMap {rbp=Oop [16]=Oop [32]=Oop [48]=Oop }
                      ;*invokevirtual onRttMeasurement {reexecute=0 rethrow=0 return_oop=0}
                      ; - io.aeron.driver.media.DataTransportPoller::receive@161 (line 247)
                      ; - io.aeron.driver.media.DataTransportPoller::poll@2 (line 212)
                      ; - io.aeron.driver.media.DataTransportPoller::pollTransports@47 (line 103)
                      ; - io.aeron.driver.Receiver::doWork@60 (line 117)
  0x00007fe93825b328: 541d 85ff 

  0x00007fe93825b32c: ;   {other}
  0x00007fe93825b32c: 0f1f 8400 | 9c0d 000c | 4c8b 4424 | 20e9 00fc | ffff 4889 | 7c24 5044 | 895c 2448 | 4c89 6424 
  0x00007fe93825b34c: 3844 8944 | 242c 4889 | 5424 3089 | 4c24 2844 | 894c 240c | 48ff 7424 | 4048 8f44 | 2418 48ff 
  0x00007fe93825b36c: 7424 2048 | 8f44 2410 | 8b93 cc01 | 0000 8b8b | d401 0000 | 488b eb48 

  0x00007fe93825b384: ;   {static_call}
  0x00007fe93825b384: 8bf7 90e8 

  0x00007fe93825b388: ; ImmutableOopMap {rbp=Oop [16]=Oop [48]=Oop }
                      ;*invokestatic computeTermIdFromPosition {reexecute=0 rethrow=0 return_oop=0}
                      ; - io.aeron.driver.PublicationImage::sendPendingStatusMessage@186 (line 783)
                      ; - io.aeron.driver.Receiver::doWork@124 (line 128)
  0x00007fe93825b388: 74ec 1d00 

  0x00007fe93825b38c: ;   {other}
  0x00007fe93825b38c: 0f1f 8400 | fc0d 000d | 4c8b e545 | 0fb6 9c24 | d100 0000 | 4585 db0f | 84b9 0300 | 0041 b840 
  0x00007fe93825b3ac: 0000 0041 | 8bac 24d0 | 0100 0045 | 8b9c 24c8 | 0100 0045 | 8b94 24c4 | 0100 0048 | 8b5c 2450 
  0x00007fe93825b3cc: 448b cb44 | 23cd 498b | b424 f001 

  0x00007fe93825b3d8: ;   {other}
  0x00007fe93825b3d8: 0000 48c1 | ee10 0f87 | f114 0000 | 498b 8c24 | d800 0000 

  0x00007fe93825b3ec: ;   {other}
  0x00007fe93825b3ec: 48c1 e910 | 0f87 3c15 | 0000 4885 | f60f 8475 | 0800 0048 | 8bd1 418b | f941 8bca | 458b e848 
  0x00007fe93825b40c: 895c 2440 | 4c89 6424 | 20ff c545 | 8bc3 448b | c844 8b54 | 2448 4489 | 1424 4489 

  0x00007fe93825b428: ;   {optimized virtual_call}
  0x00007fe93825b428: 6c24 08e8 

  0x00007fe93825b42c: ; ImmutableOopMap {[16]=Oop [32]=Oop [48]=Oop }
                      ;*invokevirtual sendStatusMessage {reexecute=0 rethrow=0 return_oop=0}
                      ; - io.aeron.driver.PublicationImage::sendPendingStatusMessage@248 (line 788)
                      ; - io.aeron.driver.Receiver::doWork@124 (line 128)
  0x00007fe93825b42c: 3044 feff 

  0x00007fe93825b430: ;   {other}
  0x00007fe93825b430: 0f1f 8400 | a00e 000e | 4c8b 5424 | 2049 8bb2 | 3802 0000 

  0x00007fe93825b444: ;   {other}
  0x00007fe93825b444: 48c1 ee10 | 0f87 4915 | 0000 4885 | f60f 844d | 0800 004c | 8954 2448 

  0x00007fe93825b45c: ;   {optimized virtual_call}
  0x00007fe93825b45c: 6666 90e8 

  0x00007fe93825b460: ; ImmutableOopMap {[16]=Oop [48]=Oop [72]=Oop }
                      ;*invokevirtual incrementRelease {reexecute=0 rethrow=0 return_oop=0}
                      ; - io.aeron.driver.PublicationImage::sendPendingStatusMessage@255 (line 791)
                      ; - io.aeron.driver.Receiver::doWork@124 (line 128)
  0x00007fe93825b460: bc66 2b00 

  0x00007fe93825b464: ;   {other}
  0x00007fe93825b464: 0f1f 8400 | d40e 000f | 4c8b 4424 | 484c 8b4c | 2440 4d89 | 8848 0100 | 004c 8b54 | 2438 4d89 
  0x00007fe93825b484: 9040 0100 | 004c 8b54 | 2418 4d03 | 9060 0100 | 004d 8990 | 5801 0000 | d1fd 4c63 | dd4d 03d9 
  0x00007fe93825b4a4: 4d89 9850 | 0100 0049 | 8bf0 488b 

  0x00007fe93825b4b0: ;   {optimized virtual_call}
  0x00007fe93825b4b0: 6c24 10e8 

  0x00007fe93825b4b4: ; ImmutableOopMap {rbp=Oop [48]=Oop [72]=Oop }
                      ;*invokevirtual updateActiveTransportCount {reexecute=0 rethrow=0 return_oop=0}
                      ; - io.aeron.driver.PublicationImage::sendPendingStatusMessage@294 (line 798)
                      ; - io.aeron.driver.Receiver::doWork@124 (line 128)
  0x00007fe93825b4b4: 4899 3e00 

  0x00007fe93825b4b8: ;   {other}
  0x00007fe93825b4b8: 0f1f 8400 | 280f 0010 | 4889 6c24 | 2048 ff74 | 2418 488f | 4424 4044 | 8b4c 240c | 8b4c 2428 
  0x00007fe93825b4d8: 488b 5424 | 3044 8b44 | 242c 488b | 5c24 48e9 | bcfa ffff 

  0x00007fe93825b4ec: ;   {static_call}
  0x00007fe93825b4ec: 488b cde8 

  0x00007fe93825b4f0: ; ImmutableOopMap {[32]=Oop [40]=Oop }
                      ;*invokestatic putLongRelease {reexecute=0 rethrow=0 return_oop=0}
                      ; - org.agrona.concurrent.status.AtomicCounter::proposeMaxRelease@31 (line 701)
                      ; - io.aeron.driver.status.DutyCycleStallTracker::reportMeasurement@15 (line 87)
                      ; - io.aeron.driver.DutyCycleTracker::measureAndUpdate@14 (line 68)
                      ; - io.aeron.driver.Receiver::doWork@23 (line 107)
  0x00007fe93825b4f0: 8c21 85ff 

  0x00007fe93825b4f4: ;   {other}
  0x00007fe93825b4f4: 0f1f 8400 | 640f 0011 | e9ec f5ff | ff48 33ff | 4c8b 9ea0 | 0000 0049 | 8bd3 48c1 | e20b 0f89 
  0x00007fe93825b514: 2100 0000 | f348 0fb8 | d248 8b5e | 2848 3b04 | d374 1549 | 0fba e335 | 730b 49c1 

  0x00007fe93825b530: ;   {runtime_call StubRoutines (compiler stubs)}
  0x00007fe93825b530: cb34 e840 | 3987 ffeb | 0348 ffc7 | 4885 ff0f | 84d7 fbff | ffbe deff 

  0x00007fe93825b548: ;   {runtime_call UncommonTrapBlob}
  0x00007fe93825b548: ffff 90e8 

  0x00007fe93825b54c: ; ImmutableOopMap {rbp=Oop }
                      ;*checkcast {reexecute=0 rethrow=0 return_oop=0}
                      ; - io.aeron.driver.Receiver::doWork@35 (line 110)
  0x00007fe93825b54c: b072 85ff 

  0x00007fe93825b550: ;   {other}
  0x00007fe93825b550: 0f1f 8400 | c00f 0012 | 4c8b 5424 | 2049 8b72 

  0x00007fe93825b560: ;   {other}
  0x00007fe93825b560: 5048 c1ee | 100f 875f | 1400 0044 | 8b5e 0c41 | 83fb 010f | 845b 0200 | 0048 895c | 2430 4489 
  0x00007fe93825b580: 4424 1c48 | 8954 2428 | 894c 2418 | 4489 4c24 | 0c48 ff74 | 2440 488f | 4424 1048 | 8b6c 2420 
  0x00007fe93825b5a0: ;   {static_call}
  0x00007fe93825b5a0: 418b d0e8 

  0x00007fe93825b5a4: ; ImmutableOopMap {rbp=Oop [40]=Oop [48]=Oop }
                      ;*invokestatic remove {reexecute=0 rethrow=0 return_oop=1}
                      ; - io.aeron.driver.Receiver::doWork@171 (line 135)
  0x00007fe93825b5a4: d820 85ff 

  0x00007fe93825b5a8: ;   {other}
  0x00007fe93825b5a8: 0f1f 8400 | 1810 0013 | 4c8b d044 

  0x00007fe93825b5b4: ;   {metadata('io/aeron/driver/PublicationImage'[])}
  0x00007fe93825b5b4: 8b40 0841 | 81f8 88a4 | 2701 0f85 | 3007 0000 | f745 50d0 

  0x00007fe93825b5c8: ;   {other}
  0x00007fe93825b5c8: 7500 000f | 854e 1400 | 004d 8bda 

  0x00007fe93825b5d4: ;   {other}
  0x00007fe93825b5d4: 49c1 e310 | 4981 cb20 

  0x00007fe93825b5dc: ;   {other}
  0x00007fe93825b5dc: 8a00 004c | 895d 5048 | 8b74 2430 

  0x00007fe93825b5e8: ;   {optimized virtual_call}
  0x00007fe93825b5e8: 6666 90e8 

  0x00007fe93825b5ec: ; ImmutableOopMap {rbp=Oop [40]=Oop [48]=Oop }
                      ;*invokevirtual removeFromDispatcher {reexecute=0 rethrow=0 return_oop=0}
                      ; - io.aeron.driver.Receiver::doWork@182 (line 136)
  0x00007fe93825b5ec: 901a 85ff 

  0x00007fe93825b5f0: ;   {other}
  0x00007fe93825b5f0: 0f1f 8400 | 6010 0014 | 4c8b 5424 | 3041 c682 | dc01 0000 | 01f0 8344 | 24c0 0044 | 8b5c 240c 
  0x00007fe93825b610: 41ff c348 | 896c 2420 | 48ff 7424 | 1048 8f44 | 2440 8b4c | 2418 488b | 5424 2844 | 8b44 241c 
  0x00007fe93825b630: e9de f7ff | ff4c 8b5c | 2440 4d03 | da4c 8b54 | 2420 4d89 | 5a18 498b 

  0x00007fe93825b648: ;   {other}
  0x00007fe93825b648: 7220 48c1 | ee10 0f87 | 3214 0000 | 4c8b 5c24 | 204d 8b53 

  0x00007fe93825b65c: ;   {other}
  0x00007fe93825b65c: 6049 c1ea | 100f 8760 | 1400 0048 | 85f6 0f84 | 4806 0000 | 4d8b da89 | 4c24 0c41 | 8be9 488b 
  0x00007fe93825b67c: 5424 4049 

  0x00007fe93825b680: ;   {optimized virtual_call}
  0x00007fe93825b680: 8bcb 90e8 

  0x00007fe93825b684: ; ImmutableOopMap {}
                      ;*invokevirtual checkForReResolutions {reexecute=0 rethrow=0 return_oop=0}
                      ; - io.aeron.driver.Receiver::doWork@246 (line 147)
  0x00007fe93825b684: b872 aff8 

  0x00007fe93825b688: ;   {other}
  0x00007fe93825b688: 0f1f 8400 | f810 0015 | 448d 4d01 | 8b4c 240c | e9d6 f7ff 

  0x00007fe93825b69c: ;   {oop(a 'io/aeron/driver/PublicationImage$State'{0x000004001c8004f0})}
  0x00007fe93825b69c: ff49 baf0 | 0480 1c00 | 0400 0048 | 8b5c 2430 | 4c8b 9be0 

  0x00007fe93825b6b0: ;   {other}
  0x00007fe93825b6b0: 0100 0049 | c1eb 100f | 8753 1400 | 004d 3bda | 0f84 7602 | 0000 4889 | 6c24 2044 | 8b4c 240c 
  0x00007fe93825b6d0: 8b4c 2418 | 488b 5424 | 2844 8b44 | 241c e906 | f6ff ff4c | 8b44 2420 | e951 f8ff | ff49 8b50 
  0x00007fe93825b6f0: ;   {other}
  0x00007fe93825b6f0: 3048 c1ea | 100f 8748 | 1400 0048 | 8b74 2440 | 448b 4424 | 384c 8b4c | 2428 488b 

  0x00007fe93825b70c: ;   {optimized virtual_call}
  0x00007fe93825b70c: 6c24 10e8 

  0x00007fe93825b710: ; ImmutableOopMap {rbp=Oop [16]=Oop [32]=Oop [48]=Oop }
                      ;*invokevirtual onDataPacket {reexecute=0 rethrow=0 return_oop=0}
                      ; - io.aeron.driver.media.DataTransportPoller::receive@103 (line 237)
                      ; - io.aeron.driver.media.DataTransportPoller::poll@2 (line 212)
                      ; - io.aeron.driver.media.DataTransportPoller::pollTransports@47 (line 103)
                      ; - io.aeron.driver.Receiver::doWork@60 (line 117)
  0x00007fe93825b710: ccd0 2700 

  0x00007fe93825b714: ;   {other}
  0x00007fe93825b714: 0f1f 8400 | 8411 0016 | 4c8b 4424 | 20e9 18f8 | ffff 498b 

  0x00007fe93825b728: ;   {other}
  0x00007fe93825b728: 5038 48c1 | ea10 0f87 | 5014 0000 | 488b 7424 | 4044 8b44 | 2438 4c8b | 4c24 2848 | 8b6c 2410 
  0x00007fe93825b748: ;   {optimized virtual_call}
  0x00007fe93825b748: 6666 90e8 

  0x00007fe93825b74c: ; ImmutableOopMap {rbp=Oop [16]=Oop [32]=Oop [48]=Oop }
                      ;*invokevirtual onSetupMessage {reexecute=0 rethrow=0 return_oop=0}
                      ; - io.aeron.driver.media.DataTransportPoller::receive@132 (line 242)
                      ; - io.aeron.driver.media.DataTransportPoller::poll@2 (line 212)
                      ; - io.aeron.driver.media.DataTransportPoller::pollTransports@47 (line 103)
                      ; - io.aeron.driver.Receiver::doWork@60 (line 117)
  0x00007fe93825b74c: 3019 85ff 

  0x00007fe93825b750: ;   {other}
  0x00007fe93825b750: 0f1f 8400 | c011 0017 | 4c8b 4424 | 20e9 dcf7 | ffff 4533 | c0e9 45fc | ffff bef6 | ffff ff48 
  0x00007fe93825b770: ;   {runtime_call UncommonTrapBlob}
  0x00007fe93825b770: 8be8 90e8 

  0x00007fe93825b774: ; ImmutableOopMap {}
                      ;*invokevirtual update {reexecute=0 rethrow=0 return_oop=0}
                      ; - io.aeron.driver.Receiver::doWork@15 (line 106)
  0x00007fe93825b774: 8870 85ff 

  0x00007fe93825b778: ;   {other}
  0x00007fe93825b778: 0f1f 8400 | e811 0018 | bef6 ffff 

  0x00007fe93825b784: ;   {runtime_call UncommonTrapBlob}
  0x00007fe93825b784: ff66 90e8 

  0x00007fe93825b788: ; ImmutableOopMap {}
                      ;*invokevirtual pollTransports {reexecute=0 rethrow=0 return_oop=0}
                      ; - io.aeron.driver.Receiver::doWork@60 (line 117)
  0x00007fe93825b788: 7470 85ff 

  0x00007fe93825b78c: ;   {other}
  0x00007fe93825b78c: 0f1f 8400 | fc11 0019 | bede ffff | ff48 8b6c | 2420 4c89 

  0x00007fe93825b7a0: ;   {runtime_call UncommonTrapBlob}
  0x00007fe93825b7a0: 5424 10e8 

  0x00007fe93825b7a4: ; ImmutableOopMap {rbp=Oop [16]=Oop }
                      ;*invokeinterface nanoTime {reexecute=0 rethrow=0 return_oop=0}
                      ; - io.aeron.driver.Receiver::doWork@4 (line 105)
  0x00007fe93825b7a4: 5870 85ff 

  0x00007fe93825b7a8: ;   {other}
  0x00007fe93825b7a8: 0f1f 8400 | 1812 001a | bede ffff | ff48 ff74 | 2420 488f | 4424 104c | 8944 2420 

  0x00007fe93825b7c4: ;   {runtime_call UncommonTrapBlob}
  0x00007fe93825b7c4: 6666 90e8 

  0x00007fe93825b7c8: ; ImmutableOopMap {[16]=Oop [32]=Oop }
                      ;*invokevirtual reportMeasurement {reexecute=0 rethrow=0 return_oop=0}
                      ; - io.aeron.driver.DutyCycleTracker::measureAndUpdate@14 (line 68)
                      ; - io.aeron.driver.Receiver::doWork@23 (line 107)
  0x00007fe93825b7c8: 3470 85ff 

  0x00007fe93825b7cc: ;   {other}
  0x00007fe93825b7cc: 0f1f 8400 | 3c12 001b 

  0x00007fe93825b7d4: ;   {oop(a 'io/aeron/driver/PublicationImage'[0] {0x000004001c800510})}
  0x00007fe93825b7d4: 49ba 1005 | 801c 0004 | 0000 488b | 6c24 2048 | ff74 2440 | 488f 4424 | 1044 894c | 240c 894c 
  0x00007fe93825b7f4: 2418 4889 | 5424 2844 | 8944 241c | 4889 5c24 | 30e9 bafd | ffff bede | ffff ff48 | 8b6c 2420 
  0x00007fe93825b814: 894c 240c | 4889 5424 | 1844 8944 | 2420 4489 | 5c24 2448 | 895c 2430 | 4c89 5424 

  0x00007fe93825b830: ;   {runtime_call UncommonTrapBlob}
  0x00007fe93825b830: 3866 90e8 

  0x00007fe93825b834: ; ImmutableOopMap {rbp=Oop [24]=Oop [48]=Oop [56]=Oop }
                      ;*invokeinterface metaData {reexecute=0 rethrow=0 return_oop=0}
                      ; - io.aeron.driver.PublicationImage::processPendingLoss@4 (line 814)
                      ; - io.aeron.driver.Receiver::doWork@132 (line 129)
  0x00007fe93825b834: c86f 85ff 

  0x00007fe93825b838: ;   {other}
  0x00007fe93825b838: 0f1f 8400 | a812 001c | bede ffff | ff48 8b6c | 2420 894c | 240c 4889 | 5424 1844 | 8944 2420 
  0x00007fe93825b858: 4489 5c24 | 2448 895c | 2428 4c89 

  0x00007fe93825b864: ;   {runtime_call UncommonTrapBlob}
  0x00007fe93825b864: 5424 30e8 

  0x00007fe93825b868: ; ImmutableOopMap {rbp=Oop [24]=Oop [40]=Oop [48]=Oop }
                      ;*invokeinterface shouldMeasureRtt {reexecute=0 rethrow=0 return_oop=0}
                      ; - io.aeron.driver.PublicationImage::initiateAnyRttMeasurements@7 (line 867)
                      ; - io.aeron.driver.Receiver::doWork@141 (line 130)
  0x00007fe93825b868: 946f 85ff 

  0x00007fe93825b86c: ;   {other}
  0x00007fe93825b86c: 0f1f 8400 | dc12 001d | be45 ffff | ff48 8b6c | 2420 4489 

  0x00007fe93825b880: ;   {runtime_call UncommonTrapBlob}
  0x00007fe93825b880: 5c24 0ce8 

  0x00007fe93825b884: ; ImmutableOopMap {rbp=Oop }
                      ;*ifne {reexecute=1 rethrow=0 return_oop=0}
                      ; - (reexecute) io.aeron.driver.status.DutyCycleStallTracker::reportMeasurement@7 (line 85)
                      ; - io.aeron.driver.DutyCycleTracker::measureAndUpdate@14 (line 68)
                      ; - io.aeron.driver.Receiver::doWork@23 (line 107)
  0x00007fe93825b884: 786f 85ff 

  0x00007fe93825b888: ;   {other}
  0x00007fe93825b888: 0f1f 8400 | f812 001e | 4533 db4d | 3bd3 bdff | ffff ff7c | 0840 0f95 | c540 0fb6 | edbe 45ff 
  0x00007fe93825b8a8: ffff 4489 | 4c24 0c89 

  0x00007fe93825b8b0: ;   {runtime_call UncommonTrapBlob}
  0x00007fe93825b8b0: 4c24 10e8 

  0x00007fe93825b8b4: ; ImmutableOopMap {}
                      ;*ifle {reexecute=1 rethrow=0 return_oop=0}
                      ; - (reexecute) io.aeron.driver.Receiver::doWork@213 (line 144)
  0x00007fe93825b8b4: 486f 85ff 

  0x00007fe93825b8b8: ;   {other}
  0x00007fe93825b8b8: 0f1f 8400 | 2813 001f | 493b eabd | ffff ffff | 7c08 400f | 95c5 400f | b6ed be45 | ffff ff48 
  0x00007fe93825b8d8: ff74 2420 | 488f 4424 

  0x00007fe93825b8e0: ;   {runtime_call UncommonTrapBlob}
  0x00007fe93825b8e0: 1066 90e8 

  0x00007fe93825b8e4: ; ImmutableOopMap {[16]=Oop [40]=Oop }
                      ;*ifle {reexecute=1 rethrow=0 return_oop=0}
                      ; - (reexecute) io.aeron.driver.status.DutyCycleStallTracker::reportMeasurement@25 (line 89)
                      ; - io.aeron.driver.DutyCycleTracker::measureAndUpdate@14 (line 68)
                      ; - io.aeron.driver.Receiver::doWork@23 (line 107)
  0x00007fe93825b8e4: 186f 85ff 

  0x00007fe93825b8e8: ;   {other}
  0x00007fe93825b8e8: 0f1f 8400 | 5813 0020 | be45 ffff | ff49 8bea | 4489 4c24 | 0c4c 8944 | 2418 4489 

  0x00007fe93825b904: ;   {runtime_call UncommonTrapBlob}
  0x00007fe93825b904: 5c24 20e8 

  0x00007fe93825b908: ; ImmutableOopMap {rbp=Oop [24]=Oop }
                      ;*if_icmpgt {reexecute=1 rethrow=0 return_oop=0}
                      ; - (reexecute) io.aeron.driver.media.DataTransportPoller::pollTransports@15 (line 99)
                      ; - io.aeron.driver.Receiver::doWork@60 (line 117)
  0x00007fe93825b908: f46e 85ff 

  0x00007fe93825b90c: ;   {other}
  0x00007fe93825b90c: 0f1f 8400 | 7c13 0021 | be45 ffff | ff89 4c24 | 0c44 894c | 2418 4489 | 5c24 3044 | 895c 2434 
  0x00007fe93825b92c: ;   {runtime_call UncommonTrapBlob}
  0x00007fe93825b92c: 6666 90e8 

  0x00007fe93825b930: ; ImmutableOopMap {[32]=Oop }
                      ;*iflt {reexecute=1 rethrow=0 return_oop=0}
                      ; - (reexecute) io.aeron.driver.Receiver::checkPendingSetupMessages@19 (line 345)
                      ; - io.aeron.driver.Receiver::doWork@202 (line 142)
  0x00007fe93825b930: cc6e 85ff 

  0x00007fe93825b934: ;   {other}
  0x00007fe93825b934: 0f1f 8400 | a413 0022 | c683 da01 | 0000 004c | 8b54 2440 | 4c89 9388 | 0100 00c6 | 83d1 0000 
  0x00007fe93825b954: 0001 49ff | ca4c 8993 | 5801 0000 

  0x00007fe93825b960: ;   {oop(a 'io/aeron/driver/PublicationImage$State'{0x000004001c800520})}
  0x00007fe93825b960: 49ba 2005 | 801c 0004 | 0000 f783 | e001 0000 | d075 0000 

  0x00007fe93825b974: ;   {other}
  0x00007fe93825b974: 0f85 4b12 | 0000 4d8b 

  0x00007fe93825b97c: ;   {other}
  0x00007fe93825b97c: da49 c1e3 | 1049 81cb | 208a 0000 

  0x00007fe93825b988: ;   {other}
  0x00007fe93825b988: 4c89 9be0 | 0100 00f0 | 8344 24c0 | 0048 896c | 2420 448b | 4c24 0c8b | 4c24 1848 | 8b54 2428 
  0x00007fe93825b9a8: 448b 4424 | 1ce9 37f3 | ffff be76 | ffff ff48 | 8b6c 2420 | 4489 4c24 | 0c89 4c24 | 1848 8954 
  0x00007fe93825b9c8: 2420 4489 

  0x00007fe93825b9cc: ;   {runtime_call UncommonTrapBlob}
  0x00007fe93825b9cc: 4424 28e8 

  0x00007fe93825b9d0: ; ImmutableOopMap {rbp=Oop [32]=Oop }
                      ;*iflt {reexecute=1 rethrow=0 return_oop=0}
                      ; - (reexecute) io.aeron.driver.Receiver::doWork@95 (line 121)
  0x00007fe93825b9d0: 2c6e 85ff 

  0x00007fe93825b9d4: ;   {other}
  0x00007fe93825b9d4: 0f1f 8400 | 4414 0023 | 4533 db4d | 3bd3 bdff | ffff ff7c | 0840 0f95 | c540 0fb6 | edbe 45ff 
  0x00007fe93825b9f4: ffff 48ff | 7424 2048 | 8f44 2410 | 4489 4c24 | 0c89 4c24 | 2048 8954 | 2428 4489 | 4424 2448 
  0x00007fe93825ba14: 895c 2430 

  0x00007fe93825ba18: ;   {runtime_call UncommonTrapBlob}
  0x00007fe93825ba18: 6666 90e8 

  0x00007fe93825ba1c: ; ImmutableOopMap {[16]=Oop [40]=Oop [48]=Oop }
                      ;*iflt {reexecute=1 rethrow=0 return_oop=0}
                      ; - (reexecute) io.aeron.driver.PublicationImage::isConnected@13 (line 713)
                      ; - io.aeron.driver.Receiver::doWork@108 (line 124)
  0x00007fe93825ba1c: e06d 85ff 

  0x00007fe93825ba20: ;   {other}
  0x00007fe93825ba20: 0f1f 8400 | 9014 0024 | be45 ffff | ff48 8b6c | 2420 48ff | 7424 4048 | 8f44 2410 | 894c 240c 
  0x00007fe93825ba40: 4889 5424 | 1844 8944 | 2420 4489 | 5c24 2448 | 895c 2430 | 4c89 4c24 | 3844 8964 | 2440 897c 
  0x00007fe93825ba60: ;   {runtime_call UncommonTrapBlob}
  0x00007fe93825ba60: 2444 90e8 

  0x00007fe93825ba64: ; ImmutableOopMap {rbp=Oop [24]=Oop [48]=Oop [56]=Oop }
                      ;*iflt {reexecute=1 rethrow=0 return_oop=0}
                      ; - (reexecute) jdk.internal.util.Preconditions::checkFromIndexSize@5 (line 396)
                      ; - java.util.Objects::checkFromIndexSize@4 (line 437)
                      ; - org.agrona.AbstractMutableDirectBuffer::boundsCheck0@6 (line 1729)
                      ; - org.agrona.AbstractMutableDirectBuffer::getByte@9 (line 434)
                      ; - io.aeron.logbuffer.LogBufferDescriptor::isPublicationRevoked@4 (line 1157)
                      ; - io.aeron.driver.PublicationImage::processPendingLoss@9 (line 814)
                      ; - io.aeron.driver.Receiver::doWork@132 (line 129)
  0x00007fe93825ba64: 986d 85ff 

  0x00007fe93825ba68: ;   {other}
  0x00007fe93825ba68: 0f1f 8400 | d814 0025 | be45 ffff | ff48 8b6c | 2420 894c | 240c 4889 | 5424 1844 | 8944 2420 
  0x00007fe93825ba88: 4489 4c24 | 2448 895c | 2430 48ff | 7424 4048 | 8f44 2438 | 4c89 6424 | 4044 895c 

  0x00007fe93825baa4: ;   {runtime_call UncommonTrapBlob}
  0x00007fe93825baa4: 2448 90e8 

  0x00007fe93825baa8: ; ImmutableOopMap {rbp=Oop [24]=Oop [48]=Oop }
                      ;*ifeq {reexecute=1 rethrow=0 return_oop=0}
                      ; - (reexecute) io.aeron.driver.PublicationImage::sendPendingStatusMessage@15 (line 752)
                      ; - io.aeron.driver.Receiver::doWork@124 (line 128)
  0x00007fe93825baa8: 546d 85ff 

  0x00007fe93825baac: ;   {other}
  0x00007fe93825baac: 0f1f 8400 | 1c15 0026 | be45 ffff | ff48 ff74 | 2420 488f | 4424 1089 | 4c24 0c48 | 8954 2420 
  0x00007fe93825bacc: 4489 4424 | 2844 894c | 242c 4889 | 5c24 384c | 8954 2448 

  0x00007fe93825bae0: ;   {runtime_call UncommonTrapBlob}
  0x00007fe93825bae0: 6666 90e8 

  0x00007fe93825bae4: ; ImmutableOopMap {[16]=Oop [32]=Oop [56]=Oop [72]=Oop }
                      ;*if_acmpeq {reexecute=1 rethrow=0 return_oop=0}
                      ; - (reexecute) io.aeron.driver.PublicationImage::sendPendingStatusMessage@41 (line 754)
                      ; - io.aeron.driver.Receiver::doWork@124 (line 128)
  0x00007fe93825bae4: 186d 85ff 

  0x00007fe93825bae8: ;   {other}
  0x00007fe93825bae8: 0f1f 8400 | 5815 0027 | be45 ffff | ff48 8b6c | 2420 48ff | 7424 4048 | 8f44 2410 | 894c 240c 
  0x00007fe93825bb08: 4889 5424 | 1844 8944 | 2420 4489 | 5c24 2448 | 895c 2430 | 4c89 4c24 | 3844 8964 | 2440 4489 
  0x00007fe93825bb28: ;   {runtime_call UncommonTrapBlob}
  0x00007fe93825bb28: 5424 44e8 

  0x00007fe93825bb2c: ; ImmutableOopMap {rbp=Oop [24]=Oop [48]=Oop [56]=Oop }
                      ;*if_icmple {reexecute=1 rethrow=0 return_oop=0}
                      ; - (reexecute) jdk.internal.util.Preconditions::checkFromIndexSize@12 (line 396)
                      ; - java.util.Objects::checkFromIndexSize@4 (line 437)
                      ; - org.agrona.AbstractMutableDirectBuffer::boundsCheck0@6 (line 1729)
                      ; - org.agrona.AbstractMutableDirectBuffer::getByte@9 (line 434)
                      ; - io.aeron.logbuffer.LogBufferDescriptor::isPublicationRevoked@4 (line 1157)
                      ; - io.aeron.driver.PublicationImage::processPendingLoss@9 (line 814)
                      ; - io.aeron.driver.Receiver::doWork@132 (line 129)
  0x00007fe93825bb2c: d06c 85ff 

  0x00007fe93825bb30: ;   {other}
  0x00007fe93825bb30: 0f1f 8400 | a015 0028 | be45 ffff | ff48 8b6c | 2420 894c | 240c 4889 | 5424 1844 | 8944 2420 
  0x00007fe93825bb50: 4489 5c24 | 2448 895c | 2430 4489 

  0x00007fe93825bb5c: ;   {runtime_call UncommonTrapBlob}
  0x00007fe93825bb5c: 5424 38e8 

  0x00007fe93825bb60: ; ImmutableOopMap {rbp=Oop [24]=Oop [48]=Oop }
                      ;*if_icmpne {reexecute=1 rethrow=0 return_oop=0}
                      ; - (reexecute) io.aeron.logbuffer.LogBufferDescriptor::isPublicationRevoked@8 (line 1157)
                      ; - io.aeron.driver.PublicationImage::processPendingLoss@9 (line 814)
                      ; - io.aeron.driver.Receiver::doWork@132 (line 129)
  0x00007fe93825bb60: 9c6c 85ff 

  0x00007fe93825bb64: ;   {other}
  0x00007fe93825bb64: 0f1f 8400 | d415 0029 | 4d3b d1bd | ffff ffff | 7c08 400f | 95c5 400f | b6ed be45 | ffff ff48 
  0x00007fe93825bb84: ff74 2420 | 488f 4424 | 1048 ff74 | 2440 488f | 4424 1889 | 4c24 0c48 | 8954 2420 | 4489 4424 
  0x00007fe93825bba4: 2844 895c | 242c 4889 | 5c24 384c | 8954 2440 

  0x00007fe93825bbb4: ;   {runtime_call UncommonTrapBlob}
  0x00007fe93825bbb4: 6666 90e8 

  0x00007fe93825bbb8: ; ImmutableOopMap {[16]=Oop [32]=Oop [56]=Oop }
                      ;*ifeq {reexecute=1 rethrow=0 return_oop=0}
                      ; - (reexecute) io.aeron.driver.PublicationImage::processPendingLoss@33 (line 822)
                      ; - io.aeron.driver.Receiver::doWork@132 (line 129)
  0x00007fe93825bbb8: 446c 85ff 

  0x00007fe93825bbbc: ;   {other}
  0x00007fe93825bbbc: 0f1f 8400 | 2c16 002a | bef6 ffff | ff48 8b6c | 2410 4c8b | 4424 304c | 8944 2420 | 4c89 5424 
  0x00007fe93825bbdc: ;   {runtime_call UncommonTrapBlob}
  0x00007fe93825bbdc: 3066 90e8 

  0x00007fe93825bbe0: ; ImmutableOopMap {rbp=Oop [32]=Oop [40]=Oop [48]=Oop }
                      ;*invokevirtual receive {reexecute=0 rethrow=0 return_oop=0}
                      ; - io.aeron.driver.media.DataTransportPoller::receive@8 (line 222)
                      ; - io.aeron.driver.media.DataTransportPoller::poll@2 (line 212)
                      ; - io.aeron.driver.media.DataTransportPoller::pollTransports@47 (line 103)
                      ; - io.aeron.driver.Receiver::doWork@60 (line 117)
  0x00007fe93825bbe0: 1c6c 85ff 

  0x00007fe93825bbe4: ;   {other}
  0x00007fe93825bbe4: 0f1f 8400 | 5416 002b | bef6 ffff 

  0x00007fe93825bbf0: ;   {runtime_call UncommonTrapBlob}
  0x00007fe93825bbf0: ff66 90e8 

  0x00007fe93825bbf4: ; ImmutableOopMap {}
                      ;*invokevirtual getVolatile {reexecute=0 rethrow=0 return_oop=0}
                      ; - io.aeron.driver.PublicationImage::checkEosForDrainTransition@18 (line 730)
                      ; - io.aeron.driver.Receiver::doWork@117 (line 126)
  0x00007fe93825bbf4: 086c 85ff 

  0x00007fe93825bbf8: ;   {other}
  0x00007fe93825bbf8: 0f1f 8400 | 6816 002c | bef6 ffff 

  0x00007fe93825bc04: ;   {runtime_call UncommonTrapBlob}
  0x00007fe93825bc04: ff66 90e8 

  0x00007fe93825bc08: ; ImmutableOopMap {}
                      ;*invokevirtual get {reexecute=0 rethrow=0 return_oop=0}
                      ; - io.aeron.driver.PublicationImage::checkEosForDrainTransition@25 (line 730)
                      ; - io.aeron.driver.Receiver::doWork@117 (line 126)
  0x00007fe93825bc08: f46b 85ff 

  0x00007fe93825bc0c: ;   {other}
  0x00007fe93825bc0c: 0f1f 8400 | 7c16 002d | bef6 ffff | ff48 8b6c | 2410 4c8b | 4424 184c | 8944 2410 | 4c8b 4424 
  0x00007fe93825bc2c: 304c 8944 | 2420 4c89 | 5424 2848 | 894c 2430 | 4489 5c24 

  0x00007fe93825bc40: ;   {runtime_call UncommonTrapBlob}
  0x00007fe93825bc40: 3866 90e8 

  0x00007fe93825bc44: ; ImmutableOopMap {rbp=Oop [32]=Oop [40]=Oop [48]=Oop }
                      ;*invokevirtual isValidFrame {reexecute=0 rethrow=0 return_oop=0}
                      ; - io.aeron.driver.media.DataTransportPoller::receive@48 (line 230)
                      ; - io.aeron.driver.media.DataTransportPoller::poll@2 (line 212)
                      ; - io.aeron.driver.media.DataTransportPoller::pollTransports@47 (line 103)
                      ; - io.aeron.driver.Receiver::doWork@60 (line 117)
  0x00007fe93825bc44: b86b 85ff 

  0x00007fe93825bc48: ;   {other}
  0x00007fe93825bc48: 0f1f 8400 | b816 002e | bef6 ffff | ff48 8bef | 4489 5424 | 0c89 4424 | 1044 895c 

  0x00007fe93825bc64: ;   {runtime_call UncommonTrapBlob}
  0x00007fe93825bc64: 2414 90e8 

  0x00007fe93825bc68: ; ImmutableOopMap {rbp=Oop }
                      ;*invokevirtual sendResponseSetup {reexecute=0 rethrow=0 return_oop=0}
                      ; - io.aeron.driver.PublicationImage::sendPendingStatusMessage@130 (line 771)
                      ; - io.aeron.driver.Receiver::doWork@124 (line 128)
  0x00007fe93825bc68: 946b 85ff 

  0x00007fe93825bc6c: ;   {other}
  0x00007fe93825bc6c: 0f1f 8400 | dc16 002f | bef6 ffff | ff48 8be9 | 4489 5424 | 0c44 895c | 2410 8944 | 2414 4489 
  0x00007fe93825bc8c: 4c24 1844 | 8944 2420 

  0x00007fe93825bc94: ;   {runtime_call UncommonTrapBlob}
  0x00007fe93825bc94: 6666 90e8 

  0x00007fe93825bc98: ; ImmutableOopMap {rbp=Oop }
                      ;*invokevirtual sendStatusMessage {reexecute=0 rethrow=0 return_oop=0}
                      ; - io.aeron.driver.PublicationImage::sendPendingStatusMessage@248 (line 788)
                      ; - io.aeron.driver.Receiver::doWork@124 (line 128)
  0x00007fe93825bc98: 646b 85ff 

  0x00007fe93825bc9c: ;   {other}
  0x00007fe93825bc9c: 0f1f 8400 | 0c17 0030 | bef6 ffff 

  0x00007fe93825bca8: ;   {runtime_call UncommonTrapBlob}
  0x00007fe93825bca8: ff66 90e8 

  0x00007fe93825bcac: ; ImmutableOopMap {}
                      ;*invokevirtual incrementRelease {reexecute=0 rethrow=0 return_oop=0}
                      ; - io.aeron.driver.PublicationImage::sendPendingStatusMessage@255 (line 791)
                      ; - io.aeron.driver.Receiver::doWork@124 (line 128)
  0x00007fe93825bcac: 506b 85ff 

  0x00007fe93825bcb0: ;   {other}
  0x00007fe93825bcb0: 0f1f 8400 | 2017 0031 | bef6 ffff | ff4c 8954 

  0x00007fe93825bcc0: ;   {runtime_call UncommonTrapBlob}
  0x00007fe93825bcc0: 2410 90e8 

  0x00007fe93825bcc4: ; ImmutableOopMap {[16]=Oop }
                      ;*invokevirtual checkForReResolutions {reexecute=0 rethrow=0 return_oop=0}
                      ; - io.aeron.driver.Receiver::doWork@246 (line 147)
  0x00007fe93825bcc4: 386b 85ff 

  0x00007fe93825bcc8: ;   {other}
  0x00007fe93825bcc8: 0f1f 8400 | 3817 0032 | bede ffff | ff4c 8b54 | 2428 4c89 | 5424 1848 | 8944 2428 

  0x00007fe93825bce4: ;   {runtime_call UncommonTrapBlob}
  0x00007fe93825bce4: 6666 90e8 

  0x00007fe93825bce8: ; ImmutableOopMap {rbp=Oop [24]=Oop [40]=Oop [48]=Oop }
                      ;*checkcast {reexecute=0 rethrow=0 return_oop=0}
                      ; - io.aeron.driver.media.DataTransportPoller::pollTransports@41 (line 101)
                      ; - io.aeron.driver.Receiver::doWork@60 (line 117)
  0x00007fe93825bce8: 146b 85ff 

  0x00007fe93825bcec: ;   {other}
  0x00007fe93825bcec: 0f1f 8400 | 5c17 0033 | bede ffff | ff48 ff74 | 2428 488f | 4424 2048 | ff74 2430 | 488f 4424 
  0x00007fe93825bd0c: 2848 8944 

  0x00007fe93825bd10: ;   {runtime_call UncommonTrapBlob}
  0x00007fe93825bd10: 2438 90e8 

  0x00007fe93825bd14: ; ImmutableOopMap {rbp=Oop [32]=Oop [40]=Oop [56]=Oop }
                      ;*checkcast {reexecute=0 rethrow=0 return_oop=0}
                      ; - io.aeron.driver.Receiver::doWork@174 (line 135)
  0x00007fe93825bd14: e86a 85ff 

  0x00007fe93825bd18: ;   {other}
  0x00007fe93825bd18: 0f1f 8400 | 8817 0034 | bef6 ffff 

  0x00007fe93825bd24: ;   {runtime_call UncommonTrapBlob}
  0x00007fe93825bd24: ff66 90e8 

  0x00007fe93825bd28: ; ImmutableOopMap {}
                      ;*invokeinterface nanoTime {reexecute=0 rethrow=0 return_oop=0}
                      ; - io.aeron.driver.Receiver::doWork@4 (line 105)
  0x00007fe93825bd28: d46a 85ff 

  0x00007fe93825bd2c: ;   {other}
  0x00007fe93825bd2c: 0f1f 8400 | 9c17 0035 | bef6 ffff | ff48 8be8 

  0x00007fe93825bd3c: ;   {runtime_call UncommonTrapBlob}
  0x00007fe93825bd3c: 6666 90e8 

  0x00007fe93825bd40: ; ImmutableOopMap {}
                      ;*invokevirtual measureAndUpdate {reexecute=0 rethrow=0 return_oop=0}
                      ; - io.aeron.driver.Receiver::doWork@23 (line 107)
  0x00007fe93825bd40: bc6a 85ff 

  0x00007fe93825bd44: ;   {other}
  0x00007fe93825bd44: 0f1f 8400 | b417 0036 | bef6 ffff 

  0x00007fe93825bd50: ;   {runtime_call UncommonTrapBlob}
  0x00007fe93825bd50: ff66 90e8 

  0x00007fe93825bd54: ; ImmutableOopMap {}
                      ;*invokevirtual isClosed {reexecute=0 rethrow=0 return_oop=0}
                      ; - io.aeron.driver.status.DutyCycleStallTracker::reportMeasurement@4 (line 85)
                      ; - io.aeron.driver.DutyCycleTracker::measureAndUpdate@14 (line 68)
                      ; - io.aeron.driver.Receiver::doWork@23 (line 107)
  0x00007fe93825bd54: a86a 85ff 

  0x00007fe93825bd58: ;   {other}
  0x00007fe93825bd58: 0f1f 8400 | c817 0037 | bef6 ffff 

  0x00007fe93825bd64: ;   {runtime_call UncommonTrapBlob}
  0x00007fe93825bd64: ff66 90e8 

  0x00007fe93825bd68: ; ImmutableOopMap {}
                      ;*invokevirtual poll {reexecute=0 rethrow=0 return_oop=0}
                      ; - io.aeron.driver.Receiver::doWork@32 (line 110)
  0x00007fe93825bd68: 946a 85ff 

  0x00007fe93825bd6c: ;   {other}
  0x00007fe93825bd6c: 0f1f 8400 | dc17 0038 | bef6 ffff | ff49 8bea | 4489 4c24 | 0c4c 8944 

  0x00007fe93825bd84: ;   {runtime_call UncommonTrapBlob}
  0x00007fe93825bd84: 2418 90e8 

  0x00007fe93825bd88: ; ImmutableOopMap {rbp=Oop [24]=Oop }
                      ;*invokevirtual size {reexecute=0 rethrow=0 return_oop=0}
                      ; - io.aeron.driver.media.DataTransportPoller::pollTransports@9 (line 99)
                      ; - io.aeron.driver.Receiver::doWork@60 (line 117)
  0x00007fe93825bd88: 746a 85ff 

  0x00007fe93825bd8c: ;   {other}
  0x00007fe93825bd8c: 0f1f 8400 | fc17 0039 | bef6 ffff | ff49 8bea 

  0x00007fe93825bd9c: ;   {runtime_call UncommonTrapBlob}
  0x00007fe93825bd9c: 6666 90e8 

  0x00007fe93825bda0: ; ImmutableOopMap {}
                      ;*invokevirtual getAndAddOrdered {reexecute=0 rethrow=0 return_oop=0}
                      ; - io.aeron.driver.Receiver::doWork@72 (line 118)
  0x00007fe93825bda0: 5c6a 85ff 

  0x00007fe93825bda4: ;   {other}
  0x00007fe93825bda4: 0f1f 8400 | 1418 003a | bef6 ffff 

  0x00007fe93825bdb0: ;   {runtime_call UncommonTrapBlob}
  0x00007fe93825bdb0: ff66 90e8 

  0x00007fe93825bdb4: ; ImmutableOopMap {}
                      ;*arraylength {reexecute=0 rethrow=0 return_oop=0}
                      ; - io.aeron.driver.Receiver::doWork@84 (line 121)
  0x00007fe93825bdb4: 486a 85ff 

  0x00007fe93825bdb8: ;   {other}
  0x00007fe93825bdb8: 0f1f 8400 | 2818 003b | bef6 ffff 

  0x00007fe93825bdc4: ;   {runtime_call UncommonTrapBlob}
  0x00007fe93825bdc4: ff66 90e8 

  0x00007fe93825bdc8: ; ImmutableOopMap {}
                      ;*invokevirtual size {reexecute=0 rethrow=0 return_oop=0}
                      ; - io.aeron.driver.Receiver::checkPendingSetupMessages@6 (line 345)
                      ; - io.aeron.driver.Receiver::doWork@202 (line 142)
  0x00007fe93825bdc8: 346a 85ff 

  0x00007fe93825bdcc: ;   {other}
  0x00007fe93825bdcc: 0f1f 8400 | 3c18 003c | bef6 ffff 

  0x00007fe93825bdd8: ;   {runtime_call UncommonTrapBlob}
  0x00007fe93825bdd8: ff66 90e8 

  0x00007fe93825bddc: ; ImmutableOopMap {}
                      ;*invokevirtual isConnected {reexecute=0 rethrow=0 return_oop=0}
                      ; - io.aeron.driver.Receiver::doWork@108 (line 124)
  0x00007fe93825bddc: 206a 85ff 

  0x00007fe93825bde0: ;   {other}
  0x00007fe93825bde0: 0f1f 8400 | 5018 003d | bef6 ffff 

  0x00007fe93825bdec: ;   {runtime_call UncommonTrapBlob}
  0x00007fe93825bdec: ff66 90e8 

  0x00007fe93825bdf0: ; ImmutableOopMap {}
                      ;*invokeinterface metaData {reexecute=0 rethrow=0 return_oop=0}
                      ; - io.aeron.driver.PublicationImage::processPendingLoss@4 (line 814)
                      ; - io.aeron.driver.Receiver::doWork@132 (line 129)
  0x00007fe93825bdf0: 0c6a 85ff 

  0x00007fe93825bdf4: ;   {other}
  0x00007fe93825bdf4: 0f1f 8400 | 6418 003e | bef6 ffff 

  0x00007fe93825be00: ;   {runtime_call UncommonTrapBlob}
  0x00007fe93825be00: ff66 90e8 

  0x00007fe93825be04: ; ImmutableOopMap {}
                      ;*invokevirtual getByte {reexecute=0 rethrow=0 return_oop=0}
                      ; - io.aeron.logbuffer.LogBufferDescriptor::isPublicationRevoked@4 (line 1157)
                      ; - io.aeron.driver.PublicationImage::processPendingLoss@9 (line 814)
                      ; - io.aeron.driver.Receiver::doWork@132 (line 129)
  0x00007fe93825be04: f869 85ff 

  0x00007fe93825be08: ;   {other}
  0x00007fe93825be08: 0f1f 8400 | 7818 003f | bef6 ffff 

  0x00007fe93825be14: ;   {runtime_call UncommonTrapBlob}
  0x00007fe93825be14: ff66 90e8 

  0x00007fe93825be18: ; ImmutableOopMap {}
                      ;*invokeinterface shouldMeasureRtt {reexecute=0 rethrow=0 return_oop=0}
                      ; - io.aeron.driver.PublicationImage::initiateAnyRttMeasurements@7 (line 867)
                      ; - io.aeron.driver.Receiver::doWork@141 (line 130)
  0x00007fe93825be18: e469 85ff 

  0x00007fe93825be1c: ;   {other}
  0x00007fe93825be1c: 0f1f 8400 | 8c18 0040 | bef4 ffff 

  0x00007fe93825be28: ;   {runtime_call UncommonTrapBlob}
  0x00007fe93825be28: ff66 90e8 

  0x00007fe93825be2c: ; ImmutableOopMap {rbp=Oop [40]=Oop [48]=Oop }
                      ;*checkcast {reexecute=0 rethrow=0 return_oop=0}
                      ; - io.aeron.driver.media.DataTransportPoller::pollTransports@41 (line 101)
                      ; - io.aeron.driver.Receiver::doWork@60 (line 117)
  0x00007fe93825be2c: d069 85ff 

  0x00007fe93825be30: ;   {other}
  0x00007fe93825be30: 0f1f 8400 | a018 0041 | bef6 ffff | ff48 8b6c | 2410 4c8b | 5424 184c | 8954 2410 | 4c89 4424 
  0x00007fe93825be50: ;   {runtime_call UncommonTrapBlob}
  0x00007fe93825be50: 1866 90e8 

  0x00007fe93825be54: ; ImmutableOopMap {rbp=Oop [24]=Oop [48]=Oop }
                      ;*getfield size {reexecute=1 rethrow=0 return_oop=0}
                      ; - (reexecute) java.util.ArrayList$Itr::hasNext@8 (line 1044)
                      ; - io.aeron.driver.media.DataTransportPoller::pollTransports@27 (line 101)
                      ; - io.aeron.driver.Receiver::doWork@60 (line 117)
  0x00007fe93825be54: a869 85ff 

  0x00007fe93825be58: ;   {other}
  0x00007fe93825be58: 0f1f 8400 | c818 0042 | bef6 ffff | ff48 8b6c | 2410 4c8b | 5c24 184c | 895c 2410 | 4c89 5424 
  0x00007fe93825be78: ;   {runtime_call UncommonTrapBlob}
  0x00007fe93825be78: 2866 90e8 

  0x00007fe93825be7c: ; ImmutableOopMap {rbp=Oop [40]=Oop [48]=Oop }
                      ;*invokevirtual position {reexecute=0 rethrow=0 return_oop=0}
                      ; - io.aeron.driver.media.DataTransportPoller::receive@21 (line 226)
                      ; - io.aeron.driver.media.DataTransportPoller::poll@2 (line 212)
                      ; - io.aeron.driver.media.DataTransportPoller::pollTransports@47 (line 103)
                      ; - io.aeron.driver.Receiver::doWork@60 (line 117)
  0x00007fe93825be7c: 8069 85ff 

  0x00007fe93825be80: ;   {other}
  0x00007fe93825be80: 0f1f 8400 | f018 0043 | e909 0100 | 0044 8b58 | 0849 ba00 | 0000 97e4 | 7f00 004d | 03d3 e9a2 
  0x00007fe93825bea0: 0000 0044 | 8b58 0849 | ba00 0000 | 97e4 7f00 | 004d 03d3 | e98c 0000 | 0048 8bf0 | e9d8 0000 
  0x00007fe93825bec0: 0044 8b40 | 0849 ba00 | 0000 97e4 | 7f00 004d | 03d0 eb71 | 488b f0e9 | bd00 0000 | 488b f0e9 
  0x00007fe93825bee0: b500 0000 | 488b f0e9 | ad00 0000 | eb41 eb3f | eb3d eb3b | 448b 4008 | 49ba 0000 | 0097 e47f 
  0x00007fe93825bf00: 0000 4d03 | d0eb 3e44 | 8b40 0849 | ba00 0000 | 97e4 7f00 | 004d 03d0 | eb2b 488b | f0eb 7aeb 
  0x00007fe93825bf20: 0048 8bf0 | eb73 eb00 | 488b f0eb | 6ceb 6748 | 8bf0 eb65 | 448b 4008 | 49ba 0000 | 0097 e47f 
  0x00007fe93825bf40: 0000 4d03 | d04d 8b52 

  0x00007fe93825bf48: ;   {metadata('java/lang/Exception')}
  0x00007fe93825bf48: 4049 bb80 | cd00 97e4 | 7f00 004d | 3bd3 753e | 488b d04c | 8b54 2420 | 498b 7218 

  0x00007fe93825bf64: ;   {other}
  0x00007fe93825bf64: 48c1 ee10 | 0f87 c40c | 0000 488b | 6c24 1066 | 9048 b8ff | ffff ffff 

  0x00007fe93825bf7c: ;   {virtual_call}
  0x00007fe93825bf7c: ffff ffe8 

  0x00007fe93825bf80: ; ImmutableOopMap {rbp=Oop [16]=Oop [32]=Oop [48]=Oop }
                      ;*invokeinterface onError {reexecute=0 rethrow=0 return_oop=0}
                      ; - io.aeron.driver.media.DataTransportPoller::poll@14 (line 216)
                      ; - io.aeron.driver.media.DataTransportPoller::pollTransports@47 (line 103)
                      ; - io.aeron.driver.Receiver::doWork@60 (line 117)
  0x00007fe93825bf80: fc13 85ff 

  0x00007fe93825bf84: ;   {other}
  0x00007fe93825bf84: 0f1f 8400 | f419 0044 | 4c8b 4424 | 20e9 a8ef | ffff 488b | f048 83c4 

  0x00007fe93825bf9c: ;   {runtime_call _rethrow_Java}
  0x00007fe93825bf9c: 705d e95d | f487 ffbe | f6ff ffff 

  0x00007fe93825bfa8: ;   {runtime_call UncommonTrapBlob}
  0x00007fe93825bfa8: 6666 90e8 

  0x00007fe93825bfac: ; ImmutableOopMap {}
                      ;*arraylength {reexecute=0 rethrow=0 return_oop=0}
                      ; - io.aeron.driver.Receiver::doWork@155 (line 134)
  0x00007fe93825bfac: 5068 85ff 

  0x00007fe93825bfb0: ;   {other}
  0x00007fe93825bfb0: 0f1f 8400 | 201a 0045 | bef4 ffff | ff48 ff74 | 2428 488f | 4424 2048 | ff74 2430 | 488f 4424 
  0x00007fe93825bfd0: ;   {runtime_call UncommonTrapBlob}
  0x00007fe93825bfd0: 2866 90e8 

  0x00007fe93825bfd4: ; ImmutableOopMap {rbp=Oop [32]=Oop [40]=Oop }
                      ;*checkcast {reexecute=0 rethrow=0 return_oop=0}
                      ; - io.aeron.driver.Receiver::doWork@174 (line 135)
  0x00007fe93825bfd4: 2868 85ff 

  0x00007fe93825bfd8: ;   {other}
  0x00007fe93825bfd8: 0f1f 8400 | 481a 0046 | 4c8b 5640 | 4883 ec10 | 4889 7424 | 0848 8d76 | 4049 8bfa 

  0x00007fe93825bff4: ;   {runtime_call ZBarrierSetRuntime::load_barrier_on_oop_field_preloaded(oopDesc*, oopDesc**)}
  0x00007fe93825bff4: e897 0145 | 154c 8bd0 | 488b 7424 | 08c5 f877 | 4883 c410 | e920 eaff | ff4d 8b53 | 4848 83ec 
  0x00007fe93825c014: 104c 895c | 2408 4889 | 0424 498d | 7348 498b 

  0x00007fe93825c024: ;   {runtime_call ZBarrierSetRuntime::load_barrier_on_oop_field_preloaded(oopDesc*, oopDesc**)}
  0x00007fe93825c024: fae8 6601 | 4515 4c8b | d048 8b04 | 244c 8b5c | 2408 c5f8 | 7748 83c4 | 10e9 29ea | ffff 4d8b 
  0x00007fe93825c044: 4268 4883 | ec10 4c89 | 5424 0848 | 8904 2449 | 8d72 6849 

  0x00007fe93825c058: ;   {runtime_call ZBarrierSetRuntime::load_barrier_on_oop_field_preloaded(oopDesc*, oopDesc**)}
  0x00007fe93825c058: 8bf8 e831 | 0145 154c | 8bc0 488b | 0424 4c8b | 5424 08c5 | f877 4883 | c410 e914 | eaff ff4d 
  0x00007fe93825c078: 8b90 a000 | 0000 4883 | ec10 4c89 | 4424 0849 | 8db0 a000 | 0000 498b 

  0x00007fe93825c090: ;   {runtime_call ZBarrierSetRuntime::load_barrier_on_oop_field_preloaded(oopDesc*, oopDesc**)}
  0x00007fe93825c090: fae8 fa00 | 4515 4c8b | d04c 8b44 | 2408 c5f8 | 7748 83c4 | 10e9 13ea | ffff 498b | 7220 4883 
  0x00007fe93825c0b0: ec10 4c89 | 5424 0848 | 8914 2448 | 8bfe 498d 

  0x00007fe93825c0c0: ;   {runtime_call ZBarrierSetRuntime::load_barrier_on_oop_field_preloaded(oopDesc*, oopDesc**)}
  0x00007fe93825c0c0: 7220 e8c9 | 0045 1548 | 8bf0 488b | 1424 4c8b | 5424 08c5 | f877 4883 | c410 e9fe | e9ff ff4d 
  0x00007fe93825c0e0: 8b5a 2848 | 83ec 104c | 8954 2408 | 498d 7228 

  0x00007fe93825c0f0: ;   {runtime_call ZBarrierSetRuntime::load_barrier_on_oop_field_preloaded(oopDesc*, oopDesc**)}
  0x00007fe93825c0f0: 498b fbe8 | 9800 4515 | 4c8b d84c | 8b54 2408 | c5f8 7748 | 83c4 10e9 | 09ea ffff | 498b b2f0 
  0x00007fe93825c110: 0000 0048 | 83ec 204c | 8954 2418 | 4c89 5c24 | 1048 8954 | 2408 488b | fe49 8db2 | f000 0000 
  0x00007fe93825c130: ;   {runtime_call ZBarrierSetRuntime::load_barrier_on_oop_field_preloaded(oopDesc*, oopDesc**)}
  0x00007fe93825c130: e85b 0045 | 1548 8bf0 | 488b 5424 | 084c 8b5c | 2410 4c8b | 5424 18c5 | f877 4883 | c420 e9fd 
  0x00007fe93825c150: e9ff ff48 | 8b6c 1610 | 4883 ec20 | 4c89 5c24 | 1848 8954 | 2410 4889 | 7424 0848 | 8d74 1610 
  0x00007fe93825c170: ;   {runtime_call ZBarrierSetRuntime::load_barrier_on_oop_field_preloaded(oopDesc*, oopDesc**)}
  0x00007fe93825c170: 488b fde8 | 1800 4515 | 488b e848 | 8b74 2408 | 488b 5424 | 104c 8b5c | 2418 c5f8 | 7748 83c4 
  0x00007fe93825c190: 20e9 c9e9 | ffff 4d8b | 4220 4883 | ec10 4c89 | 5424 084c | 890c 2449 | 8d72 2049 

  0x00007fe93825c1ac: ;   {runtime_call ZBarrierSetRuntime::load_barrier_on_oop_field_preloaded(oopDesc*, oopDesc**)}
  0x00007fe93825c1ac: 8bf8 e8dd | ff44 154c | 8bc0 4c8b | 0c24 4c8b | 5424 08c5 | f877 4883 | c410 e9b3 | e9ff ff49 
  0x00007fe93825c1cc: 8b68 5048 | 83ec 204c | 8954 2418 | 4c89 4424 | 104c 894c | 2408 498d | 7050 488b 

  0x00007fe93825c1e8: ;   {runtime_call ZBarrierSetRuntime::load_barrier_on_oop_field_preloaded(oopDesc*, oopDesc**)}
  0x00007fe93825c1e8: fde8 a2ff | 4415 488b | e84c 8b4c | 2408 4c8b | 4424 104c | 8b54 2418 | c5f8 7748 | 83c4 20e9 
  0x00007fe93825c208: 91e9 ffff | 4d8b 5830 | 4883 ec20 | 4c89 5424 | 184c 8944 | 2410 4c89 | 4c24 0848 | 890c 2449 
  0x00007fe93825c228: 8d70 3049 

  0x00007fe93825c22c: ;   {runtime_call ZBarrierSetRuntime::load_barrier_on_oop_field_preloaded(oopDesc*, oopDesc**)}
  0x00007fe93825c22c: 8bfb e85d | ff44 154c | 8bd8 488b | 0c24 4c8b | 4c24 084c | 8b44 2410 | 4c8b 5424 | 18c5 f877 
  0x00007fe93825c24c: 4883 c420 | e9e4 e9ff | ff4d 8b63 | 2048 83ec | 304c 8954 | 2428 4c89 | 5c24 204c | 8944 2418 
  0x00007fe93825c26c: 4c89 4c24 | 1048 894c | 2408 498d | 7320 498b 

  0x00007fe93825c27c: ;   {runtime_call ZBarrierSetRuntime::load_barrier_on_oop_field_preloaded(oopDesc*, oopDesc**)}
  0x00007fe93825c27c: fce8 0eff | 4415 4c8b | e048 8b4c | 2408 4c8b | 4c24 104c | 8b44 2418 | 4c8b 5c24 | 204c 8b54 
  0x00007fe93825c29c: 2428 c5f8 | 7748 83c4 | 30e9 a1e9 | ffff 498b | 5250 4883 | ec20 4c89 | 5424 184c | 894c 2410 
  0x00007fe93825c2bc: 4889 4c24 | 0849 8d72 | 5048 8bfa 

  0x00007fe93825c2c8: ;   {runtime_call ZBarrierSetRuntime::load_barrier_on_oop_field_preloaded(oopDesc*, oopDesc**)}
  0x00007fe93825c2c8: e8c3 fe44 | 1548 8bd0 | 488b 4c24 | 084c 8b4c | 2410 4c8b | 5424 18c5 | f877 4883 | c420 e981 
  0x00007fe93825c2e8: e9ff ff4a | 8b5c c210 | 4883 ec20 | 4c89 4424 | 184c 894c | 2410 4889 | 4c24 0848 | 8914 244a 
  0x00007fe93825c308: 8d74 c210 

  0x00007fe93825c30c: ;   {runtime_call ZBarrierSetRuntime::load_barrier_on_oop_field_preloaded(oopDesc*, oopDesc**)}
  0x00007fe93825c30c: 488b fbe8 | 7cfe 4415 | 488b d848 | 8b14 2448 | 8b4c 2408 | 4c8b 4c24 | 104c 8b44 | 2418 c5f8 
  0x00007fe93825c32c: 7748 83c4 | 20e9 68e9 | ffff 4c8b | 93e0 0000 | 0048 83ec | 304c 895c | 2428 4c89 | 4424 204c 
  0x00007fe93825c34c: 894c 2418 | 4889 4c24 | 1048 8954 | 2408 488d | b3e0 0000 | 0049 8bfa 

  0x00007fe93825c364: ;   {runtime_call ZBarrierSetRuntime::load_barrier_on_oop_field_preloaded(oopDesc*, oopDesc**)}
  0x00007fe93825c364: e827 fe44 | 154c 8bd0 | 488b 5424 | 0848 8b4c | 2410 4c8b | 4c24 184c | 8b44 2420 | 4c8b 5c24 
  0x00007fe93825c384: 28c5 f877 | 4883 c430 | e998 e9ff | ff4c 8b93 | 8002 0000 | 4883 ec30 | 4c89 5c24 | 284c 8944 
  0x00007fe93825c3a4: 2420 4c89 | 4c24 1848 | 894c 2410 | 4889 5424 | 0848 8db3 | 8002 0000 

  0x00007fe93825c3bc: ;   {runtime_call ZBarrierSetRuntime::load_barrier_on_oop_field_preloaded(oopDesc*, oopDesc**)}
  0x00007fe93825c3bc: 498b fae8 | ccfd 4415 | 4c8b d048 | 8b54 2408 | 488b 4c24 | 104c 8b4c | 2418 4c8b | 4424 204c 
  0x00007fe93825c3dc: 8b5c 2428 | c5f8 7748 | 83c4 30e9 | 7de9 ffff | 4d8b 4a20 | 4883 ec30 | 4c89 5424 | 284c 895c 
  0x00007fe93825c3fc: 2420 4c89 | 4424 1848 | 894c 2410 | 4889 5424 | 0849 8d72 | 2049 8bf9 

  0x00007fe93825c414: ;   {runtime_call ZBarrierSetRuntime::load_barrier_on_oop_field_preloaded(oopDesc*, oopDesc**)}
  0x00007fe93825c414: e877 fd44 | 154c 8bc8 | 488b 5424 | 0848 8b4c | 2410 4c8b | 4424 184c | 8b5c 2420 | 4c8b 5424 
  0x00007fe93825c434: 28c5 f877 | 4883 c430 | e94a e9ff | ff4d 8b61 | 1848 83ec | 304c 8954 | 2428 4c89 | 5c24 204c 
  0x00007fe93825c454: 8944 2418 | 4c89 4c24 | 1048 894c | 2408 4889 | 1424 498d | 7118 498b 

  0x00007fe93825c46c: ;   {runtime_call ZBarrierSetRuntime::load_barrier_on_oop_field_preloaded(oopDesc*, oopDesc**)}
  0x00007fe93825c46c: fce8 1efd | 4415 4c8b | e048 8b14 | 2448 8b4c | 2408 4c8b | 4c24 104c | 8b44 2418 | 4c8b 5c24 
  0x00007fe93825c48c: 204c 8b54 | 2428 c5f8 | 7748 83c4 | 30e9 29e9 | ffff 4c8b | 9310 0200 | 0048 83ec | 204c 895c 
  0x00007fe93825c4ac: 2418 4c89 | 4424 1048 | 894c 2408 | 4889 1424 | 488d b310 | 0200 0049 

  0x00007fe93825c4c4: ;   {runtime_call ZBarrierSetRuntime::load_barrier_on_oop_field_preloaded(oopDesc*, oopDesc**)}
  0x00007fe93825c4c4: 8bfa e8c5 | fc44 154c | 8bd0 488b | 1424 488b | 4c24 084c | 8b44 2410 | 4c8b 5c24 | 18c5 f877 
  0x00007fe93825c4e4: 4883 c420 | e915 e9ff | ff4d 8b53 | 5848 83ec | 204c 895c | 2418 4c89 | 4c24 1048 | 894c 2408 
  0x00007fe93825c504: 498d 7358 

  0x00007fe93825c508: ;   {runtime_call ZBarrierSetRuntime::load_barrier_on_oop_field_preloaded(oopDesc*, oopDesc**)}
  0x00007fe93825c508: 498b fae8 | 80fc 4415 | 4c8b d048 | 8b4c 2408 | 4c8b 4c24 | 104c 8b5c | 2418 c5f8 | 7748 83c4 
  0x00007fe93825c528: 20e9 0ce9 | ffff 488b | 7518 488b | fe48 8d75 

  0x00007fe93825c538: ;   {runtime_call ZBarrierSetRuntime::load_barrier_on_oop_field_preloaded(oopDesc*, oopDesc**)}
  0x00007fe93825c538: 18e8 52fc | 4415 488b | f0c5 f877 | e9b5 e9ff | ff4d 8b53 | 2048 83ec | 104c 895c | 2408 4889 
  0x00007fe93825c558: 3424 498d | 7320 498b 

  0x00007fe93825c560: ;   {runtime_call ZBarrierSetRuntime::load_barrier_on_oop_field_preloaded(oopDesc*, oopDesc**)}
  0x00007fe93825c560: fae8 2afc | 4415 4c8b | d048 8b34 | 244c 8b5c | 2408 c5f8 | 7748 83c4 | 10e9 93e9 | ffff 4c8b 
  0x00007fe93825c580: 5018 4883 | ec10 4c89 | 4424 0848 | 8904 2448 | 8d70 1849 

  0x00007fe93825c594: ;   {runtime_call ZBarrierSetRuntime::load_barrier_on_oop_field_preloaded(oopDesc*, oopDesc**)}
  0x00007fe93825c594: 8bfa e8f5 | fb44 154c | 8bd0 488b | 0424 4c8b | 4424 08c5 | f877 4883 | c410 e9a8 | e9ff ff48 
  0x00007fe93825c5b4: 8bb3 2002 | 0000 4883 | ec20 4c89 | 4424 184c | 894c 2410 | 4889 4c24 | 0848 8914 | 2448 8bfe 
  0x00007fe93825c5d4: 488d b320 

  0x00007fe93825c5d8: ;   {runtime_call ZBarrierSetRuntime::load_barrier_on_oop_field_preloaded(oopDesc*, oopDesc**)}
  0x00007fe93825c5d8: 0200 00e8 | b0fb 4415 | 488b f048 | 8b14 2448 | 8b4c 2408 | 4c8b 4c24 | 104c 8b44 | 2418 c5f8 
  0x00007fe93825c5f8: 7748 83c4 | 20e9 1dea | ffff 498b | b200 0200 | 0048 83ec | 104c 8954 | 2408 488b | fe49 8db2 
  0x00007fe93825c618: 0002 0000 

  0x00007fe93825c61c: ;   {runtime_call ZBarrierSetRuntime::load_barrier_on_oop_field_preloaded(oopDesc*, oopDesc**)}
  0x00007fe93825c61c: e86f fb44 | 1548 8bf0 | 4c8b 5424 | 08c5 f877 | 4883 c410 | e93a eaff | ff4c 8b93 | 8000 0000 
  0x00007fe93825c63c: 4883 ec20 | 4c89 4424 | 184c 894c | 2410 4889 | 4c24 0848 | 8914 2448 | 8db3 8000 | 0000 498b 
  0x00007fe93825c65c: ;   {runtime_call ZBarrierSetRuntime::load_barrier_on_oop_field_preloaded(oopDesc*, oopDesc**)}
  0x00007fe93825c65c: fae8 2efb | 4415 4c8b | d048 8b14 | 2448 8b4c | 2408 4c8b | 4c24 104c | 8b44 2418 | c5f8 7748 
  0x00007fe93825c67c: 83c4 20e9 | deea ffff | 488b b3f0 | 0100 0048 | 83ec 404c | 8954 2438 | 4c89 5c24 | 304c 8944 
  0x00007fe93825c69c: 2428 4c89 | 4c24 2048 | 894c 2418 | 4889 5424 | 1048 8944 | 2408 488b | fe48 8db3 | f001 0000 
  0x00007fe93825c6bc: ;   {runtime_call ZBarrierSetRuntime::load_barrier_on_oop_field_preloaded(oopDesc*, oopDesc**)}
  0x00007fe93825c6bc: e8cf fa44 | 1548 8bf0 | 488b 4424 | 0848 8b54 | 2410 488b | 4c24 184c | 8b4c 2420 | 4c8b 4424 
  0x00007fe93825c6dc: 284c 8b5c | 2430 4c8b | 5424 38c5 | f877 4883 | c440 e99a | eaff ff48 | 8bbb d800 | 0000 4883 
  0x00007fe93825c6fc: ec40 4c89 | 5424 384c | 895c 2430 | 4c89 4424 | 284c 894c | 2420 4889 | 4c24 1848 | 8954 2410 
  0x00007fe93825c71c: 4889 7424 | 0848 8904 | 2448 8db3 | d800 0000 

  0x00007fe93825c72c: ;   {runtime_call ZBarrierSetRuntime::load_barrier_on_oop_field_preloaded(oopDesc*, oopDesc**)}
  0x00007fe93825c72c: e85f fa44 | 1548 8bf8 | 488b 0424 | 488b 7424 | 0848 8b54 | 2410 488b | 4c24 184c | 8b4c 2420 
  0x00007fe93825c74c: 4c8b 4424 | 284c 8b5c | 2430 4c8b | 5424 38c5 | f877 4883 | c440 e937 | eaff ff4d | 8b5a 2048 
  0x00007fe93825c76c: 83ec 104c | 8954 2408 | 4889 0424 | 498d 7220 

  0x00007fe93825c77c: ;   {runtime_call ZBarrierSetRuntime::load_barrier_on_oop_field_preloaded(oopDesc*, oopDesc**)}
  0x00007fe93825c77c: 498b fbe8 | 0cfa 4415 | 4c8b d848 | 8b04 244c | 8b54 2408 | c5f8 7748 | 83c4 10e9 | a5ea ffff 
  0x00007fe93825c79c: 4c8b 4d10 | 4883 ec20 | 4c89 5424 | 184c 895c | 2410 4889 | 4424 0848 | 8d75 1049 

  0x00007fe93825c7b8: ;   {runtime_call ZBarrierSetRuntime::load_barrier_on_oop_field_preloaded(oopDesc*, oopDesc**)}
  0x00007fe93825c7b8: 8bf9 e8d1 | f944 154c | 8bc8 488b | 4424 084c | 8b5c 2410 | 4c8b 5424 | 18c5 f877 | 4883 c420 
  0x00007fe93825c7d8: e984 eaff | ff49 8b4a | 2848 83ec | 204c 8954 | 2418 4c89 | 5c24 104c | 894c 2408 | 4889 0424 
  0x00007fe93825c7f8: 498d 7228 

  0x00007fe93825c7fc: ;   {runtime_call ZBarrierSetRuntime::load_barrier_on_oop_field_preloaded(oopDesc*, oopDesc**)}
  0x00007fe93825c7fc: 488b f9e8 | 8cf9 4415 | 488b c848 | 8b04 244c | 8b4c 2408 | 4c8b 5c24 | 104c 8b54 | 2418 c5f8 
  0x00007fe93825c81c: 7748 83c4 | 20e9 49ea | ffff 498b | 7228 4883 | ec10 4c89 | 5424 0848 | 8bfe 498d 

  0x00007fe93825c838: ;   {runtime_call ZBarrierSetRuntime::load_barrier_on_oop_field_preloaded(oopDesc*, oopDesc**)}
  0x00007fe93825c838: 7228 e851 | f944 1548 | 8bf0 4c8b | 5424 08c5 | f877 4883 | c410 e968 | eaff ff49 | 8b48 2848 
  0x00007fe93825c858: 83ec 204c | 8944 2418 | 4889 7c24 | 1048 8944 | 2408 498d | 7028 488b 

  0x00007fe93825c870: ;   {runtime_call ZBarrierSetRuntime::load_barrier_on_oop_field_preloaded(oopDesc*, oopDesc**)}
  0x00007fe93825c870: f9e8 1af9 | 4415 488b | c848 8b44 | 2408 488b | 7c24 104c | 8b44 2418 | c5f8 7748 | 83c4 20e9 
  0x00007fe93825c890: 4eea ffff | 498b 5040 | 4883 ec20 | 4c89 4424 | 1848 894c | 2410 4889 | 7c24 0849 | 8d70 4048 
  0x00007fe93825c8b0: ;   {runtime_call ZBarrierSetRuntime::load_barrier_on_oop_field_preloaded(oopDesc*, oopDesc**)}
  0x00007fe93825c8b0: 8bfa e8d9 | f844 1548 | 8bd0 488b | 7c24 0848 | 8b4c 2410 | 4c8b 4424 | 18c5 f877 | 4883 c420 
  0x00007fe93825c8d0: e93e eaff | ff49 8bb4 | 24f0 0100 | 0048 83ec | 304c 8954 | 2428 4c89 | 5c24 204c | 8944 2418 
  0x00007fe93825c8f0: 4c89 4c24 | 1048 8944 | 2408 488b | fe49 8db4 | 24f0 0100 

  0x00007fe93825c904: ;   {runtime_call ZBarrierSetRuntime::load_barrier_on_oop_field_preloaded(oopDesc*, oopDesc**)}
  0x00007fe93825c904: 00e8 86f8 | 4415 488b | f048 8b44 | 2408 4c8b | 4c24 104c | 8b44 2418 | 4c8b 5c24 | 204c 8b54 
  0x00007fe93825c924: 2428 c5f8 | 7748 83c4 | 30e9 b2ea | ffff 498b | 8c24 d800 | 0000 4883 | ec30 4c89 | 5424 284c 
  0x00007fe93825c944: 895c 2420 | 4c89 4424 | 184c 894c | 2410 4889 | 7424 0848 | 8904 2449 | 8db4 24d8 | 0000 0048 
  0x00007fe93825c964: ;   {runtime_call ZBarrierSetRuntime::load_barrier_on_oop_field_preloaded(oopDesc*, oopDesc**)}
  0x00007fe93825c964: 8bf9 e825 | f844 1548 | 8bc8 488b | 0424 488b | 7424 084c | 8b4c 2410 | 4c8b 4424 | 184c 8b5c 
  0x00007fe93825c984: 2420 4c8b | 5424 28c5 | f877 4883 | c430 e95f | eaff ff49 | 8bb2 3802 | 0000 4883 | ec10 4c89 
  0x00007fe93825c9a4: 5424 0848 | 8bfe 498d | b238 0200 

  0x00007fe93825c9b0: ;   {runtime_call ZBarrierSetRuntime::load_barrier_on_oop_field_preloaded(oopDesc*, oopDesc**)}
  0x00007fe93825c9b0: 00e8 daf7 | 4415 488b | f04c 8b54 | 2408 c5f8 | 7748 83c4 | 10e9 84ea | ffff 498b | 7250 4883 
  0x00007fe93825c9d0: ec30 4c89 | 5424 284c | 8944 2420 | 4c89 4c24 | 1848 894c | 2410 4889 | 5424 0848 | 8bfe 498d 
  0x00007fe93825c9f0: ;   {runtime_call ZBarrierSetRuntime::load_barrier_on_oop_field_preloaded(oopDesc*, oopDesc**)}
  0x00007fe93825c9f0: 7250 e899 | f744 1548 | 8bf0 488b | 5424 0848 | 8b4c 2410 | 4c8b 4c24 | 184c 8b44 | 2420 4c8b 
  0x00007fe93825ca10: 5424 28c5 | f877 4883 | c430 e94c | ebff ff4d | 8b5f 6049 | 83bb 3803 | 0000 000f | 842d 0000 
  0x00007fe93825ca30: 0041 574d | 8bbb 3803 | 0000 4983 | ef10 4d89 | bb38 0300 | 004f 8d3c | 3b4c 8d5d | 504d 891f 
  0x00007fe93825ca50: 4d8b 1b4d | 895f 0841 | 5fe9 73eb | ffff 4883 | ec10 4c89 | 5424 084c | 891c 2448 

  0x00007fe93825ca6c: ;   {runtime_call ZBarrierSetRuntime::store_barrier_on_oop_field_without_healing(oopDesc**)}
  0x00007fe93825ca6c: 8d7d 50e8 | acfb 4415 | 4c8b 1c24 | 4c8b 5424 | 08c5 f877 | 4883 c410 | ebd3 498b | 7220 4883 
  0x00007fe93825ca8c: ec20 4c89 | 5424 184c | 894c 2410 | 4889 4c24 | 0848 8bfe | 498d 7220 

  0x00007fe93825caa4: ;   {runtime_call ZBarrierSetRuntime::load_barrier_on_oop_field_preloaded(oopDesc*, oopDesc**)}
  0x00007fe93825caa4: e8e7 f644 | 1548 8bf0 | 488b 4c24 | 084c 8b4c | 2410 4c8b | 5424 18c5 | f877 4883 | c420 e98d 
  0x00007fe93825cac4: ebff ff4d | 8b53 6048 | 83ec 204c | 895c 2418 | 4c89 4c24 | 1048 894c | 2408 4889 | 3424 498d 
  0x00007fe93825cae4: 7360 498b 

  0x00007fe93825cae8: ;   {runtime_call ZBarrierSetRuntime::load_barrier_on_oop_field_preloaded(oopDesc*, oopDesc**)}
  0x00007fe93825cae8: fae8 a2f6 | 4415 4c8b | d048 8b34 | 2448 8b4c | 2408 4c8b | 4c24 104c | 8b5c 2418 | c5f8 7748 
  0x00007fe93825cb08: 83c4 20e9 | 57eb ffff | 4c8b 9be0 | 0100 0048 | 83ec 104c | 8954 2408 | 488d b3e0 | 0100 0049 
  0x00007fe93825cb28: ;   {runtime_call ZBarrierSetRuntime::load_barrier_on_oop_field_preloaded(oopDesc*, oopDesc**)}
  0x00007fe93825cb28: 8bfb e861 | f644 154c | 8bd8 4c8b | 5424 08c5 | f877 4883 | c410 e97a | ebff ff49 | 8b50 3048 
  0x00007fe93825cb48: 83ec 204c | 8944 2418 | 4889 4c24 | 1048 897c | 2408 498d | 7030 488b 

  0x00007fe93825cb60: ;   {runtime_call ZBarrierSetRuntime::load_barrier_on_oop_field_preloaded(oopDesc*, oopDesc**)}
  0x00007fe93825cb60: fae8 2af6 | 4415 488b | d048 8b7c | 2408 488b | 4c24 104c | 8b44 2418 | c5f8 7748 | 83c4 20e9 
  0x00007fe93825cb80: 77eb ffff | 498b 5038 | 4883 ec20 | 4c89 4424 | 1848 894c | 2410 4889 | 7c24 0849 | 8d70 3848 
  0x00007fe93825cba0: ;   {runtime_call ZBarrierSetRuntime::load_barrier_on_oop_field_preloaded(oopDesc*, oopDesc**)}
  0x00007fe93825cba0: 8bfa e8e9 | f544 1548 | 8bd0 488b | 7c24 0848 | 8b4c 2410 | 4c8b 4424 | 18c5 f877 | 4883 c420 
  0x00007fe93825cbc0: e96f ebff | ff4d 8b5f | 6049 83bb | 3803 0000 | 000f 8430 | 0000 0041 | 574d 8bbb | 3803 0000 
  0x00007fe93825cbe0: 4983 ef10 | 4d89 bb38 | 0300 004f | 8d3c 3b4c | 8d9b e001 | 0000 4d89 | 1f4d 8b1b | 4d89 5f08 
  0x00007fe93825cc00: 415f e973 | edff ff48 | 83ec 104c | 8954 2408 | 4c89 1c24 | 488d bbe0 

  0x00007fe93825cc18: ;   {runtime_call ZBarrierSetRuntime::store_barrier_on_oop_field_without_healing(oopDesc**)}
  0x00007fe93825cc18: 0100 00e8 | 00fa 4415 | 4c8b 1c24 | 4c8b 5424 | 08c5 f877 | 4883 c410 | ebd0 498b | 7218 4883 
  0x00007fe93825cc38: ec10 4c89 | 5424 0848 | 8914 2448 | 8bfe 498d 

  0x00007fe93825cc48: ;   {runtime_call ZBarrierSetRuntime::load_barrier_on_oop_field_preloaded(oopDesc*, oopDesc**)}
  0x00007fe93825cc48: 7218 e841 | f544 1548 | 8bf0 488b | 1424 4c8b | 5424 08c5 | f877 4883 | c410 e907 

  0x00007fe93825cc64: ;   {internal_word}
  0x00007fe93825cc64: f3ff ff49 | ba7c ae25 | 38e9 7f00 | 004d 8997 | 7004 0000 

  0x00007fe93825cc78: ;   {runtime_call SafepointBlob}
  0x00007fe93825cc78: e983 6c85 

  0x00007fe93825cc7c: ;   {runtime_call StubRoutines (final stubs)}
  0x00007fe93825cc7c: ffe8 5edb | 83ff e993 | ddff fff4 
[Stub Code]
  0x00007fe93825cc88: ;   {no_reloc}
  0x00007fe93825cc88: 48bb 0000 | 0000 0000 

  0x00007fe93825cc90: ;   {runtime_call nmethod}
  0x00007fe93825cc90: 0000 e9fb 

  0x00007fe93825cc94: ;   {static_stub}
  0x00007fe93825cc94: ffff ff48 | bb00 0000 | 0000 0000 

  0x00007fe93825cca0: ;   {runtime_call nmethod}
  0x00007fe93825cca0: 00e9 fbff 

  0x00007fe93825cca4: ;   {static_stub}
  0x00007fe93825cca4: ffff 48bb | 0000 0000 | 0000 0000 

  0x00007fe93825ccb0: ;   {runtime_call nmethod}
  0x00007fe93825ccb0: e9fb ffff 

  0x00007fe93825ccb4: ;   {static_stub}
  0x00007fe93825ccb4: ff48 bb00 | 0000 0000 

  0x00007fe93825ccbc: ;   {runtime_call nmethod}
  0x00007fe93825ccbc: 0000 00e9 | fbff ffff 

  0x00007fe93825ccc4: ;   {static_stub}
  0x00007fe93825ccc4: 48bb 0000 | 0000 0000 

  0x00007fe93825cccc: ;   {runtime_call nmethod}
  0x00007fe93825cccc: 0000 e9fb 

  0x00007fe93825ccd0: ;   {static_stub}
  0x00007fe93825ccd0: ffff ff48 | bb40 4141 | 8de4 7f00 

  0x00007fe93825ccdc: ;   {runtime_call I2C/C2I adapters}
  0x00007fe93825ccdc: 00e9 a8ac 

  0x00007fe93825cce0: ;   {static_stub}
  0x00007fe93825cce0: 84ff 48bb | 0000 0000 | 0000 0000 

  0x00007fe93825ccec: ;   {runtime_call nmethod}
  0x00007fe93825ccec: e9fb ffff 

  0x00007fe93825ccf0: ;   {static_stub}
  0x00007fe93825ccf0: ff48 bb80 | c141 8de4 

  0x00007fe93825ccf8: ;   {runtime_call I2C/C2I adapters}
  0x00007fe93825ccf8: 7f00 00e9 | 2b4d b3ff 

  0x00007fe93825cd00: ;   {static_stub}
  0x00007fe93825cd00: 48bb f00d | 288d e47f 

  0x00007fe93825cd08: ;   {runtime_call I2C/C2I adapters}
  0x00007fe93825cd08: 0000 e974 

  0x00007fe93825cd0c: ;   {static_stub}
  0x00007fe93825cd0c: 4d85 ff48 | bbe0 ba41 | 8de4 7f00 

  0x00007fe93825cd18: ;   {runtime_call I2C/C2I adapters}
  0x00007fe93825cd18: 00e9 78e7 

  0x00007fe93825cd1c: ;   {static_stub}
  0x00007fe93825cd1c: 92ff 48bb | 0000 0000 | 0000 0000 

  0x00007fe93825cd28: ;   {runtime_call nmethod}
  0x00007fe93825cd28: e9fb ffff 

  0x00007fe93825cd2c: ;   {static_stub}
  0x00007fe93825cd2c: ff48 bbd8 | ed50 8de4 

  0x00007fe93825cd34: ;   {runtime_call I2C/C2I adapters}
  0x00007fe93825cd34: 7f00 00e9 | 4a54 85ff 

  0x00007fe93825cd3c: ;   {static_stub}
  0x00007fe93825cd3c: 48bb 0000 | 0000 0000 

  0x00007fe93825cd44: ;   {runtime_call nmethod}
  0x00007fe93825cd44: 0000 e9fb 

  0x00007fe93825cd48: ;   {static_stub}
  0x00007fe93825cd48: ffff ff48 | bb00 0000 | 0000 0000 

  0x00007fe93825cd54: ;   {runtime_call nmethod}
  0x00007fe93825cd54: 00e9 fbff 

  0x00007fe93825cd58: ;   {static_stub}
  0x00007fe93825cd58: ffff 48bb | 0000 0000 | 0000 0000 

  0x00007fe93825cd64: ;   {runtime_call nmethod}
  0x00007fe93825cd64: e9fb ffff 

  0x00007fe93825cd68: ;   {static_stub}
  0x00007fe93825cd68: ff48 bbb0 | 5542 8de4 

  0x00007fe93825cd70: ;   {runtime_call I2C/C2I adapters}
  0x00007fe93825cd70: 7f00 00e9 | 0b4d 85ff 

  0x00007fe93825cd78: ;   {static_stub}
  0x00007fe93825cd78: 48bb 60ad | 2b8d e47f 

  0x00007fe93825cd80: ;   {runtime_call I2C/C2I adapters}
  0x00007fe93825cd80: 0000 e984 

  0x00007fe93825cd84: ;   {static_stub}
  0x00007fe93825cd84: 9385 ff48 | bb00 0000 | 0000 0000 

  0x00007fe93825cd90: ;   {runtime_call nmethod}
  0x00007fe93825cd90: 00e9 fbff 

  0x00007fe93825cd94: ;   {static_stub}
  0x00007fe93825cd94: ffff 48bb | 0000 0000 | 0000 0000 

  0x00007fe93825cda0: ;   {runtime_call nmethod}
  0x00007fe93825cda0: e9fb ffff 

  0x00007fe93825cda4: ;   {runtime_call ExceptionBlob}
  0x00007fe93825cda4: ffe9 5689 | 87ff e800 | 0000 0048 | 832c 2405 

  0x00007fe93825cdb4: ;   {runtime_call DeoptimizationBlob}
  0x00007fe93825cdb4: e9e7 5d85 | fff4 f4f4 | f4f4 f4f4 
[/MachCode]


Compiled method (c2) 4426293 3076 %     4       org.agrona.concurrent.AgentRunner::workLoop @ 0 (17 bytes)
 total in heap  [0x00007fe938339410,0x00007fe93833a430] = 4128
 relocation     [0x00007fe938339568,0x00007fe938339648] = 224
 main code      [0x00007fe938339660,0x00007fe938339e98] = 2104
 stub code      [0x00007fe938339e98,0x00007fe938339ef8] = 96
 oops           [0x00007fe938339ef8,0x00007fe938339f00] = 8
 metadata       [0x00007fe938339f00,0x00007fe938339f88] = 136
 scopes data    [0x00007fe938339f88,0x00007fe93833a188] = 512
 scopes pcs     [0x00007fe93833a188,0x00007fe93833a308] = 384
 dependencies   [0x00007fe93833a308,0x00007fe93833a320] = 24
 handler table  [0x00007fe93833a320,0x00007fe93833a410] = 240
 nul chk table  [0x00007fe93833a410,0x00007fe93833a430] = 32

[Constant Pool (empty)]

[MachCode]
[Verified Entry Point]
  # {method} {0x00007fe48d434f40} 'workLoop' '(Lorg/agrona/concurrent/IdleStrategy;Lorg/agrona/concurrent/Agent;)V' in 'org/agrona/concurrent/AgentRunner'
  0x00007fe938339660: ;   {runtime_call os::breakpoint()}
  0x00007fe938339660: e80b 71fe | 1466 6666 | 0f1f 8400 | 0000 0000 | 8984 2400 | c0fe ff55 | 4883 ec60 | 4181 7f58 
  0x00007fe938339680: 208a 0000 | 0f85 ff07 | 0000 4c8b | 7610 4c8b | 6608 488b | 1e4d 8b97 | 9003 0000 

  0x00007fe93833969c: ;   {other}
  0x00007fe93833969c: 4d8b 2a49 | c1ed 100f | 87e4 0600 | 0048 8bfe | 49ba a063 | 3d4d e97f | 0000 41ff 

  0x00007fe9383396b8: ;   {other}
  0x00007fe9383396b8: d20f 1f84 | 0000 0000 | 004d 85f6 | 0f84 3e05 | 0000 458b 

  0x00007fe9383396cc: ;   {metadata('org/agrona/concurrent/AgentRunner')}
  0x00007fe9383396cc: 5e08 4181 | fbb0 cc27 | 010f 8551 | 0500 004d | 8bc6 448b | 4b08 e97e | 0100 0044 | 8b50 0849 
  0x00007fe9383396ec: bb00 0000 | 97e4 7f00 | 004d 03da | 4d8b 5348 

  0x00007fe9383396fc: ;   {metadata('java/lang/InterruptedException')}
  0x00007fe9383396fc: 49b8 0817 | 0598 e47f | 0000 4d3b | d00f 85e7 | 0200 004c | 8b54 2418 | 41c6 420c | 00f0 8344 
  0x00007fe93833971c: 24c0 0048 | 8b74 2410 

  0x00007fe938339724: ;   {optimized virtual_call}
  0x00007fe938339724: 6666 90e8 

  0x00007fe938339728: ; ImmutableOopMap {[0]=Oop [8]=Oop [16]=Oop [24]=Oop }
                      ;*invokevirtual interrupt {reexecute=0 rethrow=0 return_oop=0}
                      ; - org.agrona.concurrent.AgentRunner::doWork@44 (line 322)
                      ; - org.agrona.concurrent.AgentRunner::workLoop@10 (line 304)
  0x00007fe938339728: 5439 77ff 

  0x00007fe93833972c: ;   {other}
  0x00007fe93833972c: 0f1f 8400 | 1c03 0000 | 4c8b 2424 | 488b 5c24 | 084c 8b6c | 2410 4c8b | 4424 1844 | 8b4c 2420 
  0x00007fe93833974c: e90a 0100 | 004c 8b24 | 2448 8b5c | 2408 4c8b | 6c24 104c | 8b44 2418 | 448b 4c24 | 2048 8b54 
  0x00007fe93833976c: 2430 8b4c | 2424 458d | 5a01 4489 | 5f0c 443b | d10f 83e6 | 0200 0089 | 4c24 2448 | 897c 2428 
  0x00007fe93833978c: 4489 4c24 | 204c 8944 | 2418 4c89 | 6c24 1048 | 895c 2408 | 4c89 2424 | 4a8b 74d2 

  0x00007fe9383397a8: ;   {other}
  0x00007fe9383397a8: 1048 c1ee | 100f 870d | 0600 0048 | 8954 2430 | 9048 b810 | 7c07 2ce4 

  0x00007fe9383397c0: ;   {virtual_call}
  0x00007fe9383397c0: 7f00 00e8 

  0x00007fe9383397c4: ; ImmutableOopMap {[0]=Oop [8]=Oop [16]=Oop [24]=Oop [40]=Oop [48]=Oop }
                      ;*invokeinterface doWork {reexecute=0 rethrow=0 return_oop=0}
                      ; - org.agrona.concurrent.CompositeAgent::doWork@32 (line 124)
                      ; - org.agrona.concurrent.AgentRunner::doWork@1 (line 312)
                      ; - org.agrona.concurrent.AgentRunner::workLoop@10 (line 304)
  0x00007fe9383397c4: 58a6 83ff 

  0x00007fe9383397c8: ;   {other}
  0x00007fe9383397c8: 0f1f 8400 | b803 0001 | 4d8b 9760 | 0400 0003 

  0x00007fe9383397d8: ; ImmutableOopMap {[0]=Oop [8]=Oop [16]=Oop [24]=Oop [40]=Oop [48]=Oop }
                      ;*goto {reexecute=1 rethrow=0 return_oop=0}
                      ; - (reexecute) org.agrona.concurrent.CompositeAgent::doWork@39 (line 125)
                      ; - org.agrona.concurrent.AgentRunner::doWork@1 (line 312)
                      ; - org.agrona.concurrent.AgentRunner::workLoop@10 (line 304)
                      ;   {poll}
  0x00007fe9383397d8: e841 8502 | 488b 7c24 | 2844 8b57 | 0c44 3b54 | 2424 0f8c | 61ff ffff | 4c8b 2424 | 488b 5c24 
  0x00007fe9383397f8: 084c 8b6c | 2410 4c8b | 4424 1844 | 8b4c 2420 | eb02 33ed | c747 0c00 | 0000 0045 | 8b54 2408 
  0x00007fe938339818: ;   {metadata('org/agrona/concurrent/BackoffIdleStrategy')}
  0x00007fe938339818: 4181 fa70 | ba26 010f | 8550 0100 | 004d 8bd4 | 85ed 0f8e | 6c02 0000 | 41c7 424c | 0000 0000 
  0x00007fe938339838: 4d8b 5a60 | 4d89 9a80 | 0000 0049 | c742 7000 | 0000 0049 | c742 7800 | 0000 0085 | ed0f 8e76 
  0x00007fe938339858: 0100 004d | 8b97 6004 

  0x00007fe938339860: ; ImmutableOopMap {r8=Oop r12=Oop rbx=Oop r13=Oop }
                      ;*goto {reexecute=1 rethrow=0 return_oop=0}
                      ; - (reexecute) org.agrona.concurrent.AgentRunner::workLoop@13 (line 304)
                      ;   {poll}
  0x00007fe938339860: 0000 4185 | 0245 0fb6 | 500c 4585 | d20f 8451 

  0x00007fe938339870: ;   {metadata('io/aeron/driver/NamedCompositeAgent')}
  0x00007fe938339870: 0200 0041 | 81f9 90d1 | 2701 7528 | 488b fb48 

  0x00007fe938339880: ;   {other}
  0x00007fe938339880: 8b57 1048 | c1ea 100f | 876a 0500 | 008b 4a0c | 448b 570c | 443b d10f | 8d6d ffff | ff33 ede9 
  0x00007fe9383398a0: cefe ffff 

  0x00007fe9383398a4: ;   {metadata('io/aeron/ClientConductor')}
  0x00007fe9383398a4: 4181 f910 | 7028 010f | 85f5 0200 | 0044 894c | 2420 4c89 | 4424 184c | 896c 2410 | 4c89 2424 
  0x00007fe9383398c4: 488b eb48 | 895c 2408 | 488b 7570 

  0x00007fe9383398d0: ;   {other}
  0x00007fe9383398d0: 48c1 ee10 | 0f87 5e05 | 0000 6666 | 9048 b880 | 9119 97e4 

  0x00007fe9383398e4: ;   {virtual_call}
  0x00007fe9383398e4: 7f00 00e8 

  0x00007fe9383398e8: ; ImmutableOopMap {rbp=Oop [0]=Oop [8]=Oop [16]=Oop [24]=Oop }
                      ;*invokeinterface tryLock {reexecute=0 rethrow=0 return_oop=0}
                      ; - io.aeron.ClientConductor::doWork@6 (line 227)
                      ; - org.agrona.concurrent.AgentRunner::doWork@1 (line 312)
                      ; - org.agrona.concurrent.AgentRunner::workLoop@10 (line 304)
  0x00007fe9383398e8: d436 0c00 

  0x00007fe9383398ec: ;   {other}
  0x00007fe9383398ec: 0f1f 8400 | dc04 0004 | 85c0 0f84 | f300 0000 | 4c8b dd44 | 0fb6 5552 | 4585 d20f | 85df 0200 
  0x00007fe93833990c: 0048 8bf5 | 48c7 c2ff 

  0x00007fe938339914: ;   {optimized virtual_call}
  0x00007fe938339914: ffff ffe8 

  0x00007fe938339918: ; ImmutableOopMap {rbp=Oop [0]=Oop [8]=Oop [16]=Oop [24]=Oop }
                      ;*invokevirtual service {reexecute=0 rethrow=0 return_oop=0}
                      ; - io.aeron.ClientConductor::doWork@33 (line 236)
                      ; - org.agrona.concurrent.AgentRunner::doWork@1 (line 312)
                      ; - org.agrona.concurrent.AgentRunner::workLoop@10 (line 304)
  0x00007fe938339918: 249e 0c00 

  0x00007fe93833991c: ;   {other}
  0x00007fe93833991c: 0f1f 8400 | 0c05 0005 | 8944 2424 | 488b 7570 

  0x00007fe93833992c: ;   {other}
  0x00007fe93833992c: 48c1 ee10 | 0f87 1d05 | 0000 488b | 6c24 1866 | 9048 b880 | 9119 97e4 

  0x00007fe938339944: ;   {virtual_call}
  0x00007fe938339944: 7f00 00e8 

  0x00007fe938339948: ; ImmutableOopMap {rbp=Oop [0]=Oop [8]=Oop [16]=Oop [24]=Oop }
                      ;*invokeinterface unlock {reexecute=0 rethrow=0 return_oop=0}
                      ; - io.aeron.ClientConductor::doWork@41 (line 240)
                      ; - org.agrona.concurrent.AgentRunner::doWork@1 (line 312)
                      ; - org.agrona.concurrent.AgentRunner::workLoop@10 (line 304)
  0x00007fe938339948: b45e feff 

  0x00007fe93833994c: ;   {other}
  0x00007fe93833994c: 0f1f 8400 | 3c05 0006 | 8b6c 2424 | 4c8b 2424 | 488b 5c24 | 084c 8b6c | 2410 4c8b | 4424 1844 
  0x00007fe93833996c: 8b4c 2420 | e99e feff 

  0x00007fe938339974: ;   {metadata('org/agrona/concurrent/SleepingMillisIdleStrategy')}
  0x00007fe938339974: ff41 81fa | e064 2801 | 0f85 4602 | 0000 85ed | 0f8f c9fe | ffff 4489 | 4c24 204c | 8944 2418 
  0x00007fe938339994: 4c89 6c24 | 1048 895c | 2408 4c89 | 2424 498b 

  0x00007fe9383399a4: ;   {static_call}
  0x00007fe9383399a4: 7424 10e8 

  0x00007fe9383399a8: ; ImmutableOopMap {[0]=Oop [8]=Oop [16]=Oop [24]=Oop }
                      ;*invokestatic sleep {reexecute=0 rethrow=0 return_oop=0}
                      ; - org.agrona.concurrent.SleepingMillisIdleStrategy::idle@9 (line 67)
                      ; - org.agrona.concurrent.AgentRunner::doWork@9 (line 313)
                      ; - org.agrona.concurrent.AgentRunner::workLoop@10 (line 304)
  0x00007fe9383399a8: 94b7 0f00 

  0x00007fe9383399ac: ;   {other}
  0x00007fe9383399ac: 0f1f 8400 | 9c05 0007 | 4c8b 2424 | 488b 5c24 | 084c 8b6c | 2410 4c8b | 4424 1844 | 8b4c 2420 
  0x00007fe9383399cc: e982 feff | ff45 0fb6 | 553a 4585 | d20f 847c | feff ff41 | c640 0c00 | f083 4424 | c000 e96c 
  0x00007fe9383399ec: feff ff33 | ede9 62ff | ffff 4d8b 

  0x00007fe9383399f8: ;   {metadata('java/nio/channels/ClosedByInterruptException')}
  0x00007fe9383399f8: 5360 49b8 | 00bb 1b98 | e47f 0000 | 4d3b d00f | 8402 fdff | ff4d 8b53 

  0x00007fe938339a10: ;   {metadata('org/agrona/concurrent/AgentTerminationException')}
  0x00007fe938339a10: 5049 bb78 | cd26 98e4 | 7f00 004d | 3bd3 0f85 | b800 0000 | 488b d04c | 8b54 2418 | 41c6 420c 
  0x00007fe938339a30: 00f0 8344 | 24c0 0048 | 8b74 2418 

  0x00007fe938339a3c: ;   {optimized virtual_call}
  0x00007fe938339a3c: 6666 90e8 

  0x00007fe938339a40: ; ImmutableOopMap {[0]=Oop [8]=Oop [16]=Oop [24]=Oop }
                      ;*invokevirtual handleError {reexecute=0 rethrow=0 return_oop=0}
                      ; - org.agrona.concurrent.AgentRunner::doWork@58 (line 327)
                      ; - org.agrona.concurrent.AgentRunner::workLoop@10 (line 304)
  0x00007fe938339a40: 3c36 77ff 

  0x00007fe938339a44: ;   {other}
  0x00007fe938339a44: 0f1f 8400 | 3406 0008 | 4c8b 2424 | 488b 5c24 | 084c 8b6c | 2410 4c8b | 4424 1844 | 8b4c 2420 
  0x00007fe938339a64: e9f2 fdff | ffbe e4ff | ffff 4889 | 5c24 104c | 8944 2418 | 4c89 6424 | 2048 897c | 2428 4889 
  0x00007fe938339a84: 5424 3844 | 8954 2440 

  0x00007fe938339a8c: ;   {runtime_call UncommonTrapBlob}
  0x00007fe938339a8c: 6666 90e8 

  0x00007fe938339a90: ; ImmutableOopMap {[16]=Oop [24]=Oop [32]=Oop [40]=Oop [56]=Oop }
                      ;*aaload {reexecute=0 rethrow=0 return_oop=0}
                      ; - org.agrona.concurrent.CompositeAgent::doWork@28 (line 123)
                      ; - org.agrona.concurrent.AgentRunner::doWork@1 (line 312)
                      ; - org.agrona.concurrent.AgentRunner::workLoop@10 (line 304)
  0x00007fe938339a90: 6c8d 77ff 

  0x00007fe938339a94: ;   {other}
  0x00007fe938339a94: 0f1f 8400 | 8406 0009 | be45 ffff | ff4c 8964 | 2408 4889 | 5c24 104c | 8944 2418 | 4c89 5424 
  0x00007fe938339ab4: ;   {runtime_call UncommonTrapBlob}
  0x00007fe938339ab4: 2066 90e8 

  0x00007fe938339ab8: ; ImmutableOopMap {[8]=Oop [16]=Oop [24]=Oop [32]=Oop }
                      ;*ifle {reexecute=1 rethrow=0 return_oop=0}
                      ; - (reexecute) org.agrona.concurrent.BackoffIdleStrategy::idle@1 (line 179)
                      ; - org.agrona.concurrent.AgentRunner::doWork@9 (line 313)
                      ; - org.agrona.concurrent.AgentRunner::workLoop@10 (line 304)
  0x00007fe938339ab8: 448d 77ff 

  0x00007fe938339abc: ;   {other}
  0x00007fe938339abc: 0f1f 8400 | ac06 000a | be45 ffff | ff41 8bea 

  0x00007fe938339acc: ;   {runtime_call UncommonTrapBlob}
  0x00007fe938339acc: 6666 90e8 

  0x00007fe938339ad0: ; ImmutableOopMap {}
                      ;*ifeq {reexecute=1 rethrow=0 return_oop=0}
                      ; - (reexecute) org.agrona.concurrent.AgentRunner::workLoop@4 (line 302)
  0x00007fe938339ad0: 2c8d 77ff 

  0x00007fe938339ad4: ;   {other}
  0x00007fe938339ad4: 0f1f 8400 | c406 000b | 4889 4424 | 284c 8b5c | 2410 450f | b653 3a45 | 85d2 0f84 | a300 0000 
  0x00007fe938339af4: 4c8b 5424 | 1841 c642 | 0c00 f083 | 4424 c000 | 4c89 5424 | 1049 8beb | 498b f248 | 8b54 2428 
  0x00007fe938339b14: ;   {optimized virtual_call}
  0x00007fe938339b14: 6666 90e8 

  0x00007fe938339b18: ; ImmutableOopMap {rbp=Oop [0]=Oop [8]=Oop [16]=Oop [40]=Oop }
                      ;*invokevirtual handleError {reexecute=0 rethrow=0 return_oop=0}
                      ; - org.agrona.concurrent.AgentRunner::doWork@81 (line 336)
                      ; - org.agrona.concurrent.AgentRunner::workLoop@10 (line 304)
  0x00007fe938339b18: 6435 77ff 

  0x00007fe938339b1c: ;   {other}
  0x00007fe938339b1c: 0f1f 8400 | 0c07 000c | 4c8b 4424 | 1045 0fb6 | 580c 4585 | db74 6e4c | 8bed 440f | b65d 3a45 
  0x00007fe938339b3c: 85db 740b | 41c6 400c | 00f0 8344 | 24c0 004c | 8b64 2428 | 458b 5424 

  0x00007fe938339b54: ;   {metadata('java/lang/Error')}
  0x00007fe938339b54: 0849 bb90 | 1d01 97e4 | 7f00 0049 | b900 0000 | 97e4 7f00 | 004d 03ca | 4d8b 5140 | 4d3b d375 
  0x00007fe938339b74: 0f48 8b74 | 2428 4883 

  0x00007fe938339b7c: ;   {runtime_call _rethrow_Java}
  0x00007fe938339b7c: c460 5de9 | 7c18 7aff | 4c8b 2424 | 488b 5c24 | 0844 8b4c | 2420 e9c4 | fcff ff4c | 8b54 2418 
  0x00007fe938339b9c: e963 ffff | ff4c 8bed | eba5 bec6 | ffff ff4c | 8944 2410 | 4c89 6424 | 1848 895c 

  0x00007fe938339bb8: ;   {runtime_call UncommonTrapBlob}
  0x00007fe938339bb8: 2420 90e8 

  0x00007fe938339bbc: ; ImmutableOopMap {[16]=Oop [24]=Oop [32]=Oop }
                      ;*invokeinterface doWork {reexecute=0 rethrow=0 return_oop=0}
                      ; - org.agrona.concurrent.AgentRunner::doWork@1 (line 312)
                      ; - org.agrona.concurrent.AgentRunner::workLoop@10 (line 304)
  0x00007fe938339bbc: 408c 77ff 

  0x00007fe938339bc0: ;   {other}
  0x00007fe938339bc0: 0f1f 8400 | b007 000d | bec6 ffff | ff48 895c | 2410 4c89 | 4424 184c | 8964 2420 

  0x00007fe938339bdc: ;   {runtime_call UncommonTrapBlob}
  0x00007fe938339bdc: 6666 90e8 

  0x00007fe938339be0: ; ImmutableOopMap {[16]=Oop [24]=Oop [32]=Oop }
                      ;*invokeinterface idle {reexecute=0 rethrow=0 return_oop=0}
                      ; - org.agrona.concurrent.AgentRunner::doWork@9 (line 313)
                      ; - org.agrona.concurrent.AgentRunner::workLoop@10 (line 304)
  0x00007fe938339be0: 1c8c 77ff 

  0x00007fe938339be4: ;   {other}
  0x00007fe938339be4: 0f1f 8400 | d407 000e | be65 0100 | 0048 8b6c | 2418 4c89 

  0x00007fe938339bf8: ;   {runtime_call UncommonTrapBlob}
  0x00007fe938339bf8: 5c24 20e8 

  0x00007fe938339bfc: ; ImmutableOopMap {rbp=Oop [0]=Oop [8]=Oop [32]=Oop }
                      ;*new {reexecute=0 rethrow=0 return_oop=0}
                      ; - io.aeron.ClientConductor::doWork@21 (line 233)
                      ; - org.agrona.concurrent.AgentRunner::doWork@1 (line 312)
                      ; - org.agrona.concurrent.AgentRunner::workLoop@10 (line 304)
  0x00007fe938339bfc: 008c 77ff 

  0x00007fe938339c00: ;   {other}
  0x00007fe938339c00: 0f1f 8400 | f007 000f | 33ed eb03 | 498b e8be | 76ff ffff | 4c89 2424 | 4889 5c24 

  0x00007fe938339c1c: ;   {runtime_call UncommonTrapBlob}
  0x00007fe938339c1c: 0866 90e8 

  0x00007fe938339c20: ; ImmutableOopMap {rbp=Oop [0]=Oop [8]=Oop }
                      ;*aload_0 {reexecute=0 rethrow=0 return_oop=0}
                      ; - org.agrona.concurrent.AgentRunner::workLoop@0 (line 302)
  0x00007fe938339c20: dc8b 77ff 

  0x00007fe938339c24: ;   {other}
  0x00007fe938339c24: 0f1f 8400 | 1408 0010 | be8d ffff | ff49 8bec | 4889 1c24 | 4c89 7424 

  0x00007fe938339c3c: ;   {runtime_call UncommonTrapBlob}
  0x00007fe938339c3c: 0866 90e8 

  0x00007fe938339c40: ; ImmutableOopMap {rbp=Oop [0]=Oop [8]=Oop }
                      ;*aload_0 {reexecute=0 rethrow=0 return_oop=0}
                      ; - org.agrona.concurrent.AgentRunner::workLoop@0 (line 302)
  0x00007fe938339c40: bc8b 77ff 

  0x00007fe938339c44: ;   {other}
  0x00007fe938339c44: 0f1f 8400 | 3408 0011 | bef6 ffff | ff4c 8964 | 2408 4889 | 5c24 104c | 8944 2418 

  0x00007fe938339c60: ;   {runtime_call UncommonTrapBlob}
  0x00007fe938339c60: 6666 90e8 

  0x00007fe938339c64: ; ImmutableOopMap {[8]=Oop [16]=Oop [24]=Oop }
                      ;*invokeinterface idle {reexecute=0 rethrow=0 return_oop=0}
                      ; - org.agrona.concurrent.AgentRunner::doWork@9 (line 313)
                      ; - org.agrona.concurrent.AgentRunner::workLoop@10 (line 304)
  0x00007fe938339c64: 988b 77ff 

  0x00007fe938339c68: ;   {other}
  0x00007fe938339c68: 0f1f 8400 | 5808 0012 | bef6 ffff | ff48 895c | 2408 4c89 | 4424 104c | 8964 2418 

  0x00007fe938339c84: ;   {runtime_call UncommonTrapBlob}
  0x00007fe938339c84: 6666 90e8 

  0x00007fe938339c88: ; ImmutableOopMap {[8]=Oop [16]=Oop [24]=Oop }
                      ;*arraylength {reexecute=0 rethrow=0 return_oop=0}
                      ; - org.agrona.concurrent.CompositeAgent::doWork@12 (line 121)
                      ; - org.agrona.concurrent.AgentRunner::doWork@1 (line 312)
                      ; - org.agrona.concurrent.AgentRunner::workLoop@10 (line 304)
  0x00007fe938339c88: 748b 77ff 

  0x00007fe938339c8c: ;   {other}
  0x00007fe938339c8c: 0f1f 8400 | 7c08 0013 | eb02 eb00 | 488b f0e9 | dafe ffff | eb3b eb39 | eb37 4889 | 4424 284c 
  0x00007fe938339cac: ;   {other}
  0x00007fe938339cac: 8b5d 7049 | c1eb 100f | 87b5 0100 | 0049 8bf3 | 488b 6c24 | 1848 b8ff | ffff ffff 

  0x00007fe938339cc8: ;   {virtual_call}
  0x00007fe938339cc8: ffff ffe8 

  0x00007fe938339ccc: ; ImmutableOopMap {rbp=Oop [0]=Oop [8]=Oop [16]=Oop [24]=Oop [40]=Oop }
                      ;*invokeinterface unlock {reexecute=0 rethrow=0 return_oop=0}
                      ; - io.aeron.ClientConductor::doWork@54 (line 240)
                      ; - org.agrona.concurrent.AgentRunner::doWork@1 (line 312)
                      ; - org.agrona.concurrent.AgentRunner::workLoop@10 (line 304)
  0x00007fe938339ccc: b036 77ff 

  0x00007fe938339cd0: ;   {other}
  0x00007fe938339cd0: 0f1f 8400 | c008 0014 | 488b 4424 | 2844 8b40 | 0849 bb00 | 0000 97e4 | 7f00 004d | 03d8 e905 
  0x00007fe938339cf0: faff ff44 | 8b58 0849 | ba00 0000 | 97e4 7f00 | 004d 03d3 | eb34 448b 

  0x00007fe938339d08: ;   {metadata('java/lang/InterruptedException')}
  0x00007fe938339d08: 5808 4181 | fb08 1705 | 0175 1a48 | 8b74 2410 

  0x00007fe938339d18: ;   {optimized virtual_call}
  0x00007fe938339d18: 6666 90e8 

  0x00007fe938339d1c: ; ImmutableOopMap {[0]=Oop [8]=Oop [16]=Oop [24]=Oop }
                      ;*invokevirtual interrupt {reexecute=0 rethrow=0 return_oop=0}
                      ; - org.agrona.concurrent.SleepingMillisIdleStrategy::idle@19 (line 71)
                      ; - org.agrona.concurrent.AgentRunner::doWork@9 (line 313)
                      ; - org.agrona.concurrent.AgentRunner::workLoop@10 (line 304)
  0x00007fe938339d1c: 6033 77ff 

  0x00007fe938339d20: ;   {other}
  0x00007fe938339d20: 0f1f 8400 | 1009 0015 | e987 fcff | ff49 ba00 | 0000 97e4 | 7f00 004d | 03d3 4d8b 

  0x00007fe938339d3c: ;   {metadata('java/lang/InterruptedException')}
  0x00007fe938339d3c: 5a48 49b8 | 0817 0598 | e47f 0000 | 4d3b d80f | 84be f9ff | ff4d 8b5a 

  0x00007fe938339d54: ;   {metadata('java/nio/channels/ClosedByInterruptException')}
  0x00007fe938339d54: 6049 b800 | bb1b 98e4 | 7f00 004d | 3bd8 0f84 | a7f9 ffff | 4d8b 5250 

  0x00007fe938339d6c: ;   {metadata('org/agrona/concurrent/AgentTerminationException')}
  0x00007fe938339d6c: 49bb 78cd | 2698 e47f | 0000 4d3b | d375 0848 | 8bd0 e9a4 | fcff ff48 | 8944 2428 | e954 fdff 
  0x00007fe938339d8c: ff4d 8b2a | 4883 ec10 | 4c89 5424 | 0848 8934 | 2449 8d32 

  0x00007fe938339da0: ;   {runtime_call ZBarrierSetRuntime::load_barrier_on_oop_field_preloaded(oopDesc*, oopDesc**)}
  0x00007fe938339da0: 498b fde8 | e823 3715 | 4c8b e848 | 8b34 244c | 8b54 2408 | c5f8 7748 | 83c4 10e9 | e9f8 ffff 
  0x00007fe938339dc0: 4a8b 74d2 | 1048 83ec | 104c 8954 | 2408 4889 | 1424 488b | fe4a 8d74 

  0x00007fe938339dd8: ;   {runtime_call ZBarrierSetRuntime::load_barrier_on_oop_field_preloaded(oopDesc*, oopDesc**)}
  0x00007fe938339dd8: d210 e8b1 | 2337 1548 | 8bf0 488b | 1424 4c8b | 5424 08c5 | f877 4883 | c410 e9bc | f9ff ff48 
  0x00007fe938339df8: 8b57 1048 | 83ec 204c | 8944 2418 | 4c89 4c24 | 1048 897c | 2408 488d | 7710 488b 

  0x00007fe938339e14: ;   {runtime_call ZBarrierSetRuntime::load_barrier_on_oop_field_preloaded(oopDesc*, oopDesc**)}
  0x00007fe938339e14: fae8 7623 | 3715 488b | d048 8b7c | 2408 4c8b | 4c24 104c | 8b44 2418 | c5f8 7748 | 83c4 20e9 
  0x00007fe938339e34: 55fa ffff | 488b 7570 | 488b fe48 

  0x00007fe938339e40: ;   {runtime_call ZBarrierSetRuntime::load_barrier_on_oop_field_preloaded(oopDesc*, oopDesc**)}
  0x00007fe938339e40: 8d75 70e8 | 4823 3715 | 488b f0c5 | f877 e987 | faff ff48 | 8b75 7048 | 8bfe 488d 

  0x00007fe938339e5c: ;   {runtime_call ZBarrierSetRuntime::load_barrier_on_oop_field_preloaded(oopDesc*, oopDesc**)}
  0x00007fe938339e5c: 7570 e82d | 2337 1548 | 8bf0 c5f8 | 77e9 c8fa | ffff 4c8b | 5d70 488d | 7570 498b 

  0x00007fe938339e78: ;   {runtime_call ZBarrierSetRuntime::load_barrier_on_oop_field_preloaded(oopDesc*, oopDesc**)}
  0x00007fe938339e78: fbe8 1223 | 3715 4c8b | d8c5 f877 | e930 feff 

  0x00007fe938339e88: ;   {runtime_call StubRoutines (final stubs)}
  0x00007fe938339e88: ffe8 5209 | 76ff e9f7 | f7ff fff4 | f4f4 f4f4 
[Stub Code]
  0x00007fe938339e98: ;   {no_reloc}
  0x00007fe938339e98: 48bb 0000 | 0000 0000 

  0x00007fe938339ea0: ;   {runtime_call nmethod}
  0x00007fe938339ea0: 0000 e9fb 

  0x00007fe938339ea4: ;   {static_stub}
  0x00007fe938339ea4: ffff ff48 | bb00 0000 | 0000 0000 

  0x00007fe938339eb0: ;   {runtime_call nmethod}
  0x00007fe938339eb0: 00e9 fbff 

  0x00007fe938339eb4: ;   {static_stub}
  0x00007fe938339eb4: ffff 48bb | 0000 0000 | 0000 0000 

  0x00007fe938339ec0: ;   {runtime_call nmethod}
  0x00007fe938339ec0: e9fb ffff 

  0x00007fe938339ec4: ;   {static_stub}
  0x00007fe938339ec4: ff48 bb00 | 0000 0000 

  0x00007fe938339ecc: ;   {runtime_call nmethod}
  0x00007fe938339ecc: 0000 00e9 | fbff ffff 

  0x00007fe938339ed4: ;   {static_stub}
  0x00007fe938339ed4: 48bb 0000 | 0000 0000 

  0x00007fe938339edc: ;   {runtime_call nmethod}
  0x00007fe938339edc: 0000 e9fb 

  0x00007fe938339ee0: ;   {runtime_call ExceptionBlob}
  0x00007fe938339ee0: ffff ffe9 | 18b8 79ff 
[Deopt Handler Code]
  0x00007fe938339ee8: e800 0000 | 0048 832c 

  0x00007fe938339ef0: ;   {runtime_call DeoptimizationBlob}
  0x00007fe938339ef0: 2405 e9a9 | 8c77 fff4 
[/MachCode]


---------------  P R O C E S S  ---------------

Threads class SMR info:
_java_thread_list=0x00007fe3f0002c80, length=25, elements={
0x00007fe9480c8e10, 0x00007fe94816c020, 0x00007fe94816da10, 0x00007fe94816f630,
0x00007fe9481710f0, 0x00007fe948172b10, 0x00007fe948174b50, 0x00007fe94817e680,
0x00007fe9481d12b0, 0x00007fe9481d4730, 0x00007fe9482eb410, 0x00007fe9482fea70,
0x00007fe948588650, 0x00007fe4481db450, 0x00007fe94859fd80, 0x00007fe948695390,
0x00007fe9486bb2b0, 0x00007fe948704600, 0x00007fe400002420, 0x00007fe400004bb0,
0x00007fe400006090, 0x00007fe400007290, 0x00007fe45402b9b0, 0x00007fe45c0c2460,
0x00007fe45402cc30
}

Java Threads: ( => current thread )
  0x00007fe9480c8e10 JavaThread "main"                              [_thread_blocked, id=7425, stack(0x00007fe94c500000,0x00007fe94c600000) (1024K)]
  0x00007fe94816c020 JavaThread "Reference Handler"          daemon [_thread_blocked, id=7449, stack(0x00007fe928071000,0x00007fe928171000) (1024K)]
  0x00007fe94816da10 JavaThread "Finalizer"                  daemon [_thread_blocked, id=7450, stack(0x00007fe496900000,0x00007fe496a00000) (1024K)]
  0x00007fe94816f630 JavaThread "Signal Dispatcher"          daemon [_thread_blocked, id=7451, stack(0x00007fe496800000,0x00007fe496900000) (1024K)]
  0x00007fe9481710f0 JavaThread "Service Thread"             daemon [_thread_blocked, id=7452, stack(0x00007fe496700000,0x00007fe496800000) (1024K)]
  0x00007fe948172b10 JavaThread "Monitor Deflation Thread"   daemon [_thread_blocked, id=7453, stack(0x00007fe496600000,0x00007fe496700000) (1024K)]
  0x00007fe948174b50 JavaThread "C2 CompilerThread0"         daemon [_thread_blocked, id=7454, stack(0x00007fe496500000,0x00007fe496600000) (1024K)]
  0x00007fe94817e680 JavaThread "C1 CompilerThread0"         daemon [_thread_blocked, id=7455, stack(0x00007fe496330000,0x00007fe496430000) (1024K)]
  0x00007fe9481d12b0 JavaThread "Notification Thread"        daemon [_thread_blocked, id=7456, stack(0x00007fe496230000,0x00007fe496330000) (1024K)]
  0x00007fe9481d4730 JavaThread "Common-Cleaner"             daemon [_thread_blocked, id=7457, stack(0x00007fe496130000,0x00007fe496230000) (1024K)]
  0x00007fe9482eb410 JavaThread "market-pg:housekeeper"      daemon [_thread_blocked, id=7492, stack(0x00007fe495c30000,0x00007fe495d30000) (1024K)]
  0x00007fe9482fea70 JavaThread "market-pg-writer"           daemon [_thread_blocked, id=7493, stack(0x00007fe495b30000,0x00007fe495c30000) (1024K)]
  0x00007fe948588650 JavaThread "nioEventLoopGroup-2-1"             [_thread_in_native, id=7520, stack(0x00007fe495630000,0x00007fe495730000) (1024K)]
  0x00007fe4481db450 JavaThread "Cleaner-0"                  daemon [_thread_blocked, id=7551, stack(0x00007fe495530000,0x00007fe495630000) (1024K)]
  0x00007fe94859fd80 JavaThread "market-pg-ticker"           daemon [_thread_blocked, id=7582, stack(0x00007fe495930000,0x00007fe495a30000) (1024K)]
=>0x00007fe948695390 JavaThread "/dev/shm/aeron-market-7424 [sender,receiver,aeron-md-nra,driver-conductor]"        [_thread_in_Java, id=7604, stack(0x00007fe495330000,0x00007fe495430000) (1024K)]
  0x00007fe9486bb2b0 JavaThread "aeron-client"                      [_thread_blocked, id=7607, stack(0x00007fe495230000,0x00007fe495330000) (1024K)]
  0x00007fe948704600 JavaThread "nioEventLoopGroup-3-1"             [_thread_in_native, id=7615, stack(0x00007fe495130000,0x00007fe495230000) (1024K)]
  0x00007fe400002420 JavaThread "nioEventLoopGroup-4-1"             [_thread_in_native, id=7742, stack(0x00007fe496030000,0x00007fe496130000) (1024K)]
  0x00007fe400004bb0 JavaThread "nioEventLoopGroup-4-2"             [_thread_in_native, id=7926, stack(0x00007fe495e30000,0x00007fe495f30000) (1024K)]
  0x00007fe400006090 JavaThread "nioEventLoopGroup-4-3"             [_thread_in_native, id=7946, stack(0x00007fe495d30000,0x00007fe495e30000) (1024K)]
  0x00007fe400007290 JavaThread "nioEventLoopGroup-4-4"             [_thread_in_native, id=8077, stack(0x00007fe495a30000,0x00007fe495b30000) (1024K)]
  0x00007fe45402b9b0 JavaThread "market-pg-read"             daemon [_thread_blocked, id=9867, stack(0x00007fe494f30000,0x00007fe495030000) (1024K)]
  0x00007fe45c0c2460 JavaThread "market-pg-read"             daemon [_thread_blocked, id=9868, stack(0x00007fe495830000,0x00007fe495930000) (1024K)]
  0x00007fe45402cc30 JavaThread "CompletableFutureDelayScheduler" daemon [_thread_blocked, id=9870, stack(0x00007fe495730000,0x00007fe495830000) (1024K)]
Total: 25

Other Threads:
  0x00007fe94815f790 VMThread "VM Thread"                           [id=7448, stack(0x00007fe928172000,0x00007fe928272000) (1024K)]
  0x00007fe94812da30 WatcherThread "VM Periodic Task Thread"        [id=7447, stack(0x00007fe928273000,0x00007fe928373000) (1024K)]
  0x00007fe9480f3bf0 ConcurrentGCThread "ZDirector"                 [id=7440, stack(0x00007fe9289fb000,0x00007fe928afb000) (1024K)]
  0x00007fe948119f80 ConcurrentGCThread "ZDriverMajor"              [id=7439, stack(0x00007fe928afc000,0x00007fe928bfc000) (1024K)]
  0x00007fe9481189b0 ConcurrentGCThread "ZDriverMinor"              [id=7438, stack(0x00007fe928bfd000,0x00007fe928cfd000) (1024K)]
  0x00007fe94811c3e0 ConcurrentGCThread "ZStat"                     [id=7441, stack(0x00007fe9288fa000,0x00007fe9289fa000) (1024K)]
  0x00007fe9480ebbd0 ConcurrentGCThread "ZUnmapper"                 [id=7426, stack(0x00007fe94c22e000,0x00007fe94c32e000) (1024K)]
  0x00007fe948000e10 ConcurrentGCThread "ZUncommitter"              [id=7427, stack(0x00007fe94c12d000,0x00007fe94c22d000) (1024K)]
  0x00007fe948112da0 WorkerThread "ZWorkerYoung#0"                  [id=7433, stack(0x00007fe9301fd000,0x00007fe9302fd000) (1024K)]
  0x00007fe948113fe0 WorkerThread "ZWorkerYoung#1"                  [id=7434, stack(0x00007fe9300fc000,0x00007fe9301fc000) (1024K)]
  0x00007fe948115220 WorkerThread "ZWorkerYoung#2"                  [id=7435, stack(0x00007fe928f00000,0x00007fe929000000) (1024K)]
  0x00007fe948116460 WorkerThread "ZWorkerYoung#3"                  [id=7436, stack(0x00007fe928dff000,0x00007fe928eff000) (1024K)]
  0x00007fe9481176a0 WorkerThread "ZWorkerYoung#4"                  [id=7437, stack(0x00007fe928cfe000,0x00007fe928dfe000) (1024K)]
  0x00007fe94810c200 WorkerThread "ZWorkerOld#0"                    [id=7428, stack(0x00007fe94c02c000,0x00007fe94c12c000) (1024K)]
  0x00007fe94810e4b0 WorkerThread "ZWorkerOld#1"                    [id=7429, stack(0x00007fe947f00000,0x00007fe948000000) (1024K)]
  0x00007fe94810f6b0 WorkerThread "ZWorkerOld#2"                    [id=7430, stack(0x00007fe930500000,0x00007fe930600000) (1024K)]
  0x00007fe9481108f0 WorkerThread "ZWorkerOld#3"                    [id=7431, stack(0x00007fe9303ff000,0x00007fe9304ff000) (1024K)]
  0x00007fe948111b30 WorkerThread "ZWorkerOld#4"                    [id=7432, stack(0x00007fe9302fe000,0x00007fe9303fe000) (1024K)]
  0x00007fe94811d6d0 WorkerThread "RuntimeWorker#0"                 [id=7442, stack(0x00007fe9287f9000,0x00007fe9288f9000) (1024K)]
  0x00007fe94811e910 WorkerThread "RuntimeWorker#1"                 [id=7443, stack(0x00007fe9286f8000,0x00007fe9287f8000) (1024K)]
  0x00007fe94811fb50 WorkerThread "RuntimeWorker#2"                 [id=7444, stack(0x00007fe9285f7000,0x00007fe9286f7000) (1024K)]
  0x00007fe948120d90 WorkerThread "RuntimeWorker#3"                 [id=7445, stack(0x00007fe9284f6000,0x00007fe9285f6000) (1024K)]
  0x00007fe948121fd0 WorkerThread "RuntimeWorker#4"                 [id=7446, stack(0x00007fe9283f5000,0x00007fe9284f5000) (1024K)]
Total: 23

Threads with active compile tasks:
Total: 0

VM state: not at safepoint (normal execution)

VM Mutex/Monitor currently owned by a thread: None

CDS archive(s) mapped at: [0x00007fe497000000-0x00007fe497cff000-0x00007fe497cff000), size 13627392, SharedBaseAddress: 0x00007fe497000000, ArchiveRelocationMode: 1.
Compressed class space mapped at: 0x00007fe498000000-0x00007fe4d8000000, reserved size: 1073741824
Narrow klass base: 0x00007fe497000000, Narrow klass shift: 0, Narrow klass range: 0x100000000

GC Precious Log:
 NUMA Support: Disabled
 CPUs: 24 total, 24 available
 Memory: 31850M
 Large Page Support: Disabled
 Address Space Type: Contiguous/Unrestricted/Complete
 Address Space Size: 8192M
 Heap Backing File: /memfd:java_heap
 Heap Backing Filesystem: tmpfs (0x1021994)
 Min Capacity: 512M
 Initial Capacity: 512M
 Max Capacity: 512M
 Soft Max Capacity: 512M
 Medium Page Size: 16M
 Pre-touch: Disabled
 Available space on backing filesystem: N/A
 Uncommit: Implicitly Disabled (-Xms equals -Xmx)
 GC Workers for Old Generation: 5 (dynamic)
 GC Workers for Young Generation: 5 (dynamic)
 GC Workers Max: 5 (dynamic)
 Runtime Workers: 5

ZGC Globals:
 Young Collection:   Relocate/1288
 Old Collection:     Relocate/900
 Offset Max:         4096G (0x0000040000000000)
 Page Size Small:    2M
 Page Size Medium:   16M

ZGC Metadata Bits:
 LoadGood:           0x0000000000008000
 LoadBad:            0x0000000000007000
 MarkGood:           0x0000000000008a00
 MarkBad:            0x00000000000075c0
 StoreGood:          0x0000000000008a20
 StoreBad:           0x00000000000075d0
 ------------------- 
 Remapped:           0x0000000000008000
 RemappedYoung:      0x000000000000a000
 RemappedOld:        0x000000000000c000
 MarkedYoung:        0x0000000000000200
 MarkedOld:          0x0000000000000800
 Remembered:         0x0000000000000020

Heap:
 ZHeap           used 140M, capacity 512M, max capacity 512M
 Metaspace       used 28241K, committed 28800K, reserved 1114112K
  class space    used 2807K, committed 3136K, reserved 1048576K

ZGC Page Table:
 Small   0x0000000000400000 0x0000000000600000 0x0000000000600000 Y/1288  Allocating 
 Small   0x0000000000600000 0x0000000000800000 0x0000000000800000 Y/1288  Allocating 
 Small   0x0000000000800000 0x0000000000a00000 0x0000000000a00000 Y/1288  Allocating 
 Small   0x0000000001400000 0x0000000001600000 0x0000000001600000 O/4     Relocatable
 Small   0x0000000001800000 0x00000000019fdc78 0x0000000001a00000 O/4     Relocatable
 Small   0x0000000002400000 0x00000000025fffe8 0x0000000002600000 O/4     Relocatable
 Small   0x0000000002800000 0x0000000002a00000 0x0000000002a00000 Y/1288  Allocating 
 Small   0x0000000003200000 0x0000000003400000 0x0000000003400000 Y/1288  Allocating 
 Medium  0x0000000003c00000 0x0000000003eba800 0x0000000004c00000 O/34    Relocatable
 Small   0x0000000005200000 0x0000000005400000 0x0000000005400000 Y/1288  Allocating 
 Small   0x000000000a000000 0x000000000a1fffd0 0x000000000a200000 O/4     Relocatable
 Small   0x000000000bc00000 0x000000000bd63618 0x000000000be00000 O/612   Relocatable
 Small   0x000000000e400000 0x000000000e403330 0x000000000e600000 Y/1288  Allocating 
 Small   0x0000000010c00000 0x0000000010e00000 0x0000000010e00000 Y/1288  Allocating 
 Small   0x0000000011200000 0x0000000011347648 0x0000000011400000 O/900   Allocating 
 Small   0x0000000012200000 0x0000000012400000 0x0000000012400000 Y/1288  Allocating 
 Small   0x0000000018c00000 0x0000000018e00000 0x0000000018e00000 Y/1288  Allocating 
 Small   0x0000000019400000 0x0000000019540000 0x0000000019600000 Y/1288  Allocating 
 Small   0x0000000019600000 0x0000000019800000 0x0000000019800000 Y/1288  Allocating 
 Small   0x0000000019800000 0x0000000019a00000 0x0000000019a00000 Y/1288  Allocating 
 Small   0x0000000019a00000 0x0000000019c00000 0x0000000019c00000 Y/1288  Allocating 
 Small   0x0000000019c00000 0x0000000019e00000 0x0000000019e00000 Y/1288  Allocating 
 Small   0x0000000019e00000 0x000000001a000000 0x000000001a000000 Y/1288  Allocating 
 Small   0x000000001a000000 0x000000001a200000 0x000000001a200000 Y/1288  Allocating 
 Small   0x000000001a200000 0x000000001a400000 0x000000001a400000 Y/1288  Allocating 
 Small   0x000000001a400000 0x000000001a600000 0x000000001a600000 Y/1288  Allocating 
 Small   0x000000001a600000 0x000000001a800000 0x000000001a800000 Y/1288  Allocating 
 Small   0x000000001a800000 0x000000001aa00000 0x000000001aa00000 Y/1288  Allocating 
 Small   0x000000001aa00000 0x000000001ac00000 0x000000001ac00000 Y/1288  Allocating 
 Small   0x000000001ac00000 0x000000001ae00000 0x000000001ae00000 Y/1288  Allocating 
 Small   0x000000001ae00000 0x000000001b000000 0x000000001b000000 Y/1288  Allocating 
 Small   0x000000001b000000 0x000000001b200000 0x000000001b200000 Y/1288  Allocating 
 Small   0x000000001b200000 0x000000001b400000 0x000000001b400000 Y/1288  Allocating 
 Small   0x000000001b400000 0x000000001b600000 0x000000001b600000 Y/1288  Allocating 
 Small   0x000000001b600000 0x000000001b800000 0x000000001b800000 Y/1288  Allocating 
 Small   0x000000001b800000 0x000000001ba00000 0x000000001ba00000 Y/1288  Allocating 
 Small   0x000000001ba00000 0x000000001bc00000 0x000000001bc00000 Y/1288  Allocating 
 Small   0x000000001bc00000 0x000000001be00000 0x000000001be00000 Y/1288  Allocating 
 Small   0x000000001be00000 0x000000001c000000 0x000000001c000000 Y/1288  Allocating 
 Small   0x000000001c000000 0x000000001c200000 0x000000001c200000 Y/1288  Allocating 
 Small   0x000000001c200000 0x000000001c400000 0x000000001c400000 Y/1288  Allocating 
 Small   0x000000001c400000 0x000000001c600000 0x000000001c600000 Y/1288  Allocating 
 Small   0x000000001c600000 0x000000001c800000 0x000000001c800000 Y/1288  Allocating 
 Small   0x000000001c800000 0x000000001c806bd0 0x000000001ca00000 O/900   Allocating 
 Small   0x000000001ca00000 0x000000001cc00000 0x000000001cc00000 Y/1288  Allocating 
 Small   0x000000001cc00000 0x000000001ce00000 0x000000001ce00000 Y/1288  Allocating 
 Small   0x000000001ce00000 0x000000001d000000 0x000000001d000000 Y/1288  Allocating 
 Small   0x000000001d000000 0x000000001d200000 0x000000001d200000 Y/1288  Allocating 
 Small   0x000000001d200000 0x000000001d400000 0x000000001d400000 Y/1288  Allocating 
 Small   0x000000001d400000 0x000000001d600000 0x000000001d600000 Y/1288  Allocating 
 Small   0x000000001d600000 0x000000001d800000 0x000000001d800000 Y/1288  Allocating 
 Small   0x000000001d800000 0x000000001da00000 0x000000001da00000 Y/1288  Allocating 
 Small   0x000000001da00000 0x000000001dc00000 0x000000001dc00000 Y/1288  Allocating 
 Small   0x000000001dc00000 0x000000001de00000 0x000000001de00000 Y/1288  Allocating 
 Small   0x000000001de00000 0x000000001e000000 0x000000001e000000 Y/1288  Allocating 
 Small   0x000000001e000000 0x000000001e200000 0x000000001e200000 Y/1288  Allocating 
 Small   0x000000001e200000 0x000000001e200460 0x000000001e400000 Y/1288  Allocating 
 Small   0x000000001e400000 0x000000001e600000 0x000000001e600000 Y/1288  Allocating 
 Small   0x000000001e600000 0x000000001e800000 0x000000001e800000 Y/1288  Allocating 
 Small   0x000000001e800000 0x000000001e800058 0x000000001ea00000 Y/1288  Allocating 
 Small   0x000000001ea00000 0x000000001ec00000 0x000000001ec00000 Y/1288  Allocating 
 Small   0x000000001ec00000 0x000000001edfff20 0x000000001ee00000 O/4     Relocatable
 Small   0x000000001ee00000 0x000000001efffff8 0x000000001f000000 O/5     Relocatable

ZBarrierSet

Polling page: 0x00007fe94e026000

Metaspace:

Usage:
  Non-class:     24.84 MB used.
      Class:      2.74 MB used.
       Both:     27.58 MB used.

Virtual space:
  Non-class space:       64.00 MB reserved,      25.06 MB ( 39%) committed,  1 nodes.
      Class space:        1.00 GB reserved,       3.06 MB ( <1%) committed,  1 nodes.
             Both:        1.06 GB reserved,      28.12 MB (  3%) committed. 

Chunk freelists:
   Non-Class:  6.74 MB
       Class:  12.92 MB
        Both:  19.65 MB

MaxMetaspaceSize: unlimited
CompressedClassSpaceSize: 1.00 GB
Initial GC threshold: 21.00 MB
Current GC threshold: 46.88 MB
CDS: on
 - commit_granule_bytes: 65536.
 - commit_granule_words: 8192.
 - virtual_space_node_default_size: 8388608.
 - enlarge_chunks_in_place: 1.
 - use_allocation_guard: 0.


Internal statistics:

num_allocs_failed_limit: 0.
num_arena_births: 840.
num_arena_deaths: 290.
num_vsnodes_births: 2.
num_vsnodes_deaths: 0.
num_space_committed: 450.
num_space_uncommitted: 0.
num_chunks_returned_to_freelist: 336.
num_chunks_taken_from_freelist: 1842.
num_chunk_merges: 73.
num_chunk_splits: 1083.
num_chunks_enlarged: 635.
num_inconsistent_stats: 0.

CodeHeap 'non-profiled nmethods': size=119168Kb used=4598Kb max_used=5498Kb free=114569Kb
 bounds [0x00007fe9381a0000, 0x00007fe938730000, 0x00007fe93f600000]
CodeHeap 'profiled nmethods': size=119164Kb used=5162Kb max_used=10328Kb free=114001Kb
 bounds [0x00007fe930600000, 0x00007fe931040000, 0x00007fe937a5f000]
CodeHeap 'non-nmethods': size=7428Kb used=1612Kb max_used=3426Kb free=5815Kb
 bounds [0x00007fe937a5f000, 0x00007fe937dcf000, 0x00007fe9381a0000]
CodeCache: size=245760Kb, used=11372Kb, max_used=19252Kb, free=234385Kb
 total_blobs=4015, nmethods=3224, adapters=692, full_count=0
Compilation: enabled, stopped_count=0, restarted_count=0

Compilation events (250 events):
Event: 3668.981 Thread 0x00007fe948174b50 8015       4       io.netty.util.concurrent.DefaultPromise::isCancelled (8 bytes)
Event: 3668.982 Thread 0x00007fe948174b50 nmethod 8015 0x00007fe9382ea810 code [0x00007fe9382ea9a0, 0x00007fe9382eab18]
Event: 3668.982 Thread 0x00007fe94817e680 8012       3       io.netty.channel.nio.AbstractNioByteChannel::shouldBreakReadReady (27 bytes)
Event: 3668.983 Thread 0x00007fe94817e680 nmethod 8012 0x00007fe930871190 code [0x00007fe9308713e0, 0x00007fe930872138]
Event: 3668.983 Thread 0x00007fe94817e680 8013       3       io.netty.channel.socket.nio.NioSocketChannel::isInputShutdown0 (5 bytes)
Event: 3668.983 Thread 0x00007fe94817e680 nmethod 8013 0x00007fe93061a090 code [0x00007fe93061a2a0, 0x00007fe93061ab08]
Event: 3668.983 Thread 0x00007fe94817e680 8014       3       io.netty.channel.socket.nio.NioSocketChannel::isInputShutdown (26 bytes)
Event: 3668.983 Thread 0x00007fe94817e680 nmethod 8014 0x00007fe9307f5210 code [0x00007fe9307f5420, 0x00007fe9307f5c28]
Event: 3688.709 Thread 0x00007fe948174b50 8016       4       org.postgresql.jdbc.PgConnection$TransactionCommandHandler::handleCompletion (22 bytes)
Event: 3688.709 Thread 0x00007fe948174b50 nmethod 8016 0x00007fe93822f590 code [0x00007fe93822f720, 0x00007fe93822f858]
Event: 3690.970 Thread 0x00007fe948174b50 8017       4       sun.nio.ch.SelectionKeyImpl::getFDVal (10 bytes)
Event: 3690.970 Thread 0x00007fe948174b50 nmethod 8017 0x00007fe938295010 code [0x00007fe9382951a0, 0x00007fe9382952a0]
Event: 3691.000 Thread 0x00007fe948174b50 8018       4       sun.nio.ch.SocketChannelImpl::tryClose (76 bytes)
Event: 3691.000 Thread 0x00007fe948174b50 nmethod 8018 0x00007fe9381bca10 code [0x00007fe9381bcbc0, 0x00007fe9381bcee0]
Event: 3695.096 Thread 0x00007fe948174b50 8019       4       io.netty.channel.DefaultMaxMessagesRecvByteBufAllocator$MaxMessageHandle::incMessagesRead (11 bytes)
Event: 3695.096 Thread 0x00007fe948174b50 nmethod 8019 0x00007fe938211a10 code [0x00007fe938211b80, 0x00007fe938211c08]
Event: 3695.096 Thread 0x00007fe948174b50 8020       4       io.netty.channel.DefaultMaxMessagesRecvByteBufAllocator$MaxMessageHandle::continueReading (9 bytes)
Event: 3695.097 Thread 0x00007fe948174b50 nmethod 8020 0x00007fe93843cd10 code [0x00007fe93843cee0, 0x00007fe93843d1f8]
Event: 3695.797 Thread 0x00007fe948174b50 8021       4       jdk.internal.misc.Unsafe::setMemory (29 bytes)
Event: 3695.798 Thread 0x00007fe948174b50 nmethod 8021 0x00007fe9382d8010 code [0x00007fe9382d81c0, 0x00007fe9382d84e8]
Event: 3697.538 Thread 0x00007fe948174b50 8022       4       jdk.internal.misc.Unsafe::putIntOpaque (9 bytes)
Event: 3697.539 Thread 0x00007fe948174b50 nmethod 8022 0x00007fe938213190 code [0x00007fe938213300, 0x00007fe938213398]
Event: 3704.904 Thread 0x00007fe948174b50 8023       4       io.netty.channel.DefaultMaxMessagesRecvByteBufAllocator$MaxMessageHandle::reset (27 bytes)
Event: 3704.905 Thread 0x00007fe948174b50 nmethod 8023 0x00007fe9383de910 code [0x00007fe9383deaa0, 0x00007fe9383dec30]
Event: 3710.781 Thread 0x00007fe948174b50 8024       4       java.util.concurrent.locks.AbstractQueuedSynchronizer$Node::setStatusRelaxed (12 bytes)
Event: 3710.781 Thread 0x00007fe948174b50 nmethod 8024 0x00007fe938216c90 code [0x00007fe938216e00, 0x00007fe938216e88]
Event: 3710.796 Thread 0x00007fe948174b50 8025   !   4       io.netty.buffer.SimpleLeakAwareByteBuf::release (31 bytes)
Event: 3710.814 Thread 0x00007fe948174b50 nmethod 8025 0x00007fe93826be10 code [0x00007fe93826c220, 0x00007fe93826e788]
Event: 3720.470 Thread 0x00007fe94817e680 8026       3       java.util.stream.Collectors$$Lambda/0x00007fe49807f640::accept (14 bytes)
Event: 3720.470 Thread 0x00007fe94817e680 nmethod 8026 0x00007fe93066a090 code [0x00007fe93066a280, 0x00007fe93066a858]
Event: 3720.884 Thread 0x00007fe948174b50 8027       4       io.netty.util.concurrent.DefaultPromise::setSuccess (37 bytes)
Event: 3720.885 Thread 0x00007fe948174b50 nmethod 8027 0x00007fe938515e10 code [0x00007fe938515fc0, 0x00007fe938516388]
Event: 3731.175 Thread 0x00007fe94817e680 8028       3       io.netty.handler.ssl.SslHandler$SslEngineType$3::getUnwrapInputBuffer (87 bytes)
Event: 3731.175 Thread 0x00007fe94817e680 nmethod 8028 0x00007fe930706810 code [0x00007fe9307069c0, 0x00007fe930706b90]
Event: 3731.175 Thread 0x00007fe94817e680 8029       3       javax.net.ssl.SSLEngine::unwrap (16 bytes)
Event: 3731.176 Thread 0x00007fe94817e680 nmethod 8029 0x00007fe930e6bd90 code [0x00007fe930e6bf40, 0x00007fe930e6c2c8]
Event: 3731.176 Thread 0x00007fe94817e680 8030   !   3       sun.security.ssl.SSLEngineImpl::unwrap (136 bytes)
Event: 3731.176 Thread 0x00007fe94817e680 nmethod 8030 0x00007fe93074ad90 code [0x00007fe93074b0c0, 0x00007fe93074c080]
Event: 3731.176 Thread 0x00007fe94817e680 8031       3       sun.security.ssl.SSLEngineImpl::decode (110 bytes)
Event: 3731.176 Thread 0x00007fe94817e680 nmethod 8031 0x00007fe93060ad90 code [0x00007fe93060afe0, 0x00007fe93060b9e8]
Event: 3734.974 Thread 0x00007fe948174b50 8032       4       io.netty.buffer.AdaptivePoolingAllocator$AdaptiveByteBuf::setCharSequence0 (160 bytes)
Event: 3734.980 Thread 0x00007fe948174b50 nmethod 8032 0x00007fe9382de790 code [0x00007fe9382deaa0, 0x00007fe9382df820]
Event: 3735.788 Thread 0x00007fe948174b50 8033   !   4       org.postgresql.jdbc.PgStatement::execute (110 bytes)
Event: 3735.792 Thread 0x00007fe948174b50 nmethod 8033 0x00007fe9384d2490 code [0x00007fe9384d2760, 0x00007fe9384d3568]
Event: 3750.470 Thread 0x00007fe94817e680 8034       3       com.zaxxer.hikari.pool.HikariPool::logPoolState (120 bytes)
Event: 3750.471 Thread 0x00007fe94817e680 nmethod 8034 0x00007fe930795d90 code [0x00007fe9307961e0, 0x00007fe930798a68]
Event: 3780.472 Thread 0x00007fe94817e680 8035       1       com.zaxxer.hikari.HikariConfig::getConnectionTimeout (5 bytes)
Event: 3780.472 Thread 0x00007fe94817e680 nmethod 8035 0x00007fe938217a90 code [0x00007fe938217c20, 0x00007fe938217ce8]
Event: 3780.472 Thread 0x00007fe94817e680 8036       1       com.zaxxer.hikari.HikariConfig::getValidationTimeout (5 bytes)
Event: 3780.472 Thread 0x00007fe94817e680 nmethod 8036 0x00007fe938220110 code [0x00007fe9382202a0, 0x00007fe938220368]
Event: 3780.472 Thread 0x00007fe94817e680 8037       1       com.zaxxer.hikari.HikariConfig::getLeakDetectionThreshold (5 bytes)
Event: 3780.472 Thread 0x00007fe94817e680 nmethod 8037 0x00007fe938220890 code [0x00007fe938220a20, 0x00007fe938220ae8]
Event: 3780.472 Thread 0x00007fe94817e680 8038       1       com.zaxxer.hikari.HikariConfig::getCatalog (5 bytes)
Event: 3780.472 Thread 0x00007fe94817e680 nmethod 8038 0x00007fe938224190 code [0x00007fe938224320, 0x00007fe938224410]
Event: 3781.175 Thread 0x00007fe94817e680 8039       3       io.netty.handler.ssl.SslUtils::getEncryptedPacketLength (306 bytes)
Event: 3781.176 Thread 0x00007fe94817e680 nmethod 8039 0x00007fe930658e90 code [0x00007fe9306591c0, 0x00007fe93065a7e0]
Event: 3781.176 Thread 0x00007fe94817e680 8040   !   3       io.netty.handler.ssl.SslHandler::setHandshakeSuccessUnwrapMarkReentry (59 bytes)
Event: 3781.176 Thread 0x00007fe94817e680 nmethod 8040 0x00007fe930e9f290 code [0x00007fe930e9f460, 0x00007fe930e9f8c0]
Event: 3791.176 Thread 0x00007fe94817e680 8041   !   3       io.netty.handler.codec.http.websocketx.Utf8FrameValidator::channelRead (153 bytes)
Event: 3791.176 Thread 0x00007fe94817e680 nmethod 8041 0x00007fe9306e2090 code [0x00007fe9306e24c0, 0x00007fe9306e4ba8]
Event: 3794.933 Thread 0x00007fe948174b50 8042       4       jdk.internal.misc.Unsafe::compareAndSetByte (21 bytes)
Event: 3794.933 Thread 0x00007fe948174b50 nmethod 8042 0x00007fe93822b610 code [0x00007fe93822b780, 0x00007fe93822b820]
Event: 3804.179 Thread 0x00007fe948174b50 8043       4       org.agrona.BitUtil::align (9 bytes)
Event: 3804.179 Thread 0x00007fe948174b50 nmethod 8043 0x00007fe938230610 code [0x00007fe938230780, 0x00007fe9382307f0]
Event: 3810.472 Thread 0x00007fe94817e680 8044       1       com.zaxxer.hikari.pool.ProxyLeakTaskFactory::updateLeakDetectionThreshold (6 bytes)
Event: 3810.472 Thread 0x00007fe94817e680 nmethod 8044 0x00007fe938245290 code [0x00007fe938245420, 0x00007fe9382454e0]
Event: 3810.472 Thread 0x00007fe94817e680 8045       1       com.zaxxer.hikari.HikariConfig::getIdleTimeout (5 bytes)
Event: 3810.472 Thread 0x00007fe94817e680 nmethod 8045 0x00007fe938245e90 code [0x00007fe938246020, 0x00007fe9382460e8]
Event: 3810.970 Thread 0x00007fe948174b50 8046       4       sun.nio.ch.Net::setSocketOption (337 bytes)
Event: 3810.975 Thread 0x00007fe948174b50 nmethod 8046 0x00007fe93857c210 code [0x00007fe93857c4a0, 0x00007fe93857cff0]
Event: 3816.995 Thread 0x00007fe948174b50 8047       4       java.net.Inet4Address::<init> (29 bytes)
Event: 3816.996 Thread 0x00007fe948174b50 nmethod 8047 0x00007fe93842b990 code [0x00007fe93842bb20, 0x00007fe93842bdf0]
Event: 3816.996 Thread 0x00007fe948174b50 8048       4       io.netty.handler.codec.http.DefaultHttpHeaders::get (9 bytes)
Event: 3816.997 Thread 0x00007fe948174b50 nmethod 8048 0x00007fe9382b0710 code [0x00007fe9382b0900, 0x00007fe9382b0d08]
Event: 3821.905 Thread 0x00007fe948174b50 8049       4       java.util.zip.ZipFile$Source::getEntryHash (7 bytes)
Event: 3821.906 Thread 0x00007fe948174b50 nmethod 8049 0x00007fe9382b8f10 code [0x00007fe9382b90a0, 0x00007fe9382b91a8]
Event: 3821.906 Thread 0x00007fe948174b50 8050       4       io.netty.util.ResourceLeakDetector$TraceRecord::<init> (6 bytes)
Event: 3821.906 Thread 0x00007fe948174b50 nmethod 8050 0x00007fe93842e810 code [0x00007fe93842e9e0, 0x00007fe93842f0d8]
Event: 3826.953 Thread 0x00007fe948174b50 8051       4       io.netty.channel.DefaultChannelPipeline::addBefore (13 bytes)
Event: 3826.953 Thread 0x00007fe948174b50 nmethod 8051 0x00007fe938250290 code [0x00007fe938250420, 0x00007fe9382504e8]
Event: 3828.944 Thread 0x00007fe948174b50 8052       4       io.netty.channel.ChannelHandlerAdapter::ensureNotSharable (46 bytes)
Event: 3828.949 Thread 0x00007fe948174b50 nmethod 8052 0x00007fe9381fb810 code [0x00007fe9381fbac0, 0x00007fe9381fc600]
Event: 3828.950 Thread 0x00007fe948174b50 8053       4       io.netty.handler.codec.DefaultHeaders::containsAny (105 bytes)
Event: 3828.951 Thread 0x00007fe948174b50 nmethod 8053 0x00007fe9381fed10 code [0x00007fe9381feee0, 0x00007fe9381ff2d8]
Event: 3830.932 Thread 0x00007fe948174b50 8054       4       io.netty.handler.codec.http.DefaultHttpHeaders::containsValue (23 bytes)
Event: 3830.933 Thread 0x00007fe948174b50 nmethod 8054 0x00007fe93823eb90 code [0x00007fe93823ed80, 0x00007fe93823f1e8]
Event: 3830.970 Thread 0x00007fe948174b50 8055       4       io.netty.channel.DefaultChannelPipeline::invokeHandlerAddedIfNeeded (48 bytes)
Event: 3830.980 Thread 0x00007fe948174b50 nmethod 8055 0x00007fe938411110 code [0x00007fe9384113a0, 0x00007fe938412160]
Event: 3833.170 Thread 0x00007fe948174b50 8056       4       sun.nio.ch.SocketAdaptor::setTcpNoDelay (9 bytes)
Event: 3833.171 Thread 0x00007fe948174b50 nmethod 8056 0x00007fe9381f9c10 code [0x00007fe9381f9e20, 0x00007fe9381fa520]
Event: 3835.143 Thread 0x00007fe948174b50 8057       4       io.netty.handler.codec.CodecOutputList::checkIndex (56 bytes)
Event: 3835.143 Thread 0x00007fe948174b50 nmethod 8057 0x00007fe938250890 code [0x00007fe938250a00, 0x00007fe938250ab0]
Event: 3835.970 Thread 0x00007fe948174b50 8058       4       io.netty.handler.codec.CodecOutputList::get (12 bytes)
Event: 3835.970 Thread 0x00007fe948174b50 nmethod 8058 0x00007fe93845a210 code [0x00007fe93845a3a0, 0x00007fe93845a508]
Event: 3837.016 Thread 0x00007fe948174b50 8059       4       io.netty.channel.CombinedChannelDuplexHandler::write (64 bytes)
Event: 3837.139 Thread 0x00007fe948174b50 nmethod 8059 0x00007fe938712a10 code [0x00007fe938713560, 0x00007fe93871c480]
Event: 3840.971 Thread 0x00007fe948174b50 8060       4       java.nio.channels.spi.AbstractSelectionKey::cancel (49 bytes)
Event: 3840.972 Thread 0x00007fe948174b50 nmethod 8060 0x00007fe9382b5610 code [0x00007fe9382b57e0, 0x00007fe9382b5dd0]
Event: 3841.029 Thread 0x00007fe948174b50 8061       4       sun.misc.Unsafe::getInt (9 bytes)
Event: 3841.031 Thread 0x00007fe948174b50 nmethod 8061 0x00007fe938251d90 code [0x00007fe938251f00, 0x00007fe938251fa8]
Event: 3841.031 Thread 0x00007fe948174b50 8062       4       io.netty.handler.codec.http.websocketx.WebSocketCloseStatus::isValidStatusCode (45 bytes)
Event: 3841.032 Thread 0x00007fe948174b50 nmethod 8062 0x00007fe938253590 code [0x00007fe938253700, 0x00007fe9382537a8]
Event: 3841.174 Thread 0x00007fe94817e680 8063       3       io.netty.handler.codec.http.websocketx.WebSocketProtocolHandler::decode (69 bytes)
Event: 3841.175 Thread 0x00007fe94817e680 nmethod 8063 0x00007fe930742310 code [0x00007fe9307426e0, 0x00007fe9307443a0]
Event: 3843.023 Thread 0x00007fe948174b50 8064       4       io.netty.buffer.AdaptivePoolingAllocator$AdaptiveByteBuf::maxFastWritableBytes (17 bytes)
Event: 3843.023 Thread 0x00007fe948174b50 nmethod 8064 0x00007fe938254a90 code [0x00007fe938254c00, 0x00007fe938254c98]
Event: 3843.023 Thread 0x00007fe948174b50 8065       4       io.netty.channel.group.DefaultChannelGroup::remove (128 bytes)
Event: 3843.025 Thread 0x00007fe948174b50 nmethod 8065 0x00007fe938481990 code [0x00007fe938481b60, 0x00007fe9384820b8]
Event: 3860.970 Thread 0x00007fe948174b50 8066       4       jdk.internal.misc.Unsafe::checkPointer (19 bytes)
Event: 3860.970 Thread 0x00007fe948174b50 nmethod 8066 0x00007fe938256010 code [0x00007fe938256180, 0x00007fe938256240]
Event: 3875.139 Thread 0x00007fe948174b50 8067       4       io.netty.util.internal.PlatformDependent0::getInt (9 bytes)
Event: 3875.139 Thread 0x00007fe948174b50 nmethod 8067 0x00007fe938257c90 code [0x00007fe938257e00, 0x00007fe938257e88]
Event: 3904.880 Thread 0x00007fe948174b50 8068       4       io.netty.channel.DefaultChannelConfig::isAutoRead (14 bytes)
Event: 3904.881 Thread 0x00007fe948174b50 nmethod 8068 0x00007fe938259b10 code [0x00007fe938259c80, 0x00007fe938259d30]
Event: 3912.918 Thread 0x00007fe948174b50 8069       4       jdk.internal.misc.Unsafe::checkPrimitivePointer (19 bytes)
Event: 3912.918 Thread 0x00007fe948174b50 nmethod 8069 0x00007fe938527890 code [0x00007fe938527a20, 0x00007fe938527bf8]
Event: 3922.723 Thread 0x00007fe948174b50 8070       4       io.netty.buffer.WrappedByteBuf::readerIndex (8 bytes)
Event: 3922.723 Thread 0x00007fe948174b50 nmethod 8070 0x00007fe9382ee190 code [0x00007fe9382ee320, 0x00007fe9382ee430]
Event: 3925.055 Thread 0x00007fe948174b50 8071       4       io.netty.channel.socket.nio.NioSocketChannel$NioSocketChannelConfig::setOption (27 bytes)
Event: 3925.059 Thread 0x00007fe948174b50 nmethod 8071 0x00007fe93862bd90 code [0x00007fe93862c040, 0x00007fe93862cd08]
Event: 3925.059 Thread 0x00007fe948174b50 8072       4       io.netty.channel.socket.DefaultSocketChannelConfig::setOption (191 bytes)
Event: 3925.063 Thread 0x00007fe948174b50 nmethod 8072 0x00007fe9385c9290 code [0x00007fe9385c9540, 0x00007fe9385ca1e8]
Event: 3925.970 Thread 0x00007fe948174b50 8073       4       io.netty.handler.codec.HeadersUtils$1::size (10 bytes)
Event: 3925.970 Thread 0x00007fe948174b50 nmethod 8073 0x00007fe9382f9e90 code [0x00007fe9382fa020, 0x00007fe9382fa118]
Event: 3930.474 Thread 0x00007fe94817e680 8074       3       com.zaxxer.hikari.util.ConcurrentBag$$Lambda/0x00007fe498097760::test (12 bytes)
Event: 3930.474 Thread 0x00007fe94817e680 nmethod 8074 0x00007fe93078bc10 code [0x00007fe93078be00, 0x00007fe93078c340]
Event: 3930.474 Thread 0x00007fe94817e680 8075       3       com.zaxxer.hikari.util.ConcurrentBag::lambda$values$1 (16 bytes)
Event: 3930.474 Thread 0x00007fe94817e680 nmethod 8075 0x00007fe930937610 code [0x00007fe9309377e0, 0x00007fe930937b88]
Event: 3971.013 Thread 0x00007fe948174b50 8076       4       jdk.internal.misc.Unsafe::copyMemoryChecks (21 bytes)
Event: 3971.014 Thread 0x00007fe948174b50 nmethod 8076 0x00007fe938232b90 code [0x00007fe938232d40, 0x00007fe938233120]
Event: 3973.561 Thread 0x00007fe948174b50 8077       4       com.zaxxer.hikari.pool.PoolEntry::compareAndSet (10 bytes)
Event: 3973.561 Thread 0x00007fe948174b50 nmethod 8077 0x00007fe938261410 code [0x00007fe938261580, 0x00007fe938261618]
Event: 3995.970 Thread 0x00007fe948174b50 8078       4       java.net.InetSocketAddress::checkPort (39 bytes)
Event: 3995.970 Thread 0x00007fe948174b50 nmethod 8078 0x00007fe938264410 code [0x00007fe938264580, 0x00007fe938264608]
Event: 3998.282 Thread 0x00007fe94817e680 8079       3       io.aeron.BufferBuilder::append (31 bytes)
Event: 3998.282 Thread 0x00007fe94817e680 nmethod 8079 0x00007fe9307ceb90 code [0x00007fe9307ced40, 0x00007fe9307cefb8]
Event: 4008.945 Thread 0x00007fe948174b50 8080       4       java.net.InetSocketAddress::<init> (32 bytes)
Event: 4008.946 Thread 0x00007fe948174b50 nmethod 8080 0x00007fe938618e10 code [0x00007fe938618fa0, 0x00007fe9386191b8]
Event: 4012.891 Thread 0x00007fe948174b50 8081       4       io.netty.channel.CombinedChannelDuplexHandler$DelegatingChannelHandlerContext::alloc (10 bytes)
Event: 4012.892 Thread 0x00007fe948174b50 nmethod 8081 0x00007fe9384c8690 code [0x00007fe9384c8840, 0x00007fe9384c8aa8]
Event: 4015.970 Thread 0x00007fe94817e680 8082       3       io.netty.handler.codec.DefaultHeaders$HeaderIterator::<init> (6 bytes)
Event: 4015.970 Thread 0x00007fe94817e680 nmethod 8082 0x00007fe93080d290 code [0x00007fe93080d440, 0x00007fe93080d728]
Event: 4015.970 Thread 0x00007fe94817e680 8083       3       io.netty.handler.codec.DefaultHeaders$HeaderIterator::<init> (21 bytes)
Event: 4015.970 Thread 0x00007fe94817e680 nmethod 8083 0x00007fe930714c90 code [0x00007fe930714e40, 0x00007fe9307150c8]
Event: 4054.743 Thread 0x00007fe948174b50 8084   !   4       com.match.infrastructure.gateway.state.GatewayStateManager::onBookSnapshot (463 bytes)
Event: 4054.822 Thread 0x00007fe948174b50 nmethod 8084 0x00007fe93849b390 code [0x00007fe93849bba0, 0x00007fe9384a3f38]
Event: 4080.480 Thread 0x00007fe94817e680 8085       3       java.util.Collections::reverse (125 bytes)
Event: 4080.480 Thread 0x00007fe94817e680 nmethod 8085 0x00007fe93067ac90 code [0x00007fe93067aee0, 0x00007fe93067b968]
Event: 4094.443 Thread 0x00007fe948174b50 8086       4       org.agrona.collections.Long2ObjectHashMap$ValueIterator::hasNext (5 bytes)
Event: 4094.443 Thread 0x00007fe948174b50 nmethod 8086 0x00007fe93826fb90 code [0x00007fe93826fd00, 0x00007fe93826fda8]
Event: 4125.796 Thread 0x00007fe948174b50 8087       4       java.nio.DirectByteBuffer::duplicate (38 bytes)
Event: 4125.798 Thread 0x00007fe948174b50 nmethod 8087 0x00007fe93838aa10 code [0x00007fe93838abe0, 0x00007fe93838b0a0]
Event: 4130.969 Thread 0x00007fe948174b50 8088   !   4       io.netty.channel.nio.NioIoHandler::processSelectedKey (69 bytes)
Event: 4130.971 Thread 0x00007fe948174b50 nmethod 8088 0x00007fe93823ae10 code [0x00007fe93823b020, 0x00007fe93823b638]
Event: 4137.463 Thread 0x00007fe948174b50 8089       4       io.netty.buffer.SimpleLeakAwareByteBuf::touch (6 bytes)
Event: 4137.463 Thread 0x00007fe948174b50 nmethod 8089 0x00007fe938288b10 code [0x00007fe938288c80, 0x00007fe938288d08]
Event: 4139.445 Thread 0x00007fe948174b50 8090       4       java.util.concurrent.ThreadPoolExecutor::beforeExecute (1 bytes)
Event: 4139.445 Thread 0x00007fe948174b50 nmethod 8090 0x00007fe93828c410 code [0x00007fe93828c580, 0x00007fe93828c608]
Event: 4139.460 Thread 0x00007fe948174b50 8091       4       java.util.concurrent.ThreadPoolExecutor::afterExecute (1 bytes)
Event: 4139.460 Thread 0x00007fe948174b50 nmethod 8091 0x00007fe93828f090 code [0x00007fe93828f200, 0x00007fe93828f288]
Event: 4211.488 Thread 0x00007fe948174b50 8092       4       io.netty.buffer.AbstractByteBuf::ensureWritable (107 bytes)
Event: 4211.488 Thread 0x00007fe948174b50 nmethod 8092 0x00007fe9382f6210 code [0x00007fe9382f63a0, 0x00007fe9382f64e0]
Event: 4214.919 Thread 0x00007fe948174b50 8093       4       java.lang.StringConcatHelper::prepend (22 bytes)
Event: 4214.920 Thread 0x00007fe948174b50 nmethod 8093 0x00007fe93849ac90 code [0x00007fe93849ae40, 0x00007fe93849b108]
Event: 4255.795 Thread 0x00007fe948174b50 8094       4       io.netty.util.concurrent.AbstractScheduledEventExecutor$1::compare (13 bytes)
Event: 4255.796 Thread 0x00007fe948174b50 nmethod 8094 0x00007fe9381c4a90 code [0x00007fe9381c4c20, 0x00007fe9381c4db8]
Event: 4255.796 Thread 0x00007fe948174b50 8095       4       io.netty.util.concurrent.ScheduledFutureTask::compareTo (80 bytes)
Event: 4255.796 Thread 0x00007fe948174b50 nmethod 8095 0x00007fe938460610 code [0x00007fe9384607a0, 0x00007fe9384608e0]
Event: 4256.937 Thread 0x00007fe948174b50 8096       4       io.netty.channel.DefaultChannelPipeline::fireChannelRead (73 bytes)
Event: 4256.938 Thread 0x00007fe948174b50 nmethod 8096 0x00007fe938427790 code [0x00007fe938427980, 0x00007fe938427f38]
Event: 4261.176 Thread 0x00007fe948174b50 8097       4       io.netty.channel.DefaultChannelPipeline$TailContext::channelReadComplete (8 bytes)
Event: 4261.176 Thread 0x00007fe948174b50 nmethod 8097 0x00007fe938296b90 code [0x00007fe938296d20, 0x00007fe938296df8]
Event: 4271.176 Thread 0x00007fe948174b50 8098       4       io.netty.buffer.EmptyByteBuf::touch (2 bytes)
Event: 4271.177 Thread 0x00007fe948174b50 nmethod 8098 0x00007fe9382b1a90 code [0x00007fe9382b1c00, 0x00007fe9382b1c88]
Event: 4282.953 Thread 0x00007fe948174b50 8099       4       io.netty.util.DefaultAttributeMap::attr (158 bytes)
Event: 4282.955 Thread 0x00007fe948174b50 nmethod 8099 0x00007fe9383adf90 code [0x00007fe9383ae180, 0x00007fe9383ae938]
Event: 4298.556 Thread 0x00007fe948174b50 8101       4       java.lang.Double::valueOf (9 bytes)
Event: 4298.556 Thread 0x00007fe948174b50 nmethod 8101 0x00007fe9382c1910 code [0x00007fe9382c1aa0, 0x00007fe9382c1b78]
Event: 4298.556 Thread 0x00007fe948174b50 8102       4       com.google.gson.JsonArray::add (18 bytes)
Event: 4298.558 Thread 0x00007fe948174b50 nmethod 8102 0x00007fe938561290 code [0x00007fe938561460, 0x00007fe938561ca8]
Event: 4298.558 Thread 0x00007fe948174b50 8103       4       com.google.gson.JsonObject::get (12 bytes)
Event: 4298.559 Thread 0x00007fe948174b50 nmethod 8103 0x00007fe9381e3490 code [0x00007fe9381e3640, 0x00007fe9381e3818]
Event: 4298.559 Thread 0x00007fe948174b50 8100       4       java.lang.Double::<init> (10 bytes)
Event: 4298.559 Thread 0x00007fe948174b50 nmethod 8100 0x00007fe9382c7110 code [0x00007fe9382c7280, 0x00007fe9382c7310]
Event: 4299.463 Thread 0x00007fe948174b50 8104       4       com.google.gson.JsonArray::<init> (16 bytes)
Event: 4299.463 Thread 0x00007fe948174b50 nmethod 8104 0x00007fe93847b410 code [0x00007fe93847b5a0, 0x00007fe93847b738]
Event: 4299.742 Thread 0x00007fe948174b50 8105       4       com.match.infrastructure.gateway.state.Candle::<init> (5 bytes)
Event: 4299.742 Thread 0x00007fe948174b50 nmethod 8105 0x00007fe9382d3690 code [0x00007fe9382d3800, 0x00007fe9382d3888]
Event: 4299.996 Thread 0x00007fe948174b50 8106       4       com.google.gson.JsonArray::size (8 bytes)
Event: 4299.997 Thread 0x00007fe948174b50 nmethod 8106 0x00007fe9382d4e90 code [0x00007fe9382d5020, 0x00007fe9382d50f8]
Event: 4300.114 Thread 0x00007fe948174b50 8107       4       com.match.infrastructure.gateway.persistence.TradeWriter$TradeRow::<init> (39 bytes)
Event: 4300.114 Thread 0x00007fe948174b50 nmethod 8107 0x00007fe938302e90 code [0x00007fe938303020, 0x00007fe938303150]
Event: 4300.202 Thread 0x00007fe948174b50 8108       4       com.match.infrastructure.gateway.state.InMemoryCandleProvider::getCurrentCandle (33 bytes)
Event: 4300.205 Thread 0x00007fe948174b50 nmethod 8108 0x00007fe93831fd90 code [0x00007fe93831ffc0, 0x00007fe938320a50]
Event: 4300.681 Thread 0x00007fe94817e680 8109   !   3       com.match.infrastructure.gateway.state.GatewayStateManager::onTradesBatch (486 bytes)
Event: 4300.683 Thread 0x00007fe94817e680 nmethod 8109 0x00007fe930899090 code [0x00007fe930899a20, 0x00007fe93089f018]
Event: 4300.699 Thread 0x00007fe948174b50 8110       4       com.match.domain.MarketInfo::fromId (29 bytes)
Event: 4300.700 Thread 0x00007fe948174b50 nmethod 8110 0x00007fe938337c10 code [0x00007fe938337da0, 0x00007fe938337eb0]
Event: 4300.700 Thread 0x00007fe948174b50 8111       4       com.match.infrastructure.generated.TradesBatchDecoder$TradesDecoder::tradeCount (20 bytes)
Event: 4300.700 Thread 0x00007fe948174b50 nmethod 8111 0x00007fe9381e5890 code [0x00007fe9381e5a20, 0x00007fe9381e5c18]
Event: 4300.700 Thread 0x00007fe948174b50 8112       4       com.match.infrastructure.generated.TradesBatchDecoder$TradesDecoder::timestamp (20 bytes)
Event: 4300.701 Thread 0x00007fe948174b50 nmethod 8112 0x00007fe9381e7d90 code [0x00007fe9381e7f20, 0x00007fe9381e80f0]
Event: 4301.018 Thread 0x00007fe948174b50 8113       4       com.google.gson.JsonPrimitive::isNumber (8 bytes)
Event: 4301.018 Thread 0x00007fe948174b50 nmethod 8113 0x00007fe9383ceb90 code [0x00007fe9383ced20, 0x00007fe9383cee20]
Event: 4301.722 Thread 0x00007fe948174b50 8114       4       java.lang.Math::min (45 bytes)
Event: 4301.722 Thread 0x00007fe948174b50 nmethod 8114 0x00007fe938432310 code [0x00007fe9384324c0, 0x00007fe9384325b8]
Event: 4302.084 Thread 0x00007fe948174b50 8116       4       org.agrona.concurrent.AbstractConcurrentArrayQueue::sequenceToBufferOffset (13 bytes)
Event: 4302.084 Thread 0x00007fe948174b50 nmethod 8116 0x00007fe9382d7310 code [0x00007fe9382d7480, 0x00007fe9382d74f0]
Event: 4302.084 Thread 0x00007fe948174b50 8115       4       java.lang.Math::max (45 bytes)
Event: 4302.084 Thread 0x00007fe948174b50 nmethod 8115 0x00007fe938505c10 code [0x00007fe938505dc0, 0x00007fe938505eb8]
Event: 4302.907 Thread 0x00007fe94817e680 8117       1       com.match.infrastructure.generated.TradesBatchDecoder::limit (6 bytes)
Event: 4302.907 Thread 0x00007fe94817e680 nmethod 8117 0x00007fe9382e4a90 code [0x00007fe9382e4c20, 0x00007fe9382e4ce0]
Event: 4302.907 Thread 0x00007fe948174b50 8118       4       com.match.infrastructure.generated.TradesBatchDecoder$TradesDecoder::hasNext (17 bytes)
Event: 4302.907 Thread 0x00007fe948174b50 nmethod 8118 0x00007fe9382efd10 code [0x00007fe9382efe80, 0x00007fe9382eff18]
Event: 4302.923 Thread 0x00007fe94817e680 8119       1       com.match.infrastructure.generated.TradesBatchDecoder::limit (5 bytes)
Event: 4302.923 Thread 0x00007fe94817e680 nmethod 8119 0x00007fe9382fcc10 code [0x00007fe9382fcda0, 0x00007fe9382fce60]
Event: 4303.057 Thread 0x00007fe948174b50 8120       4       com.google.gson.JsonPrimitive::getAsNumber (53 bytes)
Event: 4303.057 Thread 0x00007fe948174b50 nmethod 8120 0x00007fe938553f10 code [0x00007fe9385540a0, 0x00007fe9385541c0]
Event: 4305.302 Thread 0x00007fe948174b50 8121       4       com.match.infrastructure.gateway.state.Candle::copyFrom (65 bytes)
Event: 4305.303 Thread 0x00007fe948174b50 nmethod 8121 0x00007fe93831c990 code [0x00007fe93831cb00, 0x00007fe93831cbe8]
Event: 4306.104 Thread 0x00007fe948174b50 8122       4       com.match.infrastructure.generated.OrderSide::get (62 bytes)
Event: 4306.104 Thread 0x00007fe948174b50 nmethod 8122 0x00007fe93831e990 code [0x00007fe93831eb00, 0x00007fe93831eba0]
Event: 4306.309 Thread 0x00007fe948174b50 8123       4       com.google.gson.JsonPrimitive::getAsLong (25 bytes)
Event: 4306.310 Thread 0x00007fe948174b50 nmethod 8123 0x00007fe93854cb10 code [0x00007fe93854cca0, 0x00007fe93854cde0]
Event: 4306.323 Thread 0x00007fe94817e680 8128       3       com.match.infrastructure.gateway.persistence.TradeWriter::offer (74 bytes)
Event: 4306.323 Thread 0x00007fe94817e680 nmethod 8128 0x00007fe9306a3410 code [0x00007fe9306a3620, 0x00007fe9306a3b40]
Event: 4306.323 Thread 0x00007fe948174b50 8126       4       com.match.infrastructure.generated.TradesBatchDecoder$TradesDecoder::takerSide (40 bytes)
Event: 4306.324 Thread 0x00007fe948174b50 nmethod 8126 0x00007fe9381ee910 code [0x00007fe9381eeac0, 0x00007fe9381eed40]
Event: 4306.324 Thread 0x00007fe948174b50 8127   !   4       com.match.infrastructure.gateway.state.TickerStats::updateFromTrade (183 bytes)
Event: 4306.326 Thread 0x00007fe94817e680 8129       3       org.agrona.concurrent.OneToOneConcurrentArrayQueue::offer (105 bytes)
Event: 4306.326 Thread 0x00007fe470433260 8124       4       com.match.infrastructure.generated.TradesBatchDecoder$TradesDecoder::next (5 bytes)
Event: 4306.326 Thread 0x00007fe470433260 nmethod 8124 0x00007fe938589f90 code [0x00007fe93858a120, 0x00007fe93858a240]
Event: 4306.326 Thread 0x00007fe470433260 8125       4       com.match.infrastructure.generated.TradesBatchDecoder$TradesDecoder::next (58 bytes)
Event: 4306.327 Thread 0x00007fe470433260 nmethod 8125 0x00007fe938603c10 code [0x00007fe938603da0, 0x00007fe938603ec0]
Event: 4306.327 Thread 0x00007fe94817e680 nmethod 8129 0x00007fe930735790 code [0x00007fe930735980, 0x00007fe930735d68]
Event: 4306.327 Thread 0x00007fe948174b50 nmethod 8127 0x00007fe93854bd10 code [0x00007fe93854bf00, 0x00007fe93854c4e0]
Event: 4309.884 Thread 0x00007fe94817e680 8130       3       com.match.infrastructure.generated.TradesBatchDecoder$TradesDecoder::wrap (75 bytes)
Event: 4309.884 Thread 0x00007fe94817e680 nmethod 8130 0x00007fe93087a490 code [0x00007fe93087a660, 0x00007fe93087aaf8]
Event: 4310.083 Thread 0x00007fe948174b50 8131       4       com.match.infrastructure.gateway.state.GatewayStateManager::buildTradesBatchJson (69 bytes)
Event: 4310.087 Thread 0x00007fe948174b50 nmethod 8131 0x00007fe938336790 code [0x00007fe938336a00, 0x00007fe938337310]
Event: 4310.087 Thread 0x00007fe948174b50 8132       4       com.match.infrastructure.gateway.state.GatewayStateManager::buildCandleUpdateJson (70 bytes)
Event: 4310.089 Thread 0x00007fe948174b50 nmethod 8132 0x00007fe938514910 code [0x00007fe938514b80, 0x00007fe938515348]
Event: 4310.102 Thread 0x00007fe948174b50 8133       4       com.match.infrastructure.gateway.state.InMemoryCandleProvider$CandleRing::copyCurrent (43 bytes)
Event: 4310.103 Thread 0x00007fe948174b50 nmethod 8133 0x00007fe9381f4490 code [0x00007fe9381f4640, 0x00007fe9381f4908]
Event: 4310.446 Thread 0x00007fe948174b50 8134   !   4       com.match.infrastructure.gateway.state.InMemoryCandleProvider$CandleRing::getCurrent (82 bytes)
Event: 4310.448 Thread 0x00007fe948174b50 nmethod 8134 0x00007fe938482710 code [0x00007fe9384828c0, 0x00007fe938482cf8]
Event: 4386.908 Thread 0x00007fe948174b50 8135       4       com.match.infrastructure.generated.TradesBatchDecoder$TradesDecoder::wrap (75 bytes)
Event: 4386.909 Thread 0x00007fe948174b50 nmethod 8135 0x00007fe9382f6990 code [0x00007fe9382f6b40, 0x00007fe9382f6f10]
Event: 4392.930 Thread 0x00007fe948174b50 8136   !   4       java.nio.channels.spi.AbstractSelectableChannel::isRegistered (27 bytes)
Event: 4392.931 Thread 0x00007fe948174b50 nmethod 8136 0x00007fe938321290 code [0x00007fe938321420, 0x00007fe938321658]

GC Heap History (250 events):
Event: 4166.722 GC heap before
{Heap before GC invocations=1220 (full 842):
 ZHeap           used 46M, capacity 512M, max capacity 512M
 Metaspace       used 28241K, committed 28800K, reserved 1114112K
  class space    used 2807K, committed 3136K, reserved 1048576K
}
Event: 4166.780 GC heap after
{Heap after GC invocations=1220 (full 842):
 ZHeap           used 50M, capacity 512M, max capacity 512M
 Metaspace       used 28241K, committed 28800K, reserved 1114112K
  class space    used 2807K, committed 3136K, reserved 1048576K
}
Event: 4170.924 GC heap before
{Heap before GC invocations=1220 (full 842):
 ZHeap           used 462M, capacity 512M, max capacity 512M
 Metaspace       used 28241K, committed 28800K, reserved 1114112K
  class space    used 2807K, committed 3136K, reserved 1048576K
}
Event: 4170.931 GC heap after
{Heap after GC invocations=1221 (full 842):
 ZHeap           used 42M, capacity 512M, max capacity 512M
 Metaspace       used 28241K, committed 28800K, reserved 1114112K
  class space    used 2807K, committed 3136K, reserved 1048576K
}
Event: 4173.141 GC heap before
{Heap before GC invocations=1221 (full 842):
 ZHeap           used 254M, capacity 512M, max capacity 512M
 Metaspace       used 28241K, committed 28800K, reserved 1114112K
  class space    used 2807K, committed 3136K, reserved 1048576K
}
Event: 4173.147 GC heap after
{Heap after GC invocations=1222 (full 843):
 ZHeap           used 42M, capacity 512M, max capacity 512M
 Metaspace       used 28241K, committed 28800K, reserved 1114112K
  class space    used 2807K, committed 3136K, reserved 1048576K
}
Event: 4173.147 GC heap before
{Heap before GC invocations=1222 (full 843):
 ZHeap           used 42M, capacity 512M, max capacity 512M
 Metaspace       used 28241K, committed 28800K, reserved 1114112K
  class space    used 2807K, committed 3136K, reserved 1048576K
}
Event: 4173.193 GC heap after
{Heap after GC invocations=1222 (full 843):
 ZHeap           used 42M, capacity 512M, max capacity 512M
 Metaspace       used 28241K, committed 28800K, reserved 1114112K
  class space    used 2807K, committed 3136K, reserved 1048576K
}
Event: 4177.363 GC heap before
{Heap before GC invocations=1222 (full 843):
 ZHeap           used 462M, capacity 512M, max capacity 512M
 Metaspace       used 28241K, committed 28800K, reserved 1114112K
  class space    used 2807K, committed 3136K, reserved 1048576K
}
Event: 4177.391 GC heap after
{Heap after GC invocations=1223 (full 843):
 ZHeap           used 42M, capacity 512M, max capacity 512M
 Metaspace       used 28241K, committed 28800K, reserved 1114112K
  class space    used 2807K, committed 3136K, reserved 1048576K
}
Event: 4180.612 GC heap before
{Heap before GC invocations=1223 (full 843):
 ZHeap           used 360M, capacity 512M, max capacity 512M
 Metaspace       used 28241K, committed 28800K, reserved 1114112K
  class space    used 2807K, committed 3136K, reserved 1048576K
}
Event: 4180.626 GC heap after
{Heap after GC invocations=1224 (full 844):
 ZHeap           used 42M, capacity 512M, max capacity 512M
 Metaspace       used 28241K, committed 28800K, reserved 1114112K
  class space    used 2807K, committed 3136K, reserved 1048576K
}
Event: 4180.626 GC heap before
{Heap before GC invocations=1224 (full 844):
 ZHeap           used 42M, capacity 512M, max capacity 512M
 Metaspace       used 28241K, committed 28800K, reserved 1114112K
  class space    used 2807K, committed 3136K, reserved 1048576K
}
Event: 4180.660 GC heap after
{Heap after GC invocations=1224 (full 844):
 ZHeap           used 46M, capacity 512M, max capacity 512M
 Metaspace       used 28241K, committed 28800K, reserved 1114112K
  class space    used 2807K, committed 3136K, reserved 1048576K
}
Event: 4185.572 GC heap before
{Heap before GC invocations=1224 (full 844):
 ZHeap           used 462M, capacity 512M, max capacity 512M
 Metaspace       used 28241K, committed 28800K, reserved 1114112K
  class space    used 2807K, committed 3136K, reserved 1048576K
}
Event: 4185.584 GC heap after
{Heap after GC invocations=1225 (full 844):
 ZHeap           used 38M, capacity 512M, max capacity 512M
 Metaspace       used 28241K, committed 28800K, reserved 1114112K
  class space    used 2807K, committed 3136K, reserved 1048576K
}
Event: 4186.485 GC heap before
{Heap before GC invocations=1225 (full 844):
 ZHeap           used 98M, capacity 512M, max capacity 512M
 Metaspace       used 28241K, committed 28800K, reserved 1114112K
  class space    used 2807K, committed 3136K, reserved 1048576K
}
Event: 4186.494 GC heap after
{Heap after GC invocations=1226 (full 845):
 ZHeap           used 40M, capacity 512M, max capacity 512M
 Metaspace       used 28241K, committed 28800K, reserved 1114112K
  class space    used 2807K, committed 3136K, reserved 1048576K
}
Event: 4186.494 GC heap before
{Heap before GC invocations=1226 (full 845):
 ZHeap           used 40M, capacity 512M, max capacity 512M
 Metaspace       used 28241K, committed 28800K, reserved 1114112K
  class space    used 2807K, committed 3136K, reserved 1048576K
}
Event: 4186.533 GC heap after
{Heap after GC invocations=1226 (full 845):
 ZHeap           used 44M, capacity 512M, max capacity 512M
 Metaspace       used 28241K, committed 28800K, reserved 1114112K
  class space    used 2807K, committed 3136K, reserved 1048576K
}
Event: 4190.999 GC heap before
{Heap before GC invocations=1226 (full 845):
 ZHeap           used 358M, capacity 512M, max capacity 512M
 Metaspace       used 28241K, committed 28800K, reserved 1114112K
  class space    used 2807K, committed 3136K, reserved 1048576K
}
Event: 4191.008 GC heap after
{Heap after GC invocations=1227 (full 846):
 ZHeap           used 40M, capacity 512M, max capacity 512M
 Metaspace       used 28241K, committed 28800K, reserved 1114112K
  class space    used 2807K, committed 3136K, reserved 1048576K
}
Event: 4191.008 GC heap before
{Heap before GC invocations=1227 (full 846):
 ZHeap           used 40M, capacity 512M, max capacity 512M
 Metaspace       used 28241K, committed 28800K, reserved 1114112K
  class space    used 2807K, committed 3136K, reserved 1048576K
}
Event: 4191.048 GC heap after
{Heap after GC invocations=1227 (full 846):
 ZHeap           used 42M, capacity 512M, max capacity 512M
 Metaspace       used 28241K, committed 28800K, reserved 1114112K
  class space    used 2807K, committed 3136K, reserved 1048576K
}
Event: 4195.267 GC heap before
{Heap before GC invocations=1227 (full 846):
 ZHeap           used 326M, capacity 512M, max capacity 512M
 Metaspace       used 28241K, committed 28800K, reserved 1114112K
  class space    used 2807K, committed 3136K, reserved 1048576K
}
Event: 4195.280 GC heap after
{Heap after GC invocations=1228 (full 847):
 ZHeap           used 44M, capacity 512M, max capacity 512M
 Metaspace       used 28241K, committed 28800K, reserved 1114112K
  class space    used 2807K, committed 3136K, reserved 1048576K
}
Event: 4195.280 GC heap before
{Heap before GC invocations=1228 (full 847):
 ZHeap           used 44M, capacity 512M, max capacity 512M
 Metaspace       used 28241K, committed 28800K, reserved 1114112K
  class space    used 2807K, committed 3136K, reserved 1048576K
}
Event: 4195.316 GC heap after
{Heap after GC invocations=1228 (full 847):
 ZHeap           used 46M, capacity 512M, max capacity 512M
 Metaspace       used 28241K, committed 28800K, reserved 1114112K
  class space    used 2807K, committed 3136K, reserved 1048576K
}
Event: 4199.290 GC heap before
{Heap before GC invocations=1228 (full 847):
 ZHeap           used 316M, capacity 512M, max capacity 512M
 Metaspace       used 28241K, committed 28800K, reserved 1114112K
  class space    used 2807K, committed 3136K, reserved 1048576K
}
Event: 4199.293 GC heap after
{Heap after GC invocations=1229 (full 848):
 ZHeap           used 44M, capacity 512M, max capacity 512M
 Metaspace       used 28241K, committed 28800K, reserved 1114112K
  class space    used 2807K, committed 3136K, reserved 1048576K
}
Event: 4199.293 GC heap before
{Heap before GC invocations=1229 (full 848):
 ZHeap           used 44M, capacity 512M, max capacity 512M
 Metaspace       used 28241K, committed 28800K, reserved 1114112K
  class space    used 2807K, committed 3136K, reserved 1048576K
}
Event: 4199.322 GC heap after
{Heap after GC invocations=1229 (full 848):
 ZHeap           used 46M, capacity 512M, max capacity 512M
 Metaspace       used 28241K, committed 28800K, reserved 1114112K
  class space    used 2807K, committed 3136K, reserved 1048576K
}
Event: 4203.232 GC heap before
{Heap before GC invocations=1229 (full 848):
 ZHeap           used 316M, capacity 512M, max capacity 512M
 Metaspace       used 28241K, committed 28800K, reserved 1114112K
  class space    used 2807K, committed 3136K, reserved 1048576K
}
Event: 4203.235 GC heap after
{Heap after GC invocations=1230 (full 849):
 ZHeap           used 42M, capacity 512M, max capacity 512M
 Metaspace       used 28241K, committed 28800K, reserved 1114112K
  class space    used 2807K, committed 3136K, reserved 1048576K
}
Event: 4203.235 GC heap before
{Heap before GC invocations=1230 (full 849):
 ZHeap           used 42M, capacity 512M, max capacity 512M
 Metaspace       used 28241K, committed 28800K, reserved 1114112K
  class space    used 2807K, committed 3136K, reserved 1048576K
}
Event: 4203.265 GC heap after
{Heap after GC invocations=1230 (full 849):
 ZHeap           used 44M, capacity 512M, max capacity 512M
 Metaspace       used 28241K, committed 28800K, reserved 1114112K
  class space    used 2807K, committed 3136K, reserved 1048576K
}
Event: 4206.437 GC heap before
{Heap before GC invocations=1230 (full 849):
 ZHeap           used 250M, capacity 512M, max capacity 512M
 Metaspace       used 28241K, committed 28800K, reserved 1114112K
  class space    used 2807K, committed 3136K, reserved 1048576K
}
Event: 4206.456 GC heap after
{Heap after GC invocations=1231 (full 850):
 ZHeap           used 44M, capacity 512M, max capacity 512M
 Metaspace       used 28241K, committed 28800K, reserved 1114112K
  class space    used 2807K, committed 3136K, reserved 1048576K
}
Event: 4206.456 GC heap before
{Heap before GC invocations=1231 (full 850):
 ZHeap           used 44M, capacity 512M, max capacity 512M
 Metaspace       used 28241K, committed 28800K, reserved 1114112K
  class space    used 2807K, committed 3136K, reserved 1048576K
}
Event: 4206.538 GC heap after
{Heap after GC invocations=1231 (full 850):
 ZHeap           used 44M, capacity 512M, max capacity 512M
 Metaspace       used 28241K, committed 28800K, reserved 1114112K
  class space    used 2807K, committed 3136K, reserved 1048576K
}
Event: 4212.484 GC heap before
{Heap before GC invocations=1231 (full 850):
 ZHeap           used 462M, capacity 512M, max capacity 512M
 Metaspace       used 28241K, committed 28800K, reserved 1114112K
  class space    used 2807K, committed 3136K, reserved 1048576K
}
Event: 4212.489 GC heap after
{Heap after GC invocations=1232 (full 850):
 ZHeap           used 42M, capacity 512M, max capacity 512M
 Metaspace       used 28241K, committed 28800K, reserved 1114112K
  class space    used 2807K, committed 3136K, reserved 1048576K
}
Event: 4216.599 GC heap before
{Heap before GC invocations=1232 (full 850):
 ZHeap           used 328M, capacity 512M, max capacity 512M
 Metaspace       used 28241K, committed 28800K, reserved 1114112K
  class space    used 2807K, committed 3136K, reserved 1048576K
}
Event: 4216.608 GC heap after
{Heap after GC invocations=1233 (full 851):
 ZHeap           used 44M, capacity 512M, max capacity 512M
 Metaspace       used 28241K, committed 28800K, reserved 1114112K
  class space    used 2807K, committed 3136K, reserved 1048576K
}
Event: 4216.608 GC heap before
{Heap before GC invocations=1233 (full 851):
 ZHeap           used 44M, capacity 512M, max capacity 512M
 Metaspace       used 28241K, committed 28800K, reserved 1114112K
  class space    used 2807K, committed 3136K, reserved 1048576K
}
Event: 4216.644 GC heap after
{Heap after GC invocations=1233 (full 851):
 ZHeap           used 42M, capacity 512M, max capacity 512M
 Metaspace       used 28241K, committed 28800K, reserved 1114112K
  class space    used 2807K, committed 3136K, reserved 1048576K
}
Event: 4222.813 GC heap before
{Heap before GC invocations=1233 (full 851):
 ZHeap           used 462M, capacity 512M, max capacity 512M
 Metaspace       used 28241K, committed 28800K, reserved 1114112K
  class space    used 2807K, committed 3136K, reserved 1048576K
}
Event: 4222.821 GC heap after
{Heap after GC invocations=1234 (full 851):
 ZHeap           used 40M, capacity 512M, max capacity 512M
 Metaspace       used 28241K, committed 28800K, reserved 1114112K
  class space    used 2807K, committed 3136K, reserved 1048576K
}
Event: 4224.053 GC heap before
{Heap before GC invocations=1234 (full 851):
 ZHeap           used 128M, capacity 512M, max capacity 512M
 Metaspace       used 28241K, committed 28800K, reserved 1114112K
  class space    used 2807K, committed 3136K, reserved 1048576K
}
Event: 4224.057 GC heap after
{Heap after GC invocations=1235 (full 852):
 ZHeap           used 42M, capacity 512M, max capacity 512M
 Metaspace       used 28241K, committed 28800K, reserved 1114112K
  class space    used 2807K, committed 3136K, reserved 1048576K
}
Event: 4224.057 GC heap before
{Heap before GC invocations=1235 (full 852):
 ZHeap           used 42M, capacity 512M, max capacity 512M
 Metaspace       used 28241K, committed 28800K, reserved 1114112K
  class space    used 2807K, committed 3136K, reserved 1048576K
}
Event: 4224.087 GC heap after
{Heap after GC invocations=1235 (full 852):
 ZHeap           used 44M, capacity 512M, max capacity 512M
 Metaspace       used 28241K, committed 28800K, reserved 1114112K
  class space    used 2807K, committed 3136K, reserved 1048576K
}
Event: 4229.426 GC heap before
{Heap before GC invocations=1235 (full 852):
 ZHeap           used 416M, capacity 512M, max capacity 512M
 Metaspace       used 28241K, committed 28800K, reserved 1114112K
  class space    used 2807K, committed 3136K, reserved 1048576K
}
Event: 4229.442 GC heap after
{Heap after GC invocations=1236 (full 853):
 ZHeap           used 42M, capacity 512M, max capacity 512M
 Metaspace       used 28241K, committed 28800K, reserved 1114112K
  class space    used 2807K, committed 3136K, reserved 1048576K
}
Event: 4229.442 GC heap before
{Heap before GC invocations=1236 (full 853):
 ZHeap           used 42M, capacity 512M, max capacity 512M
 Metaspace       used 28241K, committed 28800K, reserved 1114112K
  class space    used 2807K, committed 3136K, reserved 1048576K
}
Event: 4229.505 GC heap after
{Heap after GC invocations=1236 (full 853):
 ZHeap           used 46M, capacity 512M, max capacity 512M
 Metaspace       used 28241K, committed 28800K, reserved 1114112K
  class space    used 2807K, committed 3136K, reserved 1048576K
}
Event: 4235.543 GC heap before
{Heap before GC invocations=1236 (full 853):
 ZHeap           used 462M, capacity 512M, max capacity 512M
 Metaspace       used 28241K, committed 28800K, reserved 1114112K
  class space    used 2807K, committed 3136K, reserved 1048576K
}
Event: 4235.547 GC heap after
{Heap after GC invocations=1237 (full 853):
 ZHeap           used 38M, capacity 512M, max capacity 512M
 Metaspace       used 28241K, committed 28800K, reserved 1114112K
  class space    used 2807K, committed 3136K, reserved 1048576K
}
Event: 4236.832 GC heap before
{Heap before GC invocations=1237 (full 853):
 ZHeap           used 132M, capacity 512M, max capacity 512M
 Metaspace       used 28241K, committed 28800K, reserved 1114112K
  class space    used 2807K, committed 3136K, reserved 1048576K
}
Event: 4236.836 GC heap after
{Heap after GC invocations=1238 (full 854):
 ZHeap           used 40M, capacity 512M, max capacity 512M
 Metaspace       used 28241K, committed 28800K, reserved 1114112K
  class space    used 2807K, committed 3136K, reserved 1048576K
}
Event: 4236.836 GC heap before
{Heap before GC invocations=1238 (full 854):
 ZHeap           used 40M, capacity 512M, max capacity 512M
 Metaspace       used 28241K, committed 28800K, reserved 1114112K
  class space    used 2807K, committed 3136K, reserved 1048576K
}
Event: 4236.900 GC heap after
{Heap after GC invocations=1238 (full 854):
 ZHeap           used 42M, capacity 512M, max capacity 512M
 Metaspace       used 28241K, committed 28800K, reserved 1114112K
  class space    used 2807K, committed 3136K, reserved 1048576K
}
Event: 4242.879 GC heap before
{Heap before GC invocations=1238 (full 854):
 ZHeap           used 444M, capacity 512M, max capacity 512M
 Metaspace       used 28241K, committed 28800K, reserved 1114112K
  class space    used 2807K, committed 3136K, reserved 1048576K
}
Event: 4242.884 GC heap after
{Heap after GC invocations=1239 (full 855):
 ZHeap           used 40M, capacity 512M, max capacity 512M
 Metaspace       used 28241K, committed 28800K, reserved 1114112K
  class space    used 2807K, committed 3136K, reserved 1048576K
}
Event: 4242.884 GC heap before
{Heap before GC invocations=1239 (full 855):
 ZHeap           used 40M, capacity 512M, max capacity 512M
 Metaspace       used 28241K, committed 28800K, reserved 1114112K
  class space    used 2807K, committed 3136K, reserved 1048576K
}
Event: 4242.948 GC heap after
{Heap after GC invocations=1239 (full 855):
 ZHeap           used 44M, capacity 512M, max capacity 512M
 Metaspace       used 28241K, committed 28800K, reserved 1114112K
  class space    used 2807K, committed 3136K, reserved 1048576K
}
Event: 4248.600 GC heap before
{Heap before GC invocations=1239 (full 855):
 ZHeap           used 440M, capacity 512M, max capacity 512M
 Metaspace       used 28241K, committed 28800K, reserved 1114112K
  class space    used 2807K, committed 3136K, reserved 1048576K
}
Event: 4248.607 GC heap after
{Heap after GC invocations=1240 (full 856):
 ZHeap           used 42M, capacity 512M, max capacity 512M
 Metaspace       used 28241K, committed 28800K, reserved 1114112K
  class space    used 2807K, committed 3136K, reserved 1048576K
}
Event: 4248.607 GC heap before
{Heap before GC invocations=1240 (full 856):
 ZHeap           used 42M, capacity 512M, max capacity 512M
 Metaspace       used 28241K, committed 28800K, reserved 1114112K
  class space    used 2807K, committed 3136K, reserved 1048576K
}
Event: 4248.674 GC heap after
{Heap after GC invocations=1240 (full 856):
 ZHeap           used 46M, capacity 512M, max capacity 512M
 Metaspace       used 28241K, committed 28800K, reserved 1114112K
  class space    used 2807K, committed 3136K, reserved 1048576K
}
Event: 4254.156 GC heap before
{Heap before GC invocations=1240 (full 856):
 ZHeap           used 418M, capacity 512M, max capacity 512M
 Metaspace       used 28241K, committed 28800K, reserved 1114112K
  class space    used 2807K, committed 3136K, reserved 1048576K
}
Event: 4254.165 GC heap after
{Heap after GC invocations=1241 (full 857):
 ZHeap           used 44M, capacity 512M, max capacity 512M
 Metaspace       used 28241K, committed 28800K, reserved 1114112K
  class space    used 2807K, committed 3136K, reserved 1048576K
}
Event: 4254.165 GC heap before
{Heap before GC invocations=1241 (full 857):
 ZHeap           used 44M, capacity 512M, max capacity 512M
 Metaspace       used 28241K, committed 28800K, reserved 1114112K
  class space    used 2807K, committed 3136K, reserved 1048576K
}
Event: 4254.212 GC heap after
{Heap after GC invocations=1241 (full 857):
 ZHeap           used 46M, capacity 512M, max capacity 512M
 Metaspace       used 28241K, committed 28800K, reserved 1114112K
  class space    used 2807K, committed 3136K, reserved 1048576K
}
Event: 4260.046 GC heap before
{Heap before GC invocations=1241 (full 857):
 ZHeap           used 442M, capacity 512M, max capacity 512M
 Metaspace       used 28241K, committed 28800K, reserved 1114112K
  class space    used 2807K, committed 3136K, reserved 1048576K
}
Event: 4260.052 GC heap after
{Heap after GC invocations=1242 (full 858):
 ZHeap           used 46M, capacity 512M, max capacity 512M
 Metaspace       used 28241K, committed 28800K, reserved 1114112K
  class space    used 2807K, committed 3136K, reserved 1048576K
}
Event: 4260.052 GC heap before
{Heap before GC invocations=1242 (full 858):
 ZHeap           used 46M, capacity 512M, max capacity 512M
 Metaspace       used 28241K, committed 28800K, reserved 1114112K
  class space    used 2807K, committed 3136K, reserved 1048576K
}
Event: 4260.088 GC heap after
{Heap after GC invocations=1242 (full 858):
 ZHeap           used 48M, capacity 512M, max capacity 512M
 Metaspace       used 28241K, committed 28800K, reserved 1114112K
  class space    used 2807K, committed 3136K, reserved 1048576K
}
Event: 4265.257 GC heap before
{Heap before GC invocations=1242 (full 858):
 ZHeap           used 390M, capacity 512M, max capacity 512M
 Metaspace       used 28241K, committed 28800K, reserved 1114112K
  class space    used 2807K, committed 3136K, reserved 1048576K
}
Event: 4265.260 GC heap after
{Heap after GC invocations=1243 (full 859):
 ZHeap           used 46M, capacity 512M, max capacity 512M
 Metaspace       used 28241K, committed 28800K, reserved 1114112K
  class space    used 2807K, committed 3136K, reserved 1048576K
}
Event: 4265.260 GC heap before
{Heap before GC invocations=1243 (full 859):
 ZHeap           used 46M, capacity 512M, max capacity 512M
 Metaspace       used 28241K, committed 28800K, reserved 1114112K
  class space    used 2807K, committed 3136K, reserved 1048576K
}
Event: 4265.291 GC heap after
{Heap after GC invocations=1243 (full 859):
 ZHeap           used 46M, capacity 512M, max capacity 512M
 Metaspace       used 28241K, committed 28800K, reserved 1114112K
  class space    used 2807K, committed 3136K, reserved 1048576K
}
Event: 4269.414 GC heap before
{Heap before GC invocations=1243 (full 859):
 ZHeap           used 326M, capacity 512M, max capacity 512M
 Metaspace       used 28241K, committed 28800K, reserved 1114112K
  class space    used 2807K, committed 3136K, reserved 1048576K
}
Event: 4269.418 GC heap after
{Heap after GC invocations=1244 (full 860):
 ZHeap           used 46M, capacity 512M, max capacity 512M
 Metaspace       used 28241K, committed 28800K, reserved 1114112K
  class space    used 2807K, committed 3136K, reserved 1048576K
}
Event: 4269.418 GC heap before
{Heap before GC invocations=1244 (full 860):
 ZHeap           used 46M, capacity 512M, max capacity 512M
 Metaspace       used 28241K, committed 28800K, reserved 1114112K
  class space    used 2807K, committed 3136K, reserved 1048576K
}
Event: 4269.451 GC heap after
{Heap after GC invocations=1244 (full 860):
 ZHeap           used 48M, capacity 512M, max capacity 512M
 Metaspace       used 28241K, committed 28800K, reserved 1114112K
  class space    used 2807K, committed 3136K, reserved 1048576K
}
Event: 4272.799 GC heap before
{Heap before GC invocations=1244 (full 860):
 ZHeap           used 270M, capacity 512M, max capacity 512M
 Metaspace       used 28241K, committed 28800K, reserved 1114112K
  class space    used 2807K, committed 3136K, reserved 1048576K
}
Event: 4272.802 GC heap after
{Heap after GC invocations=1245 (full 861):
 ZHeap           used 46M, capacity 512M, max capacity 512M
 Metaspace       used 28241K, committed 28800K, reserved 1114112K
  class space    used 2807K, committed 3136K, reserved 1048576K
}
Event: 4272.802 GC heap before
{Heap before GC invocations=1245 (full 861):
 ZHeap           used 46M, capacity 512M, max capacity 512M
 Metaspace       used 28241K, committed 28800K, reserved 1114112K
  class space    used 2807K, committed 3136K, reserved 1048576K
}
Event: 4272.830 GC heap after
{Heap after GC invocations=1245 (full 861):
 ZHeap           used 48M, capacity 512M, max capacity 512M
 Metaspace       used 28241K, committed 28800K, reserved 1114112K
  class space    used 2807K, committed 3136K, reserved 1048576K
}
Event: 4275.707 GC heap before
{Heap before GC invocations=1245 (full 861):
 ZHeap           used 256M, capacity 512M, max capacity 512M
 Metaspace       used 28241K, committed 28800K, reserved 1114112K
  class space    used 2807K, committed 3136K, reserved 1048576K
}
Event: 4275.713 GC heap after
{Heap after GC invocations=1246 (full 862):
 ZHeap           used 48M, capacity 512M, max capacity 512M
 Metaspace       used 28241K, committed 28800K, reserved 1114112K
  class space    used 2807K, committed 3136K, reserved 1048576K
}
Event: 4275.713 GC heap before
{Heap before GC invocations=1246 (full 862):
 ZHeap           used 48M, capacity 512M, max capacity 512M
 Metaspace       used 28241K, committed 28800K, reserved 1114112K
  class space    used 2807K, committed 3136K, reserved 1048576K
}
Event: 4275.762 GC heap after
{Heap after GC invocations=1246 (full 862):
 ZHeap           used 48M, capacity 512M, max capacity 512M
 Metaspace       used 28241K, committed 28800K, reserved 1114112K
  class space    used 2807K, committed 3136K, reserved 1048576K
}
Event: 4280.761 GC heap before
{Heap before GC invocations=1246 (full 862):
 ZHeap           used 454M, capacity 512M, max capacity 512M
 Metaspace       used 28241K, committed 28800K, reserved 1114112K
  class space    used 2807K, committed 3136K, reserved 1048576K
}
Event: 4280.766 GC heap after
{Heap after GC invocations=1247 (full 863):
 ZHeap           used 46M, capacity 512M, max capacity 512M
 Metaspace       used 28241K, committed 28800K, reserved 1114112K
  class space    used 2807K, committed 3136K, reserved 1048576K
}
Event: 4280.766 GC heap before
{Heap before GC invocations=1247 (full 863):
 ZHeap           used 46M, capacity 512M, max capacity 512M
 Metaspace       used 28241K, committed 28800K, reserved 1114112K
  class space    used 2807K, committed 3136K, reserved 1048576K
}
Event: 4280.831 GC heap after
{Heap after GC invocations=1247 (full 863):
 ZHeap           used 54M, capacity 512M, max capacity 512M
 Metaspace       used 28241K, committed 28800K, reserved 1114112K
  class space    used 2807K, committed 3136K, reserved 1048576K
}
Event: 4284.907 GC heap before
{Heap before GC invocations=1247 (full 863):
 ZHeap           used 462M, capacity 512M, max capacity 512M
 Metaspace       used 28241K, committed 28800K, reserved 1114112K
  class space    used 2807K, committed 3136K, reserved 1048576K
}
Event: 4284.910 GC heap after
{Heap after GC invocations=1248 (full 863):
 ZHeap           used 44M, capacity 512M, max capacity 512M
 Metaspace       used 28241K, committed 28800K, reserved 1114112K
  class space    used 2807K, committed 3136K, reserved 1048576K
}
Event: 4287.879 GC heap before
{Heap before GC invocations=1248 (full 863):
 ZHeap           used 362M, capacity 512M, max capacity 512M
 Metaspace       used 28241K, committed 28800K, reserved 1114112K
  class space    used 2807K, committed 3136K, reserved 1048576K
}
Event: 4287.882 GC heap after
{Heap after GC invocations=1249 (full 864):
 ZHeap           used 44M, capacity 512M, max capacity 512M
 Metaspace       used 28241K, committed 28800K, reserved 1114112K
  class space    used 2807K, committed 3136K, reserved 1048576K
}
Event: 4287.882 GC heap before
{Heap before GC invocations=1249 (full 864):
 ZHeap           used 44M, capacity 512M, max capacity 512M
 Metaspace       used 28241K, committed 28800K, reserved 1114112K
  class space    used 2807K, committed 3136K, reserved 1048576K
}
Event: 4287.915 GC heap after
{Heap after GC invocations=1249 (full 864):
 ZHeap           used 42M, capacity 512M, max capacity 512M
 Metaspace       used 28241K, committed 28800K, reserved 1114112K
  class space    used 2807K, committed 3136K, reserved 1048576K
}
Event: 4292.934 GC heap before
{Heap before GC invocations=1249 (full 864):
 ZHeap           used 462M, capacity 512M, max capacity 512M
 Metaspace       used 28241K, committed 28800K, reserved 1114112K
  class space    used 2807K, committed 3136K, reserved 1048576K
}
Event: 4292.938 GC heap after
{Heap after GC invocations=1250 (full 864):
 ZHeap           used 38M, capacity 512M, max capacity 512M
 Metaspace       used 28241K, committed 28800K, reserved 1114112K
  class space    used 2807K, committed 3136K, reserved 1048576K
}
Event: 4293.902 GC heap before
{Heap before GC invocations=1250 (full 864):
 ZHeap           used 138M, capacity 512M, max capacity 512M
 Metaspace       used 28241K, committed 28800K, reserved 1114112K
  class space    used 2807K, committed 3136K, reserved 1048576K
}
Event: 4293.906 GC heap after
{Heap after GC invocations=1251 (full 865):
 ZHeap           used 40M, capacity 512M, max capacity 512M
 Metaspace       used 28241K, committed 28800K, reserved 1114112K
  class space    used 2807K, committed 3136K, reserved 1048576K
}
Event: 4293.906 GC heap before
{Heap before GC invocations=1251 (full 865):
 ZHeap           used 40M, capacity 512M, max capacity 512M
 Metaspace       used 28241K, committed 28800K, reserved 1114112K
  class space    used 2807K, committed 3136K, reserved 1048576K
}
Event: 4293.941 GC heap after
{Heap after GC invocations=1251 (full 865):
 ZHeap           used 42M, capacity 512M, max capacity 512M
 Metaspace       used 28241K, committed 28800K, reserved 1114112K
  class space    used 2807K, committed 3136K, reserved 1048576K
}
Event: 4298.419 GC heap before
{Heap before GC invocations=1251 (full 865):
 ZHeap           used 424M, capacity 512M, max capacity 512M
 Metaspace       used 28241K, committed 28800K, reserved 1114112K
  class space    used 2807K, committed 3136K, reserved 1048576K
}
Event: 4298.425 GC heap after
{Heap after GC invocations=1252 (full 866):
 ZHeap           used 40M, capacity 512M, max capacity 512M
 Metaspace       used 28241K, committed 28800K, reserved 1114112K
  class space    used 2807K, committed 3136K, reserved 1048576K
}
Event: 4298.425 GC heap before
{Heap before GC invocations=1252 (full 866):
 ZHeap           used 40M, capacity 512M, max capacity 512M
 Metaspace       used 28241K, committed 28800K, reserved 1114112K
  class space    used 2807K, committed 3136K, reserved 1048576K
}
Event: 4298.464 GC heap after
{Heap after GC invocations=1252 (full 866):
 ZHeap           used 42M, capacity 512M, max capacity 512M
 Metaspace       used 28241K, committed 28800K, reserved 1114112K
  class space    used 2807K, committed 3136K, reserved 1048576K
}
Event: 4302.478 GC heap before
{Heap before GC invocations=1252 (full 866):
 ZHeap           used 378M, capacity 512M, max capacity 512M
 Metaspace       used 28241K, committed 28800K, reserved 1114112K
  class space    used 2807K, committed 3136K, reserved 1048576K
}
Event: 4302.482 GC heap after
{Heap after GC invocations=1253 (full 867):
 ZHeap           used 40M, capacity 512M, max capacity 512M
 Metaspace       used 28241K, committed 28800K, reserved 1114112K
  class space    used 2807K, committed 3136K, reserved 1048576K
}
Event: 4302.482 GC heap before
{Heap before GC invocations=1253 (full 867):
 ZHeap           used 40M, capacity 512M, max capacity 512M
 Metaspace       used 28241K, committed 28800K, reserved 1114112K
  class space    used 2807K, committed 3136K, reserved 1048576K
}
Event: 4302.528 GC heap after
{Heap after GC invocations=1253 (full 867):
 ZHeap           used 44M, capacity 512M, max capacity 512M
 Metaspace       used 28241K, committed 28800K, reserved 1114112K
  class space    used 2807K, committed 3136K, reserved 1048576K
}
Event: 4306.582 GC heap before
{Heap before GC invocations=1253 (full 867):
 ZHeap           used 460M, capacity 512M, max capacity 512M
 Metaspace       used 28241K, committed 28800K, reserved 1114112K
  class space    used 2807K, committed 3136K, reserved 1048576K
}
Event: 4306.587 GC heap after
{Heap after GC invocations=1254 (full 868):
 ZHeap           used 42M, capacity 512M, max capacity 512M
 Metaspace       used 28241K, committed 28800K, reserved 1114112K
  class space    used 2807K, committed 3136K, reserved 1048576K
}
Event: 4306.587 GC heap before
{Heap before GC invocations=1254 (full 868):
 ZHeap           used 42M, capacity 512M, max capacity 512M
 Metaspace       used 28241K, committed 28800K, reserved 1114112K
  class space    used 2807K, committed 3136K, reserved 1048576K
}
Event: 4306.628 GC heap after
{Heap after GC invocations=1254 (full 868):
 ZHeap           used 46M, capacity 512M, max capacity 512M
 Metaspace       used 28241K, committed 28800K, reserved 1114112K
  class space    used 2807K, committed 3136K, reserved 1048576K
}
Event: 4310.289 GC heap before
{Heap before GC invocations=1254 (full 868):
 ZHeap           used 424M, capacity 512M, max capacity 512M
 Metaspace       used 28241K, committed 28800K, reserved 1114112K
  class space    used 2807K, committed 3136K, reserved 1048576K
}
Event: 4310.296 GC heap after
{Heap after GC invocations=1255 (full 869):
 ZHeap           used 42M, capacity 512M, max capacity 512M
 Metaspace       used 28241K, committed 28800K, reserved 1114112K
  class space    used 2807K, committed 3136K, reserved 1048576K
}
Event: 4310.296 GC heap before
{Heap before GC invocations=1255 (full 869):
 ZHeap           used 42M, capacity 512M, max capacity 512M
 Metaspace       used 28241K, committed 28800K, reserved 1114112K
  class space    used 2807K, committed 3136K, reserved 1048576K
}
Event: 4310.325 GC heap after
{Heap after GC invocations=1255 (full 869):
 ZHeap           used 42M, capacity 512M, max capacity 512M
 Metaspace       used 28241K, committed 28800K, reserved 1114112K
  class space    used 2807K, committed 3136K, reserved 1048576K
}
Event: 4314.290 GC heap before
{Heap before GC invocations=1255 (full 869):
 ZHeap           used 382M, capacity 512M, max capacity 512M
 Metaspace       used 28241K, committed 28800K, reserved 1114112K
  class space    used 2807K, committed 3136K, reserved 1048576K
}
Event: 4314.298 GC heap after
{Heap after GC invocations=1256 (full 870):
 ZHeap           used 42M, capacity 512M, max capacity 512M
 Metaspace       used 28241K, committed 28800K, reserved 1114112K
  class space    used 2807K, committed 3136K, reserved 1048576K
}
Event: 4314.298 GC heap before
{Heap before GC invocations=1256 (full 870):
 ZHeap           used 42M, capacity 512M, max capacity 512M
 Metaspace       used 28241K, committed 28800K, reserved 1114112K
  class space    used 2807K, committed 3136K, reserved 1048576K
}
Event: 4314.339 GC heap after
{Heap after GC invocations=1256 (full 870):
 ZHeap           used 46M, capacity 512M, max capacity 512M
 Metaspace       used 28241K, committed 28800K, reserved 1114112K
  class space    used 2807K, committed 3136K, reserved 1048576K
}
Event: 4318.502 GC heap before
{Heap before GC invocations=1256 (full 870):
 ZHeap           used 400M, capacity 512M, max capacity 512M
 Metaspace       used 28241K, committed 28800K, reserved 1114112K
  class space    used 2807K, committed 3136K, reserved 1048576K
}
Event: 4318.506 GC heap after
{Heap after GC invocations=1257 (full 871):
 ZHeap           used 42M, capacity 512M, max capacity 512M
 Metaspace       used 28241K, committed 28800K, reserved 1114112K
  class space    used 2807K, committed 3136K, reserved 1048576K
}
Event: 4318.506 GC heap before
{Heap before GC invocations=1257 (full 871):
 ZHeap           used 42M, capacity 512M, max capacity 512M
 Metaspace       used 28241K, committed 28800K, reserved 1114112K
  class space    used 2807K, committed 3136K, reserved 1048576K
}
Event: 4318.536 GC heap after
{Heap after GC invocations=1257 (full 871):
 ZHeap           used 42M, capacity 512M, max capacity 512M
 Metaspace       used 28241K, committed 28800K, reserved 1114112K
  class space    used 2807K, committed 3136K, reserved 1048576K
}
Event: 4322.148 GC heap before
{Heap before GC invocations=1257 (full 871):
 ZHeap           used 388M, capacity 512M, max capacity 512M
 Metaspace       used 28241K, committed 28800K, reserved 1114112K
  class space    used 2807K, committed 3136K, reserved 1048576K
}
Event: 4322.151 GC heap after
{Heap after GC invocations=1258 (full 872):
 ZHeap           used 40M, capacity 512M, max capacity 512M
 Metaspace       used 28241K, committed 28800K, reserved 1114112K
  class space    used 2807K, committed 3136K, reserved 1048576K
}
Event: 4322.151 GC heap before
{Heap before GC invocations=1258 (full 872):
 ZHeap           used 40M, capacity 512M, max capacity 512M
 Metaspace       used 28241K, committed 28800K, reserved 1114112K
  class space    used 2807K, committed 3136K, reserved 1048576K
}
Event: 4322.180 GC heap after
{Heap after GC invocations=1258 (full 872):
 ZHeap           used 42M, capacity 512M, max capacity 512M
 Metaspace       used 28241K, committed 28800K, reserved 1114112K
  class space    used 2807K, committed 3136K, reserved 1048576K
}
Event: 4325.217 GC heap before
{Heap before GC invocations=1258 (full 872):
 ZHeap           used 278M, capacity 512M, max capacity 512M
 Metaspace       used 28241K, committed 28800K, reserved 1114112K
  class space    used 2807K, committed 3136K, reserved 1048576K
}
Event: 4325.222 GC heap after
{Heap after GC invocations=1259 (full 873):
 ZHeap           used 42M, capacity 512M, max capacity 512M
 Metaspace       used 28241K, committed 28800K, reserved 1114112K
  class space    used 2807K, committed 3136K, reserved 1048576K
}
Event: 4325.222 GC heap before
{Heap before GC invocations=1259 (full 873):
 ZHeap           used 42M, capacity 512M, max capacity 512M
 Metaspace       used 28241K, committed 28800K, reserved 1114112K
  class space    used 2807K, committed 3136K, reserved 1048576K
}
Event: 4325.255 GC heap after
{Heap after GC invocations=1259 (full 873):
 ZHeap           used 46M, capacity 512M, max capacity 512M
 Metaspace       used 28241K, committed 28800K, reserved 1114112K
  class space    used 2807K, committed 3136K, reserved 1048576K
}
Event: 4328.423 GC heap before
{Heap before GC invocations=1259 (full 873):
 ZHeap           used 340M, capacity 512M, max capacity 512M
 Metaspace       used 28241K, committed 28800K, reserved 1114112K
  class space    used 2807K, committed 3136K, reserved 1048576K
}
Event: 4328.427 GC heap after
{Heap after GC invocations=1260 (full 874):
 ZHeap           used 44M, capacity 512M, max capacity 512M
 Metaspace       used 28241K, committed 28800K, reserved 1114112K
  class space    used 2807K, committed 3136K, reserved 1048576K
}
Event: 4328.427 GC heap before
{Heap before GC invocations=1260 (full 874):
 ZHeap           used 44M, capacity 512M, max capacity 512M
 Metaspace       used 28241K, committed 28800K, reserved 1114112K
  class space    used 2807K, committed 3136K, reserved 1048576K
}
Event: 4328.459 GC heap after
{Heap after GC invocations=1260 (full 874):
 ZHeap           used 46M, capacity 512M, max capacity 512M
 Metaspace       used 28241K, committed 28800K, reserved 1114112K
  class space    used 2807K, committed 3136K, reserved 1048576K
}
Event: 4331.328 GC heap before
{Heap before GC invocations=1260 (full 874):
 ZHeap           used 348M, capacity 512M, max capacity 512M
 Metaspace       used 28241K, committed 28800K, reserved 1114112K
  class space    used 2807K, committed 3136K, reserved 1048576K
}
Event: 4331.331 GC heap after
{Heap after GC invocations=1261 (full 875):
 ZHeap           used 42M, capacity 512M, max capacity 512M
 Metaspace       used 28241K, committed 28800K, reserved 1114112K
  class space    used 2807K, committed 3136K, reserved 1048576K
}
Event: 4331.331 GC heap before
{Heap before GC invocations=1261 (full 875):
 ZHeap           used 42M, capacity 512M, max capacity 512M
 Metaspace       used 28241K, committed 28800K, reserved 1114112K
  class space    used 2807K, committed 3136K, reserved 1048576K
}
Event: 4331.370 GC heap after
{Heap after GC invocations=1261 (full 875):
 ZHeap           used 46M, capacity 512M, max capacity 512M
 Metaspace       used 28241K, committed 28800K, reserved 1114112K
  class space    used 2807K, committed 3136K, reserved 1048576K
}
Event: 4335.104 GC heap before
{Heap before GC invocations=1261 (full 875):
 ZHeap           used 438M, capacity 512M, max capacity 512M
 Metaspace       used 28241K, committed 28800K, reserved 1114112K
  class space    used 2807K, committed 3136K, reserved 1048576K
}
Event: 4335.107 GC heap after
{Heap after GC invocations=1262 (full 876):
 ZHeap           used 44M, capacity 512M, max capacity 512M
 Metaspace       used 28241K, committed 28800K, reserved 1114112K
  class space    used 2807K, committed 3136K, reserved 1048576K
}
Event: 4335.107 GC heap before
{Heap before GC invocations=1262 (full 876):
 ZHeap           used 44M, capacity 512M, max capacity 512M
 Metaspace       used 28241K, committed 28800K, reserved 1114112K
  class space    used 2807K, committed 3136K, reserved 1048576K
}
Event: 4335.138 GC heap after
{Heap after GC invocations=1262 (full 876):
 ZHeap           used 46M, capacity 512M, max capacity 512M
 Metaspace       used 28241K, committed 28800K, reserved 1114112K
  class space    used 2807K, committed 3136K, reserved 1048576K
}
Event: 4338.441 GC heap before
{Heap before GC invocations=1262 (full 876):
 ZHeap           used 294M, capacity 512M, max capacity 512M
 Metaspace       used 28241K, committed 28800K, reserved 1114112K
  class space    used 2807K, committed 3136K, reserved 1048576K
}
Event: 4338.444 GC heap after
{Heap after GC invocations=1263 (full 877):
 ZHeap           used 42M, capacity 512M, max capacity 512M
 Metaspace       used 28241K, committed 28800K, reserved 1114112K
  class space    used 2807K, committed 3136K, reserved 1048576K
}
Event: 4338.444 GC heap before
{Heap before GC invocations=1263 (full 877):
 ZHeap           used 42M, capacity 512M, max capacity 512M
 Metaspace       used 28241K, committed 28800K, reserved 1114112K
  class space    used 2807K, committed 3136K, reserved 1048576K
}
Event: 4338.476 GC heap after
{Heap after GC invocations=1263 (full 877):
 ZHeap           used 44M, capacity 512M, max capacity 512M
 Metaspace       used 28241K, committed 28800K, reserved 1114112K
  class space    used 2807K, committed 3136K, reserved 1048576K
}
Event: 4341.355 GC heap before
{Heap before GC invocations=1263 (full 877):
 ZHeap           used 324M, capacity 512M, max capacity 512M
 Metaspace       used 28241K, committed 28800K, reserved 1114112K
  class space    used 2807K, committed 3136K, reserved 1048576K
}
Event: 4341.369 GC heap after
{Heap after GC invocations=1264 (full 878):
 ZHeap           used 40M, capacity 512M, max capacity 512M
 Metaspace       used 28241K, committed 28800K, reserved 1114112K
  class space    used 2807K, committed 3136K, reserved 1048576K
}
Event: 4341.369 GC heap before
{Heap before GC invocations=1264 (full 878):
 ZHeap           used 40M, capacity 512M, max capacity 512M
 Metaspace       used 28241K, committed 28800K, reserved 1114112K
  class space    used 2807K, committed 3136K, reserved 1048576K
}
Event: 4341.394 GC heap after
{Heap after GC invocations=1264 (full 878):
 ZHeap           used 42M, capacity 512M, max capacity 512M
 Metaspace       used 28241K, committed 28800K, reserved 1114112K
  class space    used 2807K, committed 3136K, reserved 1048576K
}
Event: 4345.413 GC heap before
{Heap before GC invocations=1264 (full 878):
 ZHeap           used 454M, capacity 512M, max capacity 512M
 Metaspace       used 28241K, committed 28800K, reserved 1114112K
  class space    used 2807K, committed 3136K, reserved 1048576K
}
Event: 4345.418 GC heap after
{Heap after GC invocations=1265 (full 879):
 ZHeap           used 40M, capacity 512M, max capacity 512M
 Metaspace       used 28241K, committed 28800K, reserved 1114112K
  class space    used 2807K, committed 3136K, reserved 1048576K
}
Event: 4345.418 GC heap before
{Heap before GC invocations=1265 (full 879):
 ZHeap           used 40M, capacity 512M, max capacity 512M
 Metaspace       used 28241K, committed 28800K, reserved 1114112K
  class space    used 2807K, committed 3136K, reserved 1048576K
}
Event: 4345.452 GC heap after
{Heap after GC invocations=1265 (full 879):
 ZHeap           used 42M, capacity 512M, max capacity 512M
 Metaspace       used 28241K, committed 28800K, reserved 1114112K
  class space    used 2807K, committed 3136K, reserved 1048576K
}
Event: 4349.646 GC heap before
{Heap before GC invocations=1265 (full 879):
 ZHeap           used 382M, capacity 512M, max capacity 512M
 Metaspace       used 28241K, committed 28800K, reserved 1114112K
  class space    used 2807K, committed 3136K, reserved 1048576K
}
Event: 4349.649 GC heap after
{Heap after GC invocations=1266 (full 880):
 ZHeap           used 42M, capacity 512M, max capacity 512M
 Metaspace       used 28241K, committed 28800K, reserved 1114112K
  class space    used 2807K, committed 3136K, reserved 1048576K
}
Event: 4349.649 GC heap before
{Heap before GC invocations=1266 (full 880):
 ZHeap           used 42M, capacity 512M, max capacity 512M
 Metaspace       used 28241K, committed 28800K, reserved 1114112K
  class space    used 2807K, committed 3136K, reserved 1048576K
}
Event: 4349.673 GC heap after
{Heap after GC invocations=1266 (full 880):
 ZHeap           used 46M, capacity 512M, max capacity 512M
 Metaspace       used 28241K, committed 28800K, reserved 1114112K
  class space    used 2807K, committed 3136K, reserved 1048576K
}
Event: 4353.138 GC heap before
{Heap before GC invocations=1266 (full 880):
 ZHeap           used 352M, capacity 512M, max capacity 512M
 Metaspace       used 28241K, committed 28800K, reserved 1114112K
  class space    used 2807K, committed 3136K, reserved 1048576K
}
Event: 4353.141 GC heap after
{Heap after GC invocations=1267 (full 881):
 ZHeap           used 38M, capacity 512M, max capacity 512M
 Metaspace       used 28241K, committed 28800K, reserved 1114112K
  class space    used 2807K, committed 3136K, reserved 1048576K
}
Event: 4353.141 GC heap before
{Heap before GC invocations=1267 (full 881):
 ZHeap           used 38M, capacity 512M, max capacity 512M
 Metaspace       used 28241K, committed 28800K, reserved 1114112K
  class space    used 2807K, committed 3136K, reserved 1048576K
}
Event: 4353.166 GC heap after
{Heap after GC invocations=1267 (full 881):
 ZHeap           used 40M, capacity 512M, max capacity 512M
 Metaspace       used 28241K, committed 28800K, reserved 1114112K
  class space    used 2807K, committed 3136K, reserved 1048576K
}
Event: 4355.893 GC heap before
{Heap before GC invocations=1267 (full 881):
 ZHeap           used 316M, capacity 512M, max capacity 512M
 Metaspace       used 28241K, committed 28800K, reserved 1114112K
  class space    used 2807K, committed 3136K, reserved 1048576K
}
Event: 4355.897 GC heap after
{Heap after GC invocations=1268 (full 882):
 ZHeap           used 40M, capacity 512M, max capacity 512M
 Metaspace       used 28241K, committed 28800K, reserved 1114112K
  class space    used 2807K, committed 3136K, reserved 1048576K
}
Event: 4355.897 GC heap before
{Heap before GC invocations=1268 (full 882):
 ZHeap           used 40M, capacity 512M, max capacity 512M
 Metaspace       used 28241K, committed 28800K, reserved 1114112K
  class space    used 2807K, committed 3136K, reserved 1048576K
}
Event: 4355.926 GC heap after
{Heap after GC invocations=1268 (full 882):
 ZHeap           used 42M, capacity 512M, max capacity 512M
 Metaspace       used 28241K, committed 28800K, reserved 1114112K
  class space    used 2807K, committed 3136K, reserved 1048576K
}
Event: 4358.851 GC heap before
{Heap before GC invocations=1268 (full 882):
 ZHeap           used 342M, capacity 512M, max capacity 512M
 Metaspace       used 28241K, committed 28800K, reserved 1114112K
  class space    used 2807K, committed 3136K, reserved 1048576K
}
Event: 4358.855 GC heap after
{Heap after GC invocations=1269 (full 883):
 ZHeap           used 42M, capacity 512M, max capacity 512M
 Metaspace       used 28241K, committed 28800K, reserved 1114112K
  class space    used 2807K, committed 3136K, reserved 1048576K
}
Event: 4358.855 GC heap before
{Heap before GC invocations=1269 (full 883):
 ZHeap           used 42M, capacity 512M, max capacity 512M
 Metaspace       used 28241K, committed 28800K, reserved 1114112K
  class space    used 2807K, committed 3136K, reserved 1048576K
}
Event: 4358.913 GC heap after
{Heap after GC invocations=1269 (full 883):
 ZHeap           used 46M, capacity 512M, max capacity 512M
 Metaspace       used 28241K, committed 28800K, reserved 1114112K
  class space    used 2807K, committed 3136K, reserved 1048576K
}
Event: 4363.283 GC heap before
{Heap before GC invocations=1269 (full 883):
 ZHeap           used 462M, capacity 512M, max capacity 512M
 Metaspace       used 28241K, committed 28800K, reserved 1114112K
  class space    used 2807K, committed 3136K, reserved 1048576K
}
Event: 4363.287 GC heap after
{Heap after GC invocations=1270 (full 883):
 ZHeap           used 42M, capacity 512M, max capacity 512M
 Metaspace       used 28241K, committed 28800K, reserved 1114112K
  class space    used 2807K, committed 3136K, reserved 1048576K
}
Event: 4365.594 GC heap before
{Heap before GC invocations=1270 (full 883):
 ZHeap           used 196M, capacity 512M, max capacity 512M
 Metaspace       used 28241K, committed 28800K, reserved 1114112K
  class space    used 2807K, committed 3136K, reserved 1048576K
}
Event: 4365.602 GC heap after
{Heap after GC invocations=1271 (full 884):
 ZHeap           used 42M, capacity 512M, max capacity 512M
 Metaspace       used 28241K, committed 28800K, reserved 1114112K
  class space    used 2807K, committed 3136K, reserved 1048576K
}
Event: 4365.602 GC heap before
{Heap before GC invocations=1271 (full 884):
 ZHeap           used 42M, capacity 512M, max capacity 512M
 Metaspace       used 28241K, committed 28800K, reserved 1114112K
  class space    used 2807K, committed 3136K, reserved 1048576K
}
Event: 4365.648 GC heap after
{Heap after GC invocations=1271 (full 884):
 ZHeap           used 44M, capacity 512M, max capacity 512M
 Metaspace       used 28241K, committed 28800K, reserved 1114112K
  class space    used 2807K, committed 3136K, reserved 1048576K
}
Event: 4371.131 GC heap before
{Heap before GC invocations=1271 (full 884):
 ZHeap           used 432M, capacity 512M, max capacity 512M
 Metaspace       used 28241K, committed 28800K, reserved 1114112K
  class space    used 2807K, committed 3136K, reserved 1048576K
}
Event: 4371.138 GC heap after
{Heap after GC invocations=1272 (full 885):
 ZHeap           used 42M, capacity 512M, max capacity 512M
 Metaspace       used 28241K, committed 28800K, reserved 1114112K
  class space    used 2807K, committed 3136K, reserved 1048576K
}
Event: 4371.138 GC heap before
{Heap before GC invocations=1272 (full 885):
 ZHeap           used 42M, capacity 512M, max capacity 512M
 Metaspace       used 28241K, committed 28800K, reserved 1114112K
  class space    used 2807K, committed 3136K, reserved 1048576K
}
Event: 4371.176 GC heap after
{Heap after GC invocations=1272 (full 885):
 ZHeap           used 44M, capacity 512M, max capacity 512M
 Metaspace       used 28241K, committed 28800K, reserved 1114112K
  class space    used 2807K, committed 3136K, reserved 1048576K
}
Event: 4375.719 GC heap before
{Heap before GC invocations=1272 (full 885):
 ZHeap           used 360M, capacity 512M, max capacity 512M
 Metaspace       used 28241K, committed 28800K, reserved 1114112K
  class space    used 2807K, committed 3136K, reserved 1048576K
}
Event: 4375.728 GC heap after
{Heap after GC invocations=1273 (full 886):
 ZHeap           used 42M, capacity 512M, max capacity 512M
 Metaspace       used 28241K, committed 28800K, reserved 1114112K
  class space    used 2807K, committed 3136K, reserved 1048576K
}
Event: 4375.728 GC heap before
{Heap before GC invocations=1273 (full 886):
 ZHeap           used 42M, capacity 512M, max capacity 512M
 Metaspace       used 28241K, committed 28800K, reserved 1114112K
  class space    used 2807K, committed 3136K, reserved 1048576K
}
Event: 4375.758 GC heap after
{Heap after GC invocations=1273 (full 886):
 ZHeap           used 42M, capacity 512M, max capacity 512M
 Metaspace       used 28241K, committed 28800K, reserved 1114112K
  class space    used 2807K, committed 3136K, reserved 1048576K
}
Event: 4380.073 GC heap before
{Heap before GC invocations=1273 (full 886):
 ZHeap           used 334M, capacity 512M, max capacity 512M
 Metaspace       used 28241K, committed 28800K, reserved 1114112K
  class space    used 2807K, committed 3136K, reserved 1048576K
}
Event: 4380.075 GC heap after
{Heap after GC invocations=1274 (full 887):
 ZHeap           used 42M, capacity 512M, max capacity 512M
 Metaspace       used 28241K, committed 28800K, reserved 1114112K
  class space    used 2807K, committed 3136K, reserved 1048576K
}
Event: 4380.075 GC heap before
{Heap before GC invocations=1274 (full 887):
 ZHeap           used 42M, capacity 512M, max capacity 512M
 Metaspace       used 28241K, committed 28800K, reserved 1114112K
  class space    used 2807K, committed 3136K, reserved 1048576K
}
Event: 4380.110 GC heap after
{Heap after GC invocations=1274 (full 887):
 ZHeap           used 44M, capacity 512M, max capacity 512M
 Metaspace       used 28241K, committed 28800K, reserved 1114112K
  class space    used 2807K, committed 3136K, reserved 1048576K
}
Event: 4383.769 GC heap before
{Heap before GC invocations=1274 (full 887):
 ZHeap           used 348M, capacity 512M, max capacity 512M
 Metaspace       used 28241K, committed 28800K, reserved 1114112K
  class space    used 2807K, committed 3136K, reserved 1048576K
}
Event: 4383.776 GC heap after
{Heap after GC invocations=1275 (full 888):
 ZHeap           used 42M, capacity 512M, max capacity 512M
 Metaspace       used 28241K, committed 28800K, reserved 1114112K
  class space    used 2807K, committed 3136K, reserved 1048576K
}
Event: 4383.776 GC heap before
{Heap before GC invocations=1275 (full 888):
 ZHeap           used 42M, capacity 512M, max capacity 512M
 Metaspace       used 28241K, committed 28800K, reserved 1114112K
  class space    used 2807K, committed 3136K, reserved 1048576K
}
Event: 4383.814 GC heap after
{Heap after GC invocations=1275 (full 888):
 ZHeap           used 46M, capacity 512M, max capacity 512M
 Metaspace       used 28241K, committed 28800K, reserved 1114112K
  class space    used 2807K, committed 3136K, reserved 1048576K
}
Event: 4387.780 GC heap before
{Heap before GC invocations=1275 (full 888):
 ZHeap           used 316M, capacity 512M, max capacity 512M
 Metaspace       used 28241K, committed 28800K, reserved 1114112K
  class space    used 2807K, committed 3136K, reserved 1048576K
}
Event: 4387.783 GC heap after
{Heap after GC invocations=1276 (full 889):
 ZHeap           used 44M, capacity 512M, max capacity 512M
 Metaspace       used 28241K, committed 28800K, reserved 1114112K
  class space    used 2807K, committed 3136K, reserved 1048576K
}
Event: 4387.783 GC heap before
{Heap before GC invocations=1276 (full 889):
 ZHeap           used 44M, capacity 512M, max capacity 512M
 Metaspace       used 28241K, committed 28800K, reserved 1114112K
  class space    used 2807K, committed 3136K, reserved 1048576K
}
Event: 4387.812 GC heap after
{Heap after GC invocations=1276 (full 889):
 ZHeap           used 46M, capacity 512M, max capacity 512M
 Metaspace       used 28241K, committed 28800K, reserved 1114112K
  class space    used 2807K, committed 3136K, reserved 1048576K
}
Event: 4391.396 GC heap before
{Heap before GC invocations=1276 (full 889):
 ZHeap           used 384M, capacity 512M, max capacity 512M
 Metaspace       used 28241K, committed 28800K, reserved 1114112K
  class space    used 2807K, committed 3136K, reserved 1048576K
}
Event: 4391.400 GC heap after
{Heap after GC invocations=1277 (full 890):
 ZHeap           used 42M, capacity 512M, max capacity 512M
 Metaspace       used 28241K, committed 28800K, reserved 1114112K
  class space    used 2807K, committed 3136K, reserved 1048576K
}
Event: 4391.400 GC heap before
{Heap before GC invocations=1277 (full 890):
 ZHeap           used 42M, capacity 512M, max capacity 512M
 Metaspace       used 28241K, committed 28800K, reserved 1114112K
  class space    used 2807K, committed 3136K, reserved 1048576K
}
Event: 4391.439 GC heap after
{Heap after GC invocations=1277 (full 890):
 ZHeap           used 46M, capacity 512M, max capacity 512M
 Metaspace       used 28241K, committed 28800K, reserved 1114112K
  class space    used 2807K, committed 3136K, reserved 1048576K
}
Event: 4395.174 GC heap before
{Heap before GC invocations=1277 (full 890):
 ZHeap           used 414M, capacity 512M, max capacity 512M
 Metaspace       used 28241K, committed 28800K, reserved 1114112K
  class space    used 2807K, committed 3136K, reserved 1048576K
}
Event: 4395.180 GC heap after
{Heap after GC invocations=1278 (full 891):
 ZHeap           used 44M, capacity 512M, max capacity 512M
 Metaspace       used 28241K, committed 28800K, reserved 1114112K
  class space    used 2807K, committed 3136K, reserved 1048576K
}
Event: 4395.180 GC heap before
{Heap before GC invocations=1278 (full 891):
 ZHeap           used 44M, capacity 512M, max capacity 512M
 Metaspace       used 28241K, committed 28800K, reserved 1114112K
  class space    used 2807K, committed 3136K, reserved 1048576K
}
Event: 4395.217 GC heap after
{Heap after GC invocations=1278 (full 891):
 ZHeap           used 44M, capacity 512M, max capacity 512M
 Metaspace       used 28241K, committed 28800K, reserved 1114112K
  class space    used 2807K, committed 3136K, reserved 1048576K
}
Event: 4398.727 GC heap before
{Heap before GC invocations=1278 (full 891):
 ZHeap           used 402M, capacity 512M, max capacity 512M
 Metaspace       used 28241K, committed 28800K, reserved 1114112K
  class space    used 2807K, committed 3136K, reserved 1048576K
}
Event: 4398.732 GC heap after
{Heap after GC invocations=1279 (full 892):
 ZHeap           used 42M, capacity 512M, max capacity 512M
 Metaspace       used 28241K, committed 28800K, reserved 1114112K
  class space    used 2807K, committed 3136K, reserved 1048576K
}
Event: 4398.732 GC heap before
{Heap before GC invocations=1279 (full 892):
 ZHeap           used 42M, capacity 512M, max capacity 512M
 Metaspace       used 28241K, committed 28800K, reserved 1114112K
  class space    used 2807K, committed 3136K, reserved 1048576K
}
Event: 4398.763 GC heap after
{Heap after GC invocations=1279 (full 892):
 ZHeap           used 44M, capacity 512M, max capacity 512M
 Metaspace       used 28241K, committed 28800K, reserved 1114112K
  class space    used 2807K, committed 3136K, reserved 1048576K
}
Event: 4402.014 GC heap before
{Heap before GC invocations=1279 (full 892):
 ZHeap           used 346M, capacity 512M, max capacity 512M
 Metaspace       used 28241K, committed 28800K, reserved 1114112K
  class space    used 2807K, committed 3136K, reserved 1048576K
}
Event: 4402.017 GC heap after
{Heap after GC invocations=1280 (full 893):
 ZHeap           used 42M, capacity 512M, max capacity 512M
 Metaspace       used 28241K, committed 28800K, reserved 1114112K
  class space    used 2807K, committed 3136K, reserved 1048576K
}
Event: 4402.017 GC heap before
{Heap before GC invocations=1280 (full 893):
 ZHeap           used 42M, capacity 512M, max capacity 512M
 Metaspace       used 28241K, committed 28800K, reserved 1114112K
  class space    used 2807K, committed 3136K, reserved 1048576K
}
Event: 4402.057 GC heap after
{Heap after GC invocations=1280 (full 893):
 ZHeap           used 44M, capacity 512M, max capacity 512M
 Metaspace       used 28241K, committed 28800K, reserved 1114112K
  class space    used 2807K, committed 3136K, reserved 1048576K
}
Event: 4405.509 GC heap before
{Heap before GC invocations=1280 (full 893):
 ZHeap           used 364M, capacity 512M, max capacity 512M
 Metaspace       used 28241K, committed 28800K, reserved 1114112K
  class space    used 2807K, committed 3136K, reserved 1048576K
}
Event: 4405.517 GC heap after
{Heap after GC invocations=1281 (full 894):
 ZHeap           used 44M, capacity 512M, max capacity 512M
 Metaspace       used 28241K, committed 28800K, reserved 1114112K
  class space    used 2807K, committed 3136K, reserved 1048576K
}
Event: 4405.517 GC heap before
{Heap before GC invocations=1281 (full 894):
 ZHeap           used 44M, capacity 512M, max capacity 512M
 Metaspace       used 28241K, committed 28800K, reserved 1114112K
  class space    used 2807K, committed 3136K, reserved 1048576K
}
Event: 4405.547 GC heap after
{Heap after GC invocations=1281 (full 894):
 ZHeap           used 46M, capacity 512M, max capacity 512M
 Metaspace       used 28241K, committed 28800K, reserved 1114112K
  class space    used 2807K, committed 3136K, reserved 1048576K
}
Event: 4409.361 GC heap before
{Heap before GC invocations=1281 (full 894):
 ZHeap           used 422M, capacity 512M, max capacity 512M
 Metaspace       used 28241K, committed 28800K, reserved 1114112K
  class space    used 2807K, committed 3136K, reserved 1048576K
}
Event: 4409.368 GC heap after
{Heap after GC invocations=1282 (full 895):
 ZHeap           used 44M, capacity 512M, max capacity 512M
 Metaspace       used 28241K, committed 28800K, reserved 1114112K
  class space    used 2807K, committed 3136K, reserved 1048576K
}
Event: 4409.368 GC heap before
{Heap before GC invocations=1282 (full 895):
 ZHeap           used 44M, capacity 512M, max capacity 512M
 Metaspace       used 28241K, committed 28800K, reserved 1114112K
  class space    used 2807K, committed 3136K, reserved 1048576K
}
Event: 4409.400 GC heap after
{Heap after GC invocations=1282 (full 895):
 ZHeap           used 46M, capacity 512M, max capacity 512M
 Metaspace       used 28241K, committed 28800K, reserved 1114112K
  class space    used 2807K, committed 3136K, reserved 1048576K
}
Event: 4412.886 GC heap before
{Heap before GC invocations=1282 (full 895):
 ZHeap           used 414M, capacity 512M, max capacity 512M
 Metaspace       used 28241K, committed 28800K, reserved 1114112K
  class space    used 2807K, committed 3136K, reserved 1048576K
}
Event: 4412.893 GC heap after
{Heap after GC invocations=1283 (full 896):
 ZHeap           used 40M, capacity 512M, max capacity 512M
 Metaspace       used 28241K, committed 28800K, reserved 1114112K
  class space    used 2807K, committed 3136K, reserved 1048576K
}
Event: 4412.893 GC heap before
{Heap before GC invocations=1283 (full 896):
 ZHeap           used 40M, capacity 512M, max capacity 512M
 Metaspace       used 28241K, committed 28800K, reserved 1114112K
  class space    used 2807K, committed 3136K, reserved 1048576K
}
Event: 4412.928 GC heap after
{Heap after GC invocations=1283 (full 896):
 ZHeap           used 42M, capacity 512M, max capacity 512M
 Metaspace       used 28241K, committed 28800K, reserved 1114112K
  class space    used 2807K, committed 3136K, reserved 1048576K
}
Event: 4416.060 GC heap before
{Heap before GC invocations=1283 (full 896):
 ZHeap           used 312M, capacity 512M, max capacity 512M
 Metaspace       used 28241K, committed 28800K, reserved 1114112K
  class space    used 2807K, committed 3136K, reserved 1048576K
}
Event: 4416.065 GC heap after
{Heap after GC invocations=1284 (full 897):
 ZHeap           used 40M, capacity 512M, max capacity 512M
 Metaspace       used 28241K, committed 28800K, reserved 1114112K
  class space    used 2807K, committed 3136K, reserved 1048576K
}
Event: 4416.065 GC heap before
{Heap before GC invocations=1284 (full 897):
 ZHeap           used 40M, capacity 512M, max capacity 512M
 Metaspace       used 28241K, committed 28800K, reserved 1114112K
  class space    used 2807K, committed 3136K, reserved 1048576K
}
Event: 4416.099 GC heap after
{Heap after GC invocations=1284 (full 897):
 ZHeap           used 44M, capacity 512M, max capacity 512M
 Metaspace       used 28241K, committed 28800K, reserved 1114112K
  class space    used 2807K, committed 3136K, reserved 1048576K
}
Event: 4419.342 GC heap before
{Heap before GC invocations=1284 (full 897):
 ZHeap           used 272M, capacity 512M, max capacity 512M
 Metaspace       used 28241K, committed 28800K, reserved 1114112K
  class space    used 2807K, committed 3136K, reserved 1048576K
}
Event: 4419.350 GC heap after
{Heap after GC invocations=1285 (full 898):
 ZHeap           used 42M, capacity 512M, max capacity 512M
 Metaspace       used 28241K, committed 28800K, reserved 1114112K
  class space    used 2807K, committed 3136K, reserved 1048576K
}
Event: 4419.350 GC heap before
{Heap before GC invocations=1285 (full 898):
 ZHeap           used 42M, capacity 512M, max capacity 512M
 Metaspace       used 28241K, committed 28800K, reserved 1114112K
  class space    used 2807K, committed 3136K, reserved 1048576K
}
Event: 4419.408 GC heap after
{Heap after GC invocations=1285 (full 898):
 ZHeap           used 44M, capacity 512M, max capacity 512M
 Metaspace       used 28241K, committed 28800K, reserved 1114112K
  class space    used 2807K, committed 3136K, reserved 1048576K
}
Event: 4424.750 GC heap before
{Heap before GC invocations=1285 (full 898):
 ZHeap           used 462M, capacity 512M, max capacity 512M
 Metaspace       used 28241K, committed 28800K, reserved 1114112K
  class space    used 2807K, committed 3136K, reserved 1048576K
}
Event: 4424.759 GC heap after
{Heap after GC invocations=1286 (full 898):
 ZHeap           used 40M, capacity 512M, max capacity 512M
 Metaspace       used 28241K, committed 28800K, reserved 1114112K
  class space    used 2807K, committed 3136K, reserved 1048576K
}
Event: 4425.324 GC heap before
{Heap before GC invocations=1286 (full 898):
 ZHeap           used 96M, capacity 512M, max capacity 512M
 Metaspace       used 28241K, committed 28800K, reserved 1114112K
  class space    used 2807K, committed 3136K, reserved 1048576K
}
Event: 4425.329 GC heap after
{Heap after GC invocations=1287 (full 899):
 ZHeap           used 42M, capacity 512M, max capacity 512M
 Metaspace       used 28241K, committed 28800K, reserved 1114112K
  class space    used 2807K, committed 3136K, reserved 1048576K
}
Event: 4425.329 GC heap before
{Heap before GC invocations=1287 (full 899):
 ZHeap           used 42M, capacity 512M, max capacity 512M
 Metaspace       used 28241K, committed 28800K, reserved 1114112K
  class space    used 2807K, committed 3136K, reserved 1048576K
}
Event: 4425.378 GC heap after
{Heap after GC invocations=1287 (full 899):
 ZHeap           used 48M, capacity 512M, max capacity 512M
 Metaspace       used 28241K, committed 28800K, reserved 1114112K
  class space    used 2807K, committed 3136K, reserved 1048576K
}

Dll operation events (9 events):
Event: 0.001 Loaded shared library /usr/lib/jvm/zulu21-ca-amd64/lib/libjava.so
Event: 0.103 Loaded shared library /usr/lib/jvm/zulu21-ca-amd64/lib/libjsvml.so
Event: 0.127 Loaded shared library /usr/lib/jvm/zulu21-ca-amd64/lib/libnio.so
Event: 0.135 Loaded shared library /usr/lib/jvm/zulu21-ca-amd64/lib/libzip.so
Event: 0.172 Loaded shared library /usr/lib/jvm/zulu21-ca-amd64/lib/libjimage.so
Event: 0.369 Loaded shared library /usr/lib/jvm/zulu21-ca-amd64/lib/libnet.so
Event: 0.457 Loaded shared library /usr/lib/jvm/zulu21-ca-amd64/lib/libextnet.so
Event: 0.467 Loaded shared library /usr/lib/jvm/zulu21-ca-amd64/lib/libmanagement.so
Event: 0.469 Loaded shared library /usr/lib/jvm/zulu21-ca-amd64/lib/libmanagement_ext.so

Deoptimization events (250 events):
Event: 971.881 Thread 0x00007fe400006090 DEOPT PACKING pc=0x00007fe930db9b25 sp=0x00007fe495e2e690
Event: 971.881 Thread 0x00007fe400006090 DEOPT UNPACKING pc=0x00007fe937ab302f sp=0x00007fe495e2dba0 mode 0
Event: 1239.743 Thread 0x00007fe400002420 DEOPT PACKING pc=0x00007fe930db9b25 sp=0x00007fe49612e690
Event: 1239.743 Thread 0x00007fe400002420 DEOPT UNPACKING pc=0x00007fe937ab302f sp=0x00007fe49612dba0 mode 0
Event: 1336.687 Thread 0x00007fe9482fea70 DEOPT PACKING pc=0x00007fe930fc6e6a sp=0x00007fe495c2e810
Event: 1336.687 Thread 0x00007fe9482fea70 DEOPT UNPACKING pc=0x00007fe937ab302f sp=0x00007fe495c2dd90 mode 0
Event: 1412.373 Thread 0x00007fe44c024960 Uncommon trap: trap_request=0xffffff45 fr.pc=0x00007fe9385fecf4 relative=0x00000000000000d4
Event: 1412.373 Thread 0x00007fe44c024960 Uncommon trap: reason=unstable_if action=reinterpret pc=0x00007fe9385fecf4 method=java.util.concurrent.TimeUnit.toMillis(J)J @ 10 c2
Event: 1412.373 Thread 0x00007fe44c024960 DEOPT PACKING pc=0x00007fe9385fecf4 sp=0x00007fe49602e6b0
Event: 1412.373 Thread 0x00007fe44c024960 DEOPT UNPACKING pc=0x00007fe937ab2899 sp=0x00007fe49602e650 mode 2
Event: 1412.694 Thread 0x00007fe9482fea70 Uncommon trap: trap_request=0xffffff45 fr.pc=0x00007fe93864a98c relative=0x000000000000462c
Event: 1412.694 Thread 0x00007fe9482fea70 Uncommon trap: reason=unstable_if action=reinterpret pc=0x00007fe93864a98c method=com.zaxxer.hikari.util.ConcurrentBag.borrow(JLjava/util/concurrent/TimeUnit;)Lcom/zaxxer/hikari/util/ConcurrentBag$IConcurrentBagEntry; @ 81 c2
Event: 1412.694 Thread 0x00007fe9482fea70 DEOPT PACKING pc=0x00007fe93864a98c sp=0x00007fe495c2e810
Event: 1412.694 Thread 0x00007fe9482fea70 DEOPT UNPACKING pc=0x00007fe937ab2899 sp=0x00007fe495c2e580 mode 2
Event: 1417.541 Thread 0x00007fe94859fd80 Uncommon trap: trap_request=0xffffff45 fr.pc=0x00007fe93851f718 relative=0x00000000000000f8
Event: 1417.541 Thread 0x00007fe94859fd80 Uncommon trap: reason=unstable_if action=reinterpret pc=0x00007fe93851f718 method=java.util.concurrent.locks.AbstractQueuedSynchronizer$ConditionObject.signal()V @ 24 c2
Event: 1417.541 Thread 0x00007fe94859fd80 DEOPT PACKING pc=0x00007fe93851f718 sp=0x00007fe495a2dfa0
Event: 1417.541 Thread 0x00007fe94859fd80 DEOPT UNPACKING pc=0x00007fe937ab2899 sp=0x00007fe495a2df68 mode 2
Event: 1417.543 Thread 0x00007fe4601f55d0 Uncommon trap: trap_request=0xffffff45 fr.pc=0x00007fe9384c1bf4 relative=0x0000000000000074
Event: 1417.543 Thread 0x00007fe4601f55d0 Uncommon trap: reason=unstable_if action=reinterpret pc=0x00007fe9384c1bf4 method=sun.nio.ch.NioSocketImpl.configureNonBlockingIfNeeded(Ljava/io/FileDescriptor;Z)V @ 4 c2
Event: 1417.543 Thread 0x00007fe4601f55d0 DEOPT PACKING pc=0x00007fe9384c1bf4 sp=0x00007fe49512e0f0
Event: 1417.543 Thread 0x00007fe4601f55d0 DEOPT UNPACKING pc=0x00007fe937ab2899 sp=0x00007fe49512e0b0 mode 2
Event: 1417.548 Thread 0x00007fe4601f55d0 Uncommon trap: trap_request=0xffffffc6 fr.pc=0x00007fe9383ae37c relative=0x00000000000007dc
Event: 1417.548 Thread 0x00007fe4601f55d0 Uncommon trap: reason=bimorphic_or_optimized_type_check action=maybe_recompile pc=0x00007fe9383ae37c method=java.util.regex.Pattern$GroupTail.match(Ljava/util/regex/Matcher;ILjava/lang/CharSequence;)Z @ 70 c2
Event: 1417.548 Thread 0x00007fe4601f55d0 DEOPT PACKING pc=0x00007fe9383ae37c sp=0x00007fe49512d630
Event: 1417.548 Thread 0x00007fe4601f55d0 DEOPT UNPACKING pc=0x00007fe937ab2899 sp=0x00007fe49512d610 mode 2
Event: 1417.548 Thread 0x00007fe4601f55d0 Uncommon trap: trap_request=0xffffffc6 fr.pc=0x00007fe9383ae37c relative=0x00000000000007dc
Event: 1417.548 Thread 0x00007fe4601f55d0 Uncommon trap: reason=bimorphic_or_optimized_type_check action=maybe_recompile pc=0x00007fe9383ae37c method=java.util.regex.Pattern$GroupTail.match(Ljava/util/regex/Matcher;ILjava/lang/CharSequence;)Z @ 70 c2
Event: 1417.548 Thread 0x00007fe4601f55d0 DEOPT PACKING pc=0x00007fe9383ae37c sp=0x00007fe49512d630
Event: 1417.548 Thread 0x00007fe4601f55d0 DEOPT UNPACKING pc=0x00007fe937ab2899 sp=0x00007fe49512d610 mode 2
Event: 1417.548 Thread 0x00007fe4601f55d0 Uncommon trap: trap_request=0xffffffc6 fr.pc=0x00007fe9383ae37c relative=0x00000000000007dc
Event: 1417.548 Thread 0x00007fe4601f55d0 Uncommon trap: reason=bimorphic_or_optimized_type_check action=maybe_recompile pc=0x00007fe9383ae37c method=java.util.regex.Pattern$GroupTail.match(Ljava/util/regex/Matcher;ILjava/lang/CharSequence;)Z @ 70 c2
Event: 1417.548 Thread 0x00007fe4601f55d0 DEOPT PACKING pc=0x00007fe9383ae37c sp=0x00007fe49512d630
Event: 1417.548 Thread 0x00007fe4601f55d0 DEOPT UNPACKING pc=0x00007fe937ab2899 sp=0x00007fe49512d610 mode 2
Event: 1417.549 Thread 0x00007fe4601f55d0 Uncommon trap: trap_request=0xffffffc6 fr.pc=0x00007fe9383ae37c relative=0x00000000000007dc
Event: 1417.549 Thread 0x00007fe4601f55d0 Uncommon trap: reason=bimorphic_or_optimized_type_check action=maybe_recompile pc=0x00007fe9383ae37c method=java.util.regex.Pattern$GroupTail.match(Ljava/util/regex/Matcher;ILjava/lang/CharSequence;)Z @ 70 c2
Event: 1417.549 Thread 0x00007fe4601f55d0 DEOPT PACKING pc=0x00007fe9383ae37c sp=0x00007fe49512d630
Event: 1417.549 Thread 0x00007fe4601f55d0 DEOPT UNPACKING pc=0x00007fe937ab2899 sp=0x00007fe49512d610 mode 2
Event: 1417.550 Thread 0x00007fe4601f55d0 Uncommon trap: trap_request=0xffffff45 fr.pc=0x00007fe93845c324 relative=0x0000000000000084
Event: 1417.550 Thread 0x00007fe4601f55d0 Uncommon trap: reason=unstable_if action=reinterpret pc=0x00007fe93845c324 method=sun.security.ssl.ProtocolVersion.useTLS13PlusSpec()Z @ 38 c2
Event: 1417.550 Thread 0x00007fe4601f55d0 DEOPT PACKING pc=0x00007fe93845c324 sp=0x00007fe49512e070
Event: 1417.550 Thread 0x00007fe4601f55d0 DEOPT UNPACKING pc=0x00007fe937ab2899 sp=0x00007fe49512e028 mode 2
Event: 1417.554 Thread 0x00007fe4601f55d0 Uncommon trap: trap_request=0xffffffde fr.pc=0x00007fe9385f2408 relative=0x0000000000000908
Event: 1417.554 Thread 0x00007fe4601f55d0 Uncommon trap: reason=class_check action=maybe_recompile pc=0x00007fe9385f2408 method=sun.security.ssl.OutputRecord.t13Encrypt(Lsun/security/ssl/SSLCipher$SSLWriteCipher;BI)J @ 1 c2
Event: 1417.554 Thread 0x00007fe4601f55d0 DEOPT PACKING pc=0x00007fe9385f2408 sp=0x00007fe49512ded0
Event: 1417.554 Thread 0x00007fe4601f55d0 DEOPT UNPACKING pc=0x00007fe937ab2899 sp=0x00007fe49512dea0 mode 2
Event: 1417.557 Thread 0x00007fe4601f55d0 Uncommon trap: trap_request=0xffffff45 fr.pc=0x00007fe9385cfdb8 relative=0x0000000000001fb8
Event: 1417.557 Thread 0x00007fe4601f55d0 Uncommon trap: reason=unstable_if action=reinterpret pc=0x00007fe9385cfdb8 method=sun.security.ssl.SSLSocketInputRecord.decode([Ljava/nio/ByteBuffer;II)[Lsun/security/ssl/Plaintext; @ 24 c2
Event: 1417.557 Thread 0x00007fe4601f55d0 DEOPT PACKING pc=0x00007fe9385cfdb8 sp=0x00007fe49512e0c0
Event: 1417.557 Thread 0x00007fe4601f55d0 DEOPT UNPACKING pc=0x00007fe937ab2899 sp=0x00007fe49512dff8 mode 2
Event: 1417.557 Thread 0x00007fe4601f55d0 Uncommon trap: trap_request=0xffffffde fr.pc=0x00007fe9385e8d88 relative=0x0000000000000948
Event: 1417.557 Thread 0x00007fe4601f55d0 Uncommon trap: reason=class_check action=maybe_recompile pc=0x00007fe9385e8d88 method=sun.security.ssl.SSLSocketInputRecord.decodeInputRecord()[Lsun/security/ssl/Plaintext; @ 324 c2
Event: 1417.557 Thread 0x00007fe4601f55d0 DEOPT PACKING pc=0x00007fe9385e8d88 sp=0x00007fe49512df90
Event: 1417.557 Thread 0x00007fe4601f55d0 DEOPT UNPACKING pc=0x00007fe937ab2899 sp=0x00007fe49512df08 mode 2
Event: 1417.561 Thread 0x00007fe4601f55d0 Uncommon trap: trap_request=0xffffffde fr.pc=0x00007fe9385f2408 relative=0x0000000000000908
Event: 1417.561 Thread 0x00007fe4601f55d0 Uncommon trap: reason=class_check action=maybe_recompile pc=0x00007fe9385f2408 method=sun.security.ssl.OutputRecord.t13Encrypt(Lsun/security/ssl/SSLCipher$SSLWriteCipher;BI)J @ 1 c2
Event: 1417.561 Thread 0x00007fe4601f55d0 DEOPT PACKING pc=0x00007fe9385f2408 sp=0x00007fe49512daa0
Event: 1417.561 Thread 0x00007fe4601f55d0 DEOPT UNPACKING pc=0x00007fe937ab2899 sp=0x00007fe49512da70 mode 2
Event: 1417.561 Thread 0x00007fe4601f55d0 Uncommon trap: trap_request=0xffffff45 fr.pc=0x00007fe9385295b8 relative=0x0000000000005498
Event: 1417.561 Thread 0x00007fe4601f55d0 Uncommon trap: reason=unstable_if action=reinterpret pc=0x00007fe9385295b8 method=sun.security.ssl.SSLCipher$T13GcmReadCipherGenerator$GcmReadCipher.decrypt(BLjava/nio/ByteBuffer;[B)Lsun/security/ssl/Plaintext; @ 7 c2
Event: 1417.561 Thread 0x00007fe4601f55d0 DEOPT PACKING pc=0x00007fe9385295b8 sp=0x00007fe49512dee0
Event: 1417.561 Thread 0x00007fe4601f55d0 DEOPT UNPACKING pc=0x00007fe937ab2899 sp=0x00007fe49512dee0 mode 2
Event: 1417.561 Thread 0x00007fe4601f55d0 Uncommon trap: trap_request=0xffffff45 fr.pc=0x00007fe9385e9034 relative=0x0000000000000bf4
Event: 1417.561 Thread 0x00007fe4601f55d0 Uncommon trap: reason=unstable_if action=reinterpret pc=0x00007fe9385e9034 method=sun.security.ssl.SSLSocketInputRecord.decodeInputRecord()[Lsun/security/ssl/Plaintext; @ 390 c2
Event: 1417.561 Thread 0x00007fe4601f55d0 DEOPT PACKING pc=0x00007fe9385e9034 sp=0x00007fe49512dfc0
Event: 1417.561 Thread 0x00007fe4601f55d0 DEOPT UNPACKING pc=0x00007fe937ab2899 sp=0x00007fe49512df40 mode 2
Event: 1417.563 Thread 0x00007fe4601f55d0 Uncommon trap: trap_request=0xffffff45 fr.pc=0x00007fe938448a70 relative=0x0000000000006c30
Event: 1417.563 Thread 0x00007fe4601f55d0 Uncommon trap: reason=unstable_if action=reinterpret pc=0x00007fe938448a70 method=javax.crypto.Cipher.init(ILjava/security/Key;Ljava/security/spec/AlgorithmParameterSpec;Ljava/security/SecureRandom;)V @ 13 c2
Event: 1417.563 Thread 0x00007fe4601f55d0 DEOPT PACKING pc=0x00007fe938448a70 sp=0x00007fe49512d900
Event: 1417.563 Thread 0x00007fe4601f55d0 DEOPT UNPACKING pc=0x00007fe937ab2899 sp=0x00007fe49512d858 mode 2
Event: 1417.565 Thread 0x00007fe4601f55d0 Uncommon trap: trap_request=0xffffff45 fr.pc=0x00007fe9385f6980 relative=0x0000000000000dc0
Event: 1417.565 Thread 0x00007fe4601f55d0 Uncommon trap: reason=unstable_if action=reinterpret pc=0x00007fe9385f6980 method=sun.security.ssl.SSLSocketOutputRecord.deliver([BII)V @ 364 c2
Event: 1417.565 Thread 0x00007fe4601f55d0 DEOPT PACKING pc=0x00007fe9385f6980 sp=0x00007fe49512e240
Event: 1417.565 Thread 0x00007fe4601f55d0 DEOPT UNPACKING pc=0x00007fe937ab2899 sp=0x00007fe49512e208 mode 2
Event: 1417.565 Thread 0x00007fe4601f55d0 Uncommon trap: trap_request=0xffffff45 fr.pc=0x00007fe9385e54b0 relative=0x00000000000011d0
Event: 1417.565 Thread 0x00007fe4601f55d0 Uncommon trap: reason=unstable_if action=reinterpret pc=0x00007fe9385e54b0 method=sun.security.ssl.SSLSocketImpl$AppInputStream.available()I @ 4 c2
Event: 1417.565 Thread 0x00007fe4601f55d0 DEOPT PACKING pc=0x00007fe9385e54b0 sp=0x00007fe49512e270
Event: 1417.565 Thread 0x00007fe4601f55d0 DEOPT UNPACKING pc=0x00007fe937ab2899 sp=0x00007fe49512e1c8 mode 2
Event: 1417.565 Thread 0x00007fe4601f55d0 Uncommon trap: trap_request=0xffffffde fr.pc=0x00007fe9383ddfa8 relative=0x0000000000000108
Event: 1417.565 Thread 0x00007fe4601f55d0 Uncommon trap: reason=class_check action=maybe_recompile pc=0x00007fe9383ddfa8 method=java.util.Random.nextInt(I)I @ 17 c2
Event: 1417.565 Thread 0x00007fe4601f55d0 DEOPT PACKING pc=0x00007fe9383ddfa8 sp=0x00007fe49512dfc0
Event: 1417.565 Thread 0x00007fe4601f55d0 DEOPT UNPACKING pc=0x00007fe937ab2899 sp=0x00007fe49512df60 mode 2
Event: 1417.565 Thread 0x00007fe4601f55d0 Uncommon trap: trap_request=0xffffffde fr.pc=0x00007fe9383ddfa8 relative=0x0000000000000108
Event: 1417.565 Thread 0x00007fe4601f55d0 Uncommon trap: reason=class_check action=maybe_recompile pc=0x00007fe9383ddfa8 method=java.util.Random.nextInt(I)I @ 17 c2
Event: 1417.565 Thread 0x00007fe4601f55d0 DEOPT PACKING pc=0x00007fe9383ddfa8 sp=0x00007fe49512dfc0
Event: 1417.565 Thread 0x00007fe4601f55d0 DEOPT UNPACKING pc=0x00007fe937ab2899 sp=0x00007fe49512df60 mode 2
Event: 1417.565 Thread 0x00007fe4601f55d0 Uncommon trap: trap_request=0xffffffde fr.pc=0x00007fe9383ddfa8 relative=0x0000000000000108
Event: 1417.565 Thread 0x00007fe4601f55d0 Uncommon trap: reason=class_check action=maybe_recompile pc=0x00007fe9383ddfa8 method=java.util.Random.nextInt(I)I @ 17 c2
Event: 1417.565 Thread 0x00007fe4601f55d0 DEOPT PACKING pc=0x00007fe9383ddfa8 sp=0x00007fe49512dfc0
Event: 1417.565 Thread 0x00007fe4601f55d0 DEOPT UNPACKING pc=0x00007fe937ab2899 sp=0x00007fe49512df60 mode 2
Event: 1417.565 Thread 0x00007fe4601f55d0 Uncommon trap: trap_request=0xffffffde fr.pc=0x00007fe9383ddfa8 relative=0x0000000000000108
Event: 1417.565 Thread 0x00007fe4601f55d0 Uncommon trap: reason=class_check action=maybe_recompile pc=0x00007fe9383ddfa8 method=java.util.Random.nextInt(I)I @ 17 c2
Event: 1417.565 Thread 0x00007fe4601f55d0 DEOPT PACKING pc=0x00007fe9383ddfa8 sp=0x00007fe49512dfc0
Event: 1417.565 Thread 0x00007fe4601f55d0 DEOPT UNPACKING pc=0x00007fe937ab2899 sp=0x00007fe49512df60 mode 2
Event: 1417.574 Thread 0x00007fe4601f55d0 Uncommon trap: trap_request=0xffffff45 fr.pc=0x00007fe938249814 relative=0x0000000000000074
Event: 1417.574 Thread 0x00007fe4601f55d0 Uncommon trap: reason=unstable_if action=reinterpret pc=0x00007fe938249814 method=java.lang.ref.ReferenceQueue.headIsNull()Z @ 4 c2
Event: 1417.574 Thread 0x00007fe4601f55d0 DEOPT PACKING pc=0x00007fe938249814 sp=0x00007fe49512e210
Event: 1417.574 Thread 0x00007fe4601f55d0 DEOPT UNPACKING pc=0x00007fe937ab2899 sp=0x00007fe49512e158 mode 2
Event: 1417.577 Thread 0x00007fe4601f55d0 Uncommon trap: trap_request=0xffffff45 fr.pc=0x00007fe9385627b8 relative=0x0000000000000998
Event: 1417.577 Thread 0x00007fe4601f55d0 Uncommon trap: reason=unstable_if action=reinterpret pc=0x00007fe9385627b8 method=org.postgresql.core.v3.QueryExecutorImpl.processResults(Lorg/postgresql/core/ResultHandler;IZ)V @ 1001 c2
Event: 1417.577 Thread 0x00007fe4601f55d0 DEOPT PACKING pc=0x00007fe9385627b8 sp=0x00007fe49512e2e0
Event: 1417.577 Thread 0x00007fe4601f55d0 DEOPT UNPACKING pc=0x00007fe937ab2899 sp=0x00007fe49512e280 mode 2
Event: 1417.577 Thread 0x00007fe4601f55d0 Uncommon trap: trap_request=0xffffffc6 fr.pc=0x00007fe938657a44 relative=0x0000000000001084
Event: 1417.577 Thread 0x00007fe4601f55d0 Uncommon trap: reason=bimorphic_or_optimized_type_check action=maybe_recompile pc=0x00007fe938657a44 method=org.postgresql.core.v3.QueryExecutorImpl.execute(Lorg/postgresql/core/Query;Lorg/postgresql/core/ParameterList;Lorg/postgresql/core/ResultHandler;I
Event: 1417.577 Thread 0x00007fe4601f55d0 DEOPT PACKING pc=0x00007fe938657a44 sp=0x00007fe49512e390
Event: 1417.577 Thread 0x00007fe4601f55d0 DEOPT UNPACKING pc=0x00007fe937ab2899 sp=0x00007fe49512e340 mode 2
Event: 1417.577 Thread 0x00007fe4601f55d0 Uncommon trap: trap_request=0xffffff45 fr.pc=0x00007fe93828dd98 relative=0x0000000000000078
Event: 1417.577 Thread 0x00007fe4601f55d0 Uncommon trap: reason=unstable_if action=reinterpret pc=0x00007fe93828dd98 method=java.util.logging.Logger.isLoggable(Ljava/util/logging/Level;)Z @ 13 c2
Event: 1417.577 Thread 0x00007fe4601f55d0 DEOPT PACKING pc=0x00007fe93828dd98 sp=0x00007fe49512e710
Event: 1417.577 Thread 0x00007fe4601f55d0 DEOPT UNPACKING pc=0x00007fe937ab2899 sp=0x00007fe49512e6c0 mode 2
Event: 1417.577 Thread 0x00007fe4601f55d0 Uncommon trap: trap_request=0xffffffde fr.pc=0x00007fe93863b3d4 relative=0x0000000000000454
Event: 1417.577 Thread 0x00007fe4601f55d0 Uncommon trap: reason=class_check action=maybe_recompile pc=0x00007fe93863b3d4 method=java.util.HashMap.removeNode(ILjava/lang/Object;Ljava/lang/Object;ZZ)Ljava/util/HashMap$Node; @ 68 c2
Event: 1417.577 Thread 0x00007fe4601f55d0 DEOPT PACKING pc=0x00007fe93863b3d4 sp=0x00007fe49512e680
Event: 1417.577 Thread 0x00007fe4601f55d0 DEOPT UNPACKING pc=0x00007fe937ab2899 sp=0x00007fe49512e588 mode 2
Event: 1417.577 Thread 0x00007fe4601f55d0 Uncommon trap: trap_request=0xffffff45 fr.pc=0x00007fe9384aa178 relative=0x00000000000000d8
Event: 1417.577 Thread 0x00007fe4601f55d0 Uncommon trap: reason=unstable_if action=reinterpret pc=0x00007fe9384aa178 method=java.util.BitSet.get(I)Z @ 45 c2
Event: 1417.577 Thread 0x00007fe4601f55d0 DEOPT PACKING pc=0x00007fe9384aa178 sp=0x00007fe49512e5a0
Event: 1417.577 Thread 0x00007fe4601f55d0 DEOPT UNPACKING pc=0x00007fe937ab2899 sp=0x00007fe49512e550 mode 2
Event: 1417.577 Thread 0x00007fe45002ffb0 Uncommon trap: trap_request=0xffffff45 fr.pc=0x00007fe9383a9684 relative=0x0000000000000064
Event: 1417.577 Thread 0x00007fe45002ffb0 Uncommon trap: reason=unstable_if action=reinterpret pc=0x00007fe9383a9684 method=java.util.concurrent.ThreadLocalRandom.current()Ljava/util/concurrent/ThreadLocalRandom; @ 12 c2
Event: 1417.577 Thread 0x00007fe45002ffb0 DEOPT PACKING pc=0x00007fe9383a9684 sp=0x00007fe49602e620
Event: 1417.577 Thread 0x00007fe45002ffb0 DEOPT UNPACKING pc=0x00007fe937ab2899 sp=0x00007fe49602e5d0 mode 2
Event: 1439.709 Thread 0x00007fe9482fea70 Uncommon trap: trap_request=0xffffff45 fr.pc=0x00007fe93857f580 relative=0x00000000000004a0
Event: 1439.709 Thread 0x00007fe9482fea70 Uncommon trap: reason=unstable_if action=reinterpret pc=0x00007fe93857f580 method=org.postgresql.core.v3.SimpleQuery.isPreparedFor([IS)Z @ 4 c2
Event: 1439.709 Thread 0x00007fe9482fea70 DEOPT PACKING pc=0x00007fe93857f580 sp=0x00007fe495c2e3e0
Event: 1439.709 Thread 0x00007fe9482fea70 DEOPT UNPACKING pc=0x00007fe937ab2899 sp=0x00007fe495c2e2f8 mode 2
Event: 1439.711 Thread 0x00007fe9482fea70 Uncommon trap: trap_request=0xffffff45 fr.pc=0x00007fe938522f80 relative=0x0000000000000420
Event: 1439.711 Thread 0x00007fe9482fea70 Uncommon trap: reason=unstable_if action=reinterpret pc=0x00007fe938522f80 method=org.postgresql.core.v3.SimpleQuery.isPreparedFor([IS)Z @ 4 c2
Event: 1439.711 Thread 0x00007fe9482fea70 DEOPT PACKING pc=0x00007fe938522f80 sp=0x00007fe495c2e400
Event: 1439.711 Thread 0x00007fe9482fea70 DEOPT UNPACKING pc=0x00007fe937ab2899 sp=0x00007fe495c2e3c0 mode 2
Event: 1442.655 Thread 0x00007fe94859fd80 Uncommon trap: trap_request=0xffffff45 fr.pc=0x00007fe9385707c8 relative=0x00000000000009c8
Event: 1442.655 Thread 0x00007fe94859fd80 Uncommon trap: reason=unstable_if action=reinterpret pc=0x00007fe9385707c8 method=org.postgresql.core.v3.QueryExecutorImpl.sendOneQuery(Lorg/postgresql/core/v3/SimpleQuery;Lorg/postgresql/core/v3/SimpleParameterList;III)V @ 213 c2
Event: 1442.655 Thread 0x00007fe94859fd80 DEOPT PACKING pc=0x00007fe9385707c8 sp=0x00007fe495a2df80
Event: 1442.655 Thread 0x00007fe94859fd80 DEOPT UNPACKING pc=0x00007fe937ab2899 sp=0x00007fe495a2ded0 mode 2
Event: 1442.655 Thread 0x00007fe94859fd80 Uncommon trap: trap_request=0xffffff45 fr.pc=0x00007fe93847d6d0 relative=0x0000000000002e70
Event: 1442.655 Thread 0x00007fe94859fd80 Uncommon trap: reason=unstable_if action=reinterpret pc=0x00007fe93847d6d0 method=org.postgresql.core.v3.QueryExecutorImpl.sendBind(Lorg/postgresql/core/v3/SimpleQuery;Lorg/postgresql/core/v3/SimpleParameterList;Lorg/postgresql/core/v3/Portal;Z)V @ 423 c2
Event: 1442.655 Thread 0x00007fe94859fd80 DEOPT PACKING pc=0x00007fe93847d6d0 sp=0x00007fe495a2de50
Event: 1442.655 Thread 0x00007fe94859fd80 DEOPT UNPACKING pc=0x00007fe937ab2899 sp=0x00007fe495a2ddf8 mode 2
Event: 1482.868 Thread 0x00007fe4601f55d0 Uncommon trap: trap_request=0xffffffde fr.pc=0x00007fe9385f2408 relative=0x0000000000000908
Event: 1482.868 Thread 0x00007fe4601f55d0 Uncommon trap: reason=class_check action=maybe_recompile pc=0x00007fe9385f2408 method=sun.security.ssl.OutputRecord.t13Encrypt(Lsun/security/ssl/SSLCipher$SSLWriteCipher;BI)J @ 1 c2
Event: 1482.868 Thread 0x00007fe4601f55d0 DEOPT PACKING pc=0x00007fe9385f2408 sp=0x00007fe494f2ded0
Event: 1482.868 Thread 0x00007fe4601f55d0 DEOPT UNPACKING pc=0x00007fe937ab2899 sp=0x00007fe494f2dea0 mode 2
Event: 1482.873 Thread 0x00007fe4601f55d0 Uncommon trap: trap_request=0xffffffde fr.pc=0x00007fe9385f2408 relative=0x0000000000000908
Event: 1482.873 Thread 0x00007fe4601f55d0 Uncommon trap: reason=class_check action=maybe_recompile pc=0x00007fe9385f2408 method=sun.security.ssl.OutputRecord.t13Encrypt(Lsun/security/ssl/SSLCipher$SSLWriteCipher;BI)J @ 1 c2
Event: 1482.873 Thread 0x00007fe4601f55d0 DEOPT PACKING pc=0x00007fe9385f2408 sp=0x00007fe494f2db20
Event: 1482.873 Thread 0x00007fe4601f55d0 DEOPT UNPACKING pc=0x00007fe937ab2899 sp=0x00007fe494f2daf0 mode 2
Event: 1482.885 Thread 0x00007fe4601f55d0 Uncommon trap: trap_request=0xffffffc6 fr.pc=0x00007fe938657a44 relative=0x0000000000001084
Event: 1482.885 Thread 0x00007fe4601f55d0 Uncommon trap: reason=bimorphic_or_optimized_type_check action=maybe_recompile pc=0x00007fe938657a44 method=org.postgresql.core.v3.QueryExecutorImpl.execute(Lorg/postgresql/core/Query;Lorg/postgresql/core/ParameterList;Lorg/postgresql/core/ResultHandler;I
Event: 1482.885 Thread 0x00007fe4601f55d0 DEOPT PACKING pc=0x00007fe938657a44 sp=0x00007fe494f2e390
Event: 1482.885 Thread 0x00007fe4601f55d0 DEOPT UNPACKING pc=0x00007fe937ab2899 sp=0x00007fe494f2e340 mode 2
Event: 1482.885 Thread 0x00007fe4601f55d0 Uncommon trap: trap_request=0xffffffde fr.pc=0x00007fe93863b3d4 relative=0x0000000000000454
Event: 1482.885 Thread 0x00007fe4601f55d0 Uncommon trap: reason=class_check action=maybe_recompile pc=0x00007fe93863b3d4 method=java.util.HashMap.removeNode(ILjava/lang/Object;Ljava/lang/Object;ZZ)Ljava/util/HashMap$Node; @ 68 c2
Event: 1482.885 Thread 0x00007fe4601f55d0 DEOPT PACKING pc=0x00007fe93863b3d4 sp=0x00007fe494f2e680
Event: 1482.885 Thread 0x00007fe4601f55d0 DEOPT UNPACKING pc=0x00007fe937ab2899 sp=0x00007fe494f2e588 mode 2
Event: 1745.796 Thread 0x00007fe948588650 Uncommon trap: trap_request=0xffffff45 fr.pc=0x00007fe938522b28 relative=0x0000000000000028
Event: 1745.796 Thread 0x00007fe948588650 Uncommon trap: reason=unstable_if action=reinterpret pc=0x00007fe938522b28 method=io.netty.util.internal.RefCnt.retain(Lio/netty/util/internal/RefCnt;)V @ 3 c2
Event: 1745.796 Thread 0x00007fe948588650 DEOPT PACKING pc=0x00007fe938522b28 sp=0x00007fe49572e000
Event: 1745.796 Thread 0x00007fe948588650 DEOPT UNPACKING pc=0x00007fe937ab2899 sp=0x00007fe49572dfa8 mode 2
Event: 1768.699 Thread 0x00007fe400007290 DEOPT PACKING pc=0x00007fe930db9b25 sp=0x00007fe495b2e690
Event: 1768.699 Thread 0x00007fe400007290 DEOPT UNPACKING pc=0x00007fe937ab302f sp=0x00007fe495b2dba0 mode 0
Event: 1873.893 Thread 0x00007fe9480c8e10 Uncommon trap: trap_request=0xffffff45 fr.pc=0x00007fe93862e31c relative=0x0000000000000afc
Event: 1873.893 Thread 0x00007fe9480c8e10 Uncommon trap: reason=unstable_if action=reinterpret pc=0x00007fe93862e31c method=io.aeron.logbuffer.FrameDescriptor.isPaddingFrame(Lorg/agrona/concurrent/UnsafeBuffer;I)Z @ 8 c2
Event: 1873.893 Thread 0x00007fe9480c8e10 DEOPT PACKING pc=0x00007fe93862e31c sp=0x00007fe94c5fe7d0
Event: 1873.893 Thread 0x00007fe9480c8e10 DEOPT UNPACKING pc=0x00007fe937ab2899 sp=0x00007fe94c5fe610 mode 2
Event: 1900.970 Thread 0x00007fe400004bb0 Uncommon trap: trap_request=0xffffff45 fr.pc=0x00007fe938668498 relative=0x0000000000000cf8
Event: 1900.970 Thread 0x00007fe400004bb0 Uncommon trap: reason=unstable_if action=reinterpret pc=0x00007fe938668498 method=java.util.concurrent.ConcurrentHashMap.putVal(Ljava/lang/Object;Ljava/lang/Object;Z)Ljava/lang/Object; @ 97 c2
Event: 1900.970 Thread 0x00007fe400004bb0 DEOPT PACKING pc=0x00007fe938668498 sp=0x00007fe495f2dbc0
Event: 1900.970 Thread 0x00007fe400004bb0 DEOPT UNPACKING pc=0x00007fe937ab2899 sp=0x00007fe495f2db38 mode 2
Event: 2018.931 Thread 0x00007fe400002420 Uncommon trap: trap_request=0xffffff66 fr.pc=0x00007fe93868654c relative=0x00000000000007cc
Event: 2018.931 Thread 0x00007fe400002420 Uncommon trap: reason=speculate_class_check action=maybe_recompile pc=0x00007fe93868654c method=io.netty.buffer.ByteBufUtil.copy(Lio/netty/util/AsciiString;ILio/netty/buffer/ByteBuf;II)V @ 89 c2
Event: 2018.931 Thread 0x00007fe400002420 DEOPT PACKING pc=0x00007fe93868654c sp=0x00007fe49612d5b0
Event: 2018.931 Thread 0x00007fe400002420 DEOPT UNPACKING pc=0x00007fe937ab2899 sp=0x00007fe49612d4f8 mode 2
Event: 2018.931 Thread 0x00007fe400002420 Uncommon trap: trap_request=0xffffff66 fr.pc=0x00007fe93868654c relative=0x00000000000007cc
Event: 2018.931 Thread 0x00007fe400002420 Uncommon trap: reason=speculate_class_check action=maybe_recompile pc=0x00007fe93868654c method=io.netty.buffer.ByteBufUtil.copy(Lio/netty/util/AsciiString;ILio/netty/buffer/ByteBuf;II)V @ 89 c2
Event: 2018.931 Thread 0x00007fe400002420 DEOPT PACKING pc=0x00007fe93868654c sp=0x00007fe49612d5b0
Event: 2018.931 Thread 0x00007fe400002420 DEOPT UNPACKING pc=0x00007fe937ab2899 sp=0x00007fe49612d4f8 mode 2
Event: 2018.931 Thread 0x00007fe400002420 Uncommon trap: trap_request=0xffffff66 fr.pc=0x00007fe93868654c relative=0x00000000000007cc
Event: 2018.931 Thread 0x00007fe400002420 Uncommon trap: reason=speculate_class_check action=maybe_recompile pc=0x00007fe93868654c method=io.netty.buffer.ByteBufUtil.copy(Lio/netty/util/AsciiString;ILio/netty/buffer/ByteBuf;II)V @ 89 c2
Event: 2018.931 Thread 0x00007fe400002420 DEOPT PACKING pc=0x00007fe93868654c sp=0x00007fe49612d5b0
Event: 2018.931 Thread 0x00007fe400002420 DEOPT UNPACKING pc=0x00007fe937ab2899 sp=0x00007fe49612d4f8 mode 2
Event: 2146.108 Thread 0x00007fe9482fea70 Uncommon trap: trap_request=0xffffff45 fr.pc=0x00007fe93858ab18 relative=0x00000000000008f8
Event: 2146.108 Thread 0x00007fe9482fea70 Uncommon trap: reason=unstable_if action=reinterpret pc=0x00007fe93858ab18 method=java.util.GregorianCalendar.computeFields(II)I @ 201 c2
Event: 2146.108 Thread 0x00007fe9482fea70 DEOPT PACKING pc=0x00007fe93858ab18 sp=0x00007fe495c2e620
Event: 2146.108 Thread 0x00007fe9482fea70 DEOPT UNPACKING pc=0x00007fe937ab2899 sp=0x00007fe495c2e538 mode 2
Event: 2210.970 Thread 0x00007fe400007290 Uncommon trap: trap_request=0xffffff45 fr.pc=0x00007fe93863b428 relative=0x00000000000004a8
Event: 2210.970 Thread 0x00007fe400007290 Uncommon trap: reason=unstable_if action=reinterpret pc=0x00007fe93863b428 method=java.util.HashMap.removeNode(ILjava/lang/Object;Ljava/lang/Object;ZZ)Ljava/util/HashMap$Node; @ 234 c2
Event: 2210.970 Thread 0x00007fe400007290 DEOPT PACKING pc=0x00007fe93863b428 sp=0x00007fe495b2e440
Event: 2210.970 Thread 0x00007fe400007290 DEOPT UNPACKING pc=0x00007fe937ab2899 sp=0x00007fe495b2e338 mode 2
Event: 2446.740 Thread 0x00007fe9482fea70 Uncommon trap: trap_request=0xffffff6e fr.pc=0x00007fe9386d06d8 relative=0x00000000000019f8
Event: 2446.740 Thread 0x00007fe9482fea70 Uncommon trap: reason=loop_limit_check action=maybe_recompile pc=0x00007fe9386d06d8 method=com.zaxxer.hikari.util.ConcurrentBag.borrow(JLjava/util/concurrent/TimeUnit;)Lcom/zaxxer/hikari/util/ConcurrentBag$IConcurrentBagEntry; @ 25 c2
Event: 2446.740 Thread 0x00007fe9482fea70 DEOPT PACKING pc=0x00007fe9386d06d8 sp=0x00007fe495c2e840
Event: 2446.741 Thread 0x00007fe9482fea70 DEOPT UNPACKING pc=0x00007fe937ab2899 sp=0x00007fe495c2e580 mode 2
Event: 2530.971 Thread 0x00007fe400007290 Uncommon trap: trap_request=0xffffff66 fr.pc=0x00007fe93868654c relative=0x00000000000007cc
Event: 2530.971 Thread 0x00007fe400007290 Uncommon trap: reason=speculate_class_check action=maybe_recompile pc=0x00007fe93868654c method=io.netty.buffer.ByteBufUtil.copy(Lio/netty/util/AsciiString;ILio/netty/buffer/ByteBuf;II)V @ 89 c2
Event: 2530.971 Thread 0x00007fe400007290 DEOPT PACKING pc=0x00007fe93868654c sp=0x00007fe495b2d6f0
Event: 2530.971 Thread 0x00007fe400007290 DEOPT UNPACKING pc=0x00007fe937ab2899 sp=0x00007fe495b2d638 mode 2
Event: 2800.796 Thread 0x00007fe948588650 Uncommon trap: trap_request=0xffffff45 fr.pc=0x00007fe938555354 relative=0x0000000000000994
Event: 2800.796 Thread 0x00007fe948588650 Uncommon trap: reason=unstable_if action=reinterpret pc=0x00007fe938555354 method=io.netty.channel.AbstractCoalescingBufferQueue.remove(Lio/netty/buffer/ByteBufAllocator;ILio/netty/channel/ChannelPromise;)Lio/netty/buffer/ByteBuf; @ 126 c2
Event: 2800.796 Thread 0x00007fe948588650 DEOPT PACKING pc=0x00007fe938555354 sp=0x00007fe49572e280
Event: 2800.796 Thread 0x00007fe948588650 DEOPT UNPACKING pc=0x00007fe937ab2899 sp=0x00007fe49572e248 mode 2
Event: 2863.964 Thread 0x00007fe46000cf60 Uncommon trap: trap_request=0xffffffbe fr.pc=0x00007fe9386a6354 relative=0x0000000000001df4
Event: 2863.964 Thread 0x00007fe46000cf60 Uncommon trap: reason=profile_predicate action=maybe_recompile pc=0x00007fe9386a6354 method=sun.security.ssl.SSLTransport.decode(Lsun/security/ssl/TransportContext;[Ljava/nio/ByteBuffer;II[Ljava/nio/ByteBuffer;II)Lsun/security/ssl/Plaintext; @ 178 c2
Event: 2863.964 Thread 0x00007fe46000cf60 DEOPT PACKING pc=0x00007fe9386a6354 sp=0x00007fe494f2e120
Event: 2863.964 Thread 0x00007fe46000cf60 DEOPT UNPACKING pc=0x00007fe937ab2899 sp=0x00007fe494f2e0e8 mode 2
Event: 2863.966 Thread 0x00007fe46000cf60 Uncommon trap: trap_request=0xffffffbe fr.pc=0x00007fe9386a6354 relative=0x0000000000001df4
Event: 2863.966 Thread 0x00007fe46000cf60 Uncommon trap: reason=profile_predicate action=maybe_recompile pc=0x00007fe9386a6354 method=sun.security.ssl.SSLTransport.decode(Lsun/security/ssl/TransportContext;[Ljava/nio/ByteBuffer;II[Ljava/nio/ByteBuffer;II)Lsun/security/ssl/Plaintext; @ 178 c2
Event: 2863.966 Thread 0x00007fe46000cf60 DEOPT PACKING pc=0x00007fe9386a6354 sp=0x00007fe494f2e120
Event: 2863.966 Thread 0x00007fe46000cf60 DEOPT UNPACKING pc=0x00007fe937ab2899 sp=0x00007fe494f2e0e8 mode 2
Event: 2863.966 Thread 0x00007fe46000cf60 Uncommon trap: trap_request=0xffffffbe fr.pc=0x00007fe9386a6354 relative=0x0000000000001df4
Event: 2863.966 Thread 0x00007fe46000cf60 Uncommon trap: reason=profile_predicate action=maybe_recompile pc=0x00007fe9386a6354 method=sun.security.ssl.SSLTransport.decode(Lsun/security/ssl/TransportContext;[Ljava/nio/ByteBuffer;II[Ljava/nio/ByteBuffer;II)Lsun/security/ssl/Plaintext; @ 178 c2
Event: 2863.966 Thread 0x00007fe46000cf60 DEOPT PACKING pc=0x00007fe9386a6354 sp=0x00007fe494f2e120
Event: 2863.966 Thread 0x00007fe46000cf60 DEOPT UNPACKING pc=0x00007fe937ab2899 sp=0x00007fe494f2e0e8 mode 2
Event: 2863.966 Thread 0x00007fe46000cf60 Uncommon trap: trap_request=0xffffffbe fr.pc=0x00007fe9386a6354 relative=0x0000000000001df4
Event: 2863.966 Thread 0x00007fe46000cf60 Uncommon trap: reason=profile_predicate action=maybe_recompile pc=0x00007fe9386a6354 method=sun.security.ssl.SSLTransport.decode(Lsun/security/ssl/TransportContext;[Ljava/nio/ByteBuffer;II[Ljava/nio/ByteBuffer;II)Lsun/security/ssl/Plaintext; @ 178 c2
Event: 2863.966 Thread 0x00007fe46000cf60 DEOPT PACKING pc=0x00007fe9386a6354 sp=0x00007fe494f2e120
Event: 2863.966 Thread 0x00007fe46000cf60 DEOPT UNPACKING pc=0x00007fe937ab2899 sp=0x00007fe494f2e0e8 mode 2
Event: 2863.974 Thread 0x00007fe46000cf60 Uncommon trap: trap_request=0xffffffc6 fr.pc=0x00007fe938657a44 relative=0x0000000000001084
Event: 2863.974 Thread 0x00007fe46000cf60 Uncommon trap: reason=bimorphic_or_optimized_type_check action=maybe_recompile pc=0x00007fe938657a44 method=org.postgresql.core.v3.QueryExecutorImpl.execute(Lorg/postgresql/core/Query;Lorg/postgresql/core/ParameterList;Lorg/postgresql/core/ResultHandler;I
Event: 2863.974 Thread 0x00007fe46000cf60 DEOPT PACKING pc=0x00007fe938657a44 sp=0x00007fe494f2e390
Event: 2863.974 Thread 0x00007fe46000cf60 DEOPT UNPACKING pc=0x00007fe937ab2899 sp=0x00007fe494f2e340 mode 2
Event: 2863.974 Thread 0x00007fe46000cf60 Uncommon trap: trap_request=0xffffffde fr.pc=0x00007fe93863a698 relative=0x0000000000000418
Event: 2863.974 Thread 0x00007fe46000cf60 Uncommon trap: reason=class_check action=maybe_recompile pc=0x00007fe93863a698 method=java.util.HashMap.removeNode(ILjava/lang/Object;Ljava/lang/Object;ZZ)Ljava/util/HashMap$Node; @ 68 c2
Event: 2863.974 Thread 0x00007fe46000cf60 DEOPT PACKING pc=0x00007fe93863a698 sp=0x00007fe494f2e620
Event: 2863.974 Thread 0x00007fe46000cf60 DEOPT UNPACKING pc=0x00007fe937ab2899 sp=0x00007fe494f2e5a8 mode 2
Event: 3029.709 Thread 0x00007fe3f00019c0 DEOPT PACKING pc=0x00007fe93092f7f9 sp=0x00007fe49602d690
Event: 3029.709 Thread 0x00007fe3f00019c0 DEOPT UNPACKING pc=0x00007fe937ab302f sp=0x00007fe49602cb38 mode 0
Event: 3029.711 Thread 0x00007fe3f00019c0 DEOPT PACKING pc=0x00007fe93092f7f9 sp=0x00007fe49602d7e0
Event: 3029.711 Thread 0x00007fe3f00019c0 DEOPT UNPACKING pc=0x00007fe937ab302f sp=0x00007fe49602cc88 mode 0
Event: 3029.716 Thread 0x00007fe3f00019c0 Uncommon trap: trap_request=0xffffffc6 fr.pc=0x00007fe938657a44 relative=0x0000000000001084
Event: 3029.716 Thread 0x00007fe3f00019c0 Uncommon trap: reason=bimorphic_or_optimized_type_check action=maybe_recompile pc=0x00007fe938657a44 method=org.postgresql.core.v3.QueryExecutorImpl.execute(Lorg/postgresql/core/Query;Lorg/postgresql/core/ParameterList;Lorg/postgresql/core/ResultHandler;I
Event: 3029.716 Thread 0x00007fe3f00019c0 DEOPT PACKING pc=0x00007fe938657a44 sp=0x00007fe49602e390
Event: 3029.716 Thread 0x00007fe3f00019c0 DEOPT UNPACKING pc=0x00007fe937ab2899 sp=0x00007fe49602e340 mode 2
Event: 3029.716 Thread 0x00007fe3f00019c0 Uncommon trap: trap_request=0xffffffde fr.pc=0x00007fe93863a698 relative=0x0000000000000418
Event: 3029.716 Thread 0x00007fe3f00019c0 Uncommon trap: reason=class_check action=maybe_recompile pc=0x00007fe93863a698 method=java.util.HashMap.removeNode(ILjava/lang/Object;Ljava/lang/Object;ZZ)Ljava/util/HashMap$Node; @ 68 c2
Event: 3029.716 Thread 0x00007fe3f00019c0 DEOPT PACKING pc=0x00007fe93863a698 sp=0x00007fe49602e620
Event: 3029.716 Thread 0x00007fe3f00019c0 DEOPT UNPACKING pc=0x00007fe937ab2899 sp=0x00007fe49602e5a8 mode 2
Event: 3052.089 Thread 0x00007fe9480c8e10 DEOPT PACKING pc=0x00007fe930a04101 sp=0x00007fe94c5fe180
Event: 3052.089 Thread 0x00007fe9480c8e10 DEOPT UNPACKING pc=0x00007fe937ab302f sp=0x00007fe94c5fd610 mode 0
Event: 3573.922 Thread 0x00007fe400004bb0 Uncommon trap: trap_request=0xffffff45 fr.pc=0x00007fe9384a0180 relative=0x00000000000047c0
Event: 3573.922 Thread 0x00007fe400004bb0 Uncommon trap: reason=unstable_if action=reinterpret pc=0x00007fe9384a0180 method=io.netty.util.internal.shaded.org.jctools.queues.MpmcArrayQueue.relaxedOffer(Ljava/lang/Object;)Z @ 62 c2
Event: 3573.922 Thread 0x00007fe400004bb0 DEOPT PACKING pc=0x00007fe9384a0180 sp=0x00007fe495f2e4b0
Event: 3573.922 Thread 0x00007fe400004bb0 DEOPT UNPACKING pc=0x00007fe937ab2899 sp=0x00007fe495f2dea0 mode 2
Event: 3647.322 Thread 0x00007fe9480c8e10 Uncommon trap: trap_request=0xffffff45 fr.pc=0x00007fe938630508 relative=0x0000000000000a88
Event: 3647.322 Thread 0x00007fe9480c8e10 Uncommon trap: reason=unstable_if action=reinterpret pc=0x00007fe938630508 method=io.aeron.logbuffer.FrameDescriptor.isPaddingFrame(Lorg/agrona/concurrent/UnsafeBuffer;I)Z @ 8 c2
Event: 3647.322 Thread 0x00007fe9480c8e10 DEOPT PACKING pc=0x00007fe938630508 sp=0x00007fe94c5fe7a0
Event: 3647.322 Thread 0x00007fe9480c8e10 DEOPT UNPACKING pc=0x00007fe937ab2899 sp=0x00007fe94c5fe648 mode 2
Event: 4298.556 Thread 0x00007fe9480c8e10 Uncommon trap: trap_request=0xffffff45 fr.pc=0x00007fe938671660 relative=0x0000000000004bc0
Event: 4298.556 Thread 0x00007fe9480c8e10 Uncommon trap: reason=unstable_if action=reinterpret pc=0x00007fe938671660 method=org.agrona.concurrent.OneToOneConcurrentArrayQueue.offer(Ljava/lang/Object;)Z @ 42 c2
Event: 4298.556 Thread 0x00007fe9480c8e10 DEOPT PACKING pc=0x00007fe938671660 sp=0x00007fe94c5fe5a0
Event: 4298.556 Thread 0x00007fe9480c8e10 DEOPT UNPACKING pc=0x00007fe937ab2899 sp=0x00007fe94c5fe408 mode 2

Classes loaded (250 events):
Event: 1.375 Loading class java/security/cert/PKIXParameters done
Event: 1.375 Loading class java/security/cert/PKIXBuilderParameters done
Event: 1.375 Loading class sun/security/x509/AVAKeyword
Event: 1.375 Loading class sun/security/x509/AVAKeyword done
Event: 1.375 Loading class sun/security/pkcs/PKCS9Attribute
Event: 1.375 Loading class sun/security/pkcs/PKCS9Attribute done
Event: 1.383 Loading class sun/security/pkcs/SignerInfo
Event: 1.383 Loading class sun/security/pkcs/SignerInfo done
Event: 1.383 Loading class jdk/internal/icu/text/NormalizerBase$NFKDModeImpl
Event: 1.383 Loading class jdk/internal/icu/text/NormalizerBase$NFKDModeImpl done
Event: 1.392 Loading class sun/security/provider/certpath/PKIXExtendedParameters
Event: 1.392 Loading class sun/security/provider/certpath/PKIXExtendedParameters done
Event: 1.392 Loading class java/security/Timestamp
Event: 1.392 Loading class java/security/Timestamp done
Event: 1.393 Loading class java/security/cert/CertPathValidator
Event: 1.393 Loading class java/security/cert/CertPathValidator done
Event: 1.393 Loading class java/security/cert/CertPathValidatorSpi
Event: 1.393 Loading class java/security/cert/CertPathValidatorSpi done
Event: 1.393 Loading class sun/security/provider/certpath/PKIXCertPathValidator
Event: 1.393 Loading class sun/security/provider/certpath/PKIXCertPathValidator done
Event: 1.393 Loading class sun/security/provider/certpath/X509CertPath
Event: 1.394 Loading class java/security/cert/CertPath
Event: 1.394 Loading class java/security/cert/CertPath done
Event: 1.394 Loading class sun/security/provider/certpath/X509CertPath done
Event: 1.394 Loading class sun/security/provider/certpath/PKIX
Event: 1.394 Loading class sun/security/provider/certpath/PKIX done
Event: 1.394 Loading class sun/security/provider/certpath/PKIX$ValidatorParams
Event: 1.395 Loading class sun/security/provider/certpath/PKIX$ValidatorParams done
Event: 1.395 Loading class sun/security/provider/certpath/AdaptableX509CertSelector
Event: 1.395 Loading class java/security/cert/X509CertSelector
Event: 1.395 Loading class java/security/cert/CertSelector
Event: 1.395 Loading class java/security/cert/CertSelector done
Event: 1.395 Loading class java/security/cert/X509CertSelector done
Event: 1.395 Loading class sun/security/provider/certpath/AdaptableX509CertSelector done
Event: 1.396 Loading class sun/security/provider/certpath/UntrustedChecker
Event: 1.396 Loading class sun/security/provider/certpath/UntrustedChecker done
Event: 1.396 Loading class sun/security/util/UntrustedCertificates
Event: 1.396 Loading class sun/security/util/UntrustedCertificates done
Event: 1.396 Loading class sun/security/util/UntrustedCertificates$1
Event: 1.396 Loading class sun/security/util/UntrustedCertificates$1 done
Event: 1.397 Loading class sun/security/util/DisabledAlgorithmConstraints$CertPathHolder
Event: 1.397 Loading class sun/security/util/DisabledAlgorithmConstraints$CertPathHolder done
Event: 1.398 Loading class sun/security/provider/certpath/KeyChecker
Event: 1.398 Loading class sun/security/provider/certpath/KeyChecker done
Event: 1.398 Loading class sun/security/provider/certpath/ConstraintsChecker
Event: 1.398 Loading class sun/security/provider/certpath/ConstraintsChecker done
Event: 1.398 Loading class sun/security/provider/certpath/PolicyNodeImpl
Event: 1.398 Loading class java/security/cert/PolicyNode
Event: 1.398 Loading class java/security/cert/PolicyNode done
Event: 1.398 Loading class sun/security/provider/certpath/PolicyNodeImpl done
Event: 1.398 Loading class sun/security/provider/certpath/PolicyChecker
Event: 1.398 Loading class sun/security/provider/certpath/PolicyChecker done
Event: 1.398 Loading class sun/security/provider/certpath/BasicChecker
Event: 1.398 Loading class sun/security/provider/certpath/BasicChecker done
Event: 1.399 Loading class java/security/cert/PKIXRevocationChecker
Event: 1.399 Loading class java/security/cert/PKIXRevocationChecker done
Event: 1.399 Loading class sun/security/provider/certpath/PKIXMasterCertPathValidator
Event: 1.399 Loading class sun/security/provider/certpath/PKIXMasterCertPathValidator done
Event: 1.399 Loading class sun/security/provider/certpath/CertPathConstraintsParameters
Event: 1.399 Loading class sun/security/util/ConstraintsParameters
Event: 1.399 Loading class sun/security/util/ConstraintsParameters done
Event: 1.399 Loading class sun/security/provider/certpath/CertPathConstraintsParameters done
Event: 1.399 Loading class java/io/StringWriter
Event: 1.399 Loading class java/io/StringWriter done
Event: 1.400 Loading class java/security/interfaces/DSAPublicKey
Event: 1.400 Loading class java/security/interfaces/DSAKey
Event: 1.400 Loading class java/security/interfaces/DSAKey done
Event: 1.400 Loading class java/security/interfaces/DSAPublicKey done
Event: 1.403 Loading class sun/nio/fs/LinuxFileStore
Event: 1.403 Loading class sun/nio/fs/UnixFileStore
Event: 1.403 Loading class java/nio/file/FileStore
Event: 1.404 Loading class java/nio/file/FileStore done
Event: 1.404 Loading class sun/nio/fs/UnixFileStore done
Event: 1.404 Loading class sun/nio/fs/LinuxFileStore done
Event: 1.404 Loading class sun/nio/fs/LinuxNativeDispatcher
Event: 1.404 Loading class sun/nio/fs/LinuxNativeDispatcher done
Event: 1.405 Loading class java/net/BindException
Event: 1.405 Loading class java/net/BindException done
Event: 1.407 Loading class java/nio/MappedMemoryUtils
Event: 1.407 Loading class java/nio/MappedMemoryUtils done
Event: 1.418 Loading class java/nio/channels/ClosedByInterruptException
Event: 1.418 Loading class java/nio/channels/AsynchronousCloseException
Event: 1.418 Loading class java/nio/channels/AsynchronousCloseException done
Event: 1.418 Loading class java/nio/channels/ClosedByInterruptException done
Event: 1.421 Loading class sun/security/util/math/IntegerModuloP$MultiplicativeInverser$Secp256R1Field
Event: 1.421 Loading class sun/security/util/math/IntegerModuloP$MultiplicativeInverser$Secp256R1Field done
Event: 1.425 Loading class jdk/internal/event/X509ValidationEvent
Event: 1.425 Loading class jdk/internal/event/X509ValidationEvent done
Event: 1.425 Loading class java/security/cert/PKIXCertPathValidatorResult
Event: 1.425 Loading class java/security/cert/CertPathValidatorResult
Event: 1.425 Loading class java/security/cert/CertPathValidatorResult done
Event: 1.425 Loading class java/security/cert/PKIXCertPathValidatorResult done
Event: 1.425 Loading class sun/security/validator/CADistrustPolicy
Event: 1.425 Loading class sun/security/validator/CADistrustPolicy done
Event: 1.425 Loading class sun/security/validator/CADistrustPolicy$1
Event: 1.425 Loading class sun/security/validator/CADistrustPolicy$1 done
Event: 1.425 Loading class sun/security/validator/CADistrustPolicy$2
Event: 1.425 Loading class sun/security/validator/CADistrustPolicy$2 done
Event: 1.425 Loading class sun/security/validator/CADistrustPolicy$3
Event: 1.425 Loading class sun/security/validator/CADistrustPolicy$3 done
Event: 1.425 Loading class sun/security/validator/CADistrustPolicy$4
Event: 1.425 Loading class sun/security/validator/CADistrustPolicy$4 done
Event: 1.425 Loading class sun/security/validator/CADistrustPolicy$5
Event: 1.425 Loading class sun/security/validator/CADistrustPolicy$5 done
Event: 1.425 Loading class java/util/RegularEnumSet$EnumSetIterator
Event: 1.425 Loading class java/util/RegularEnumSet$EnumSetIterator done
Event: 1.425 Loading class sun/security/validator/SymantecTLSPolicy
Event: 1.425 Loading class sun/security/validator/SymantecTLSPolicy done
Event: 1.425 Loading class java/time/Month
Event: 1.426 Loading class java/time/Month done
Event: 1.426 Loading class sun/security/validator/EntrustTLSPolicy
Event: 1.426 Loading class sun/security/validator/EntrustTLSPolicy done
Event: 1.426 Loading class sun/security/validator/CamerfirmaTLSPolicy
Event: 1.426 Loading class sun/security/validator/CamerfirmaTLSPolicy done
Event: 1.426 Loading class sun/security/validator/ChunghwaTLSPolicy
Event: 1.426 Loading class sun/security/validator/ChunghwaTLSPolicy done
Event: 1.426 Loading class sun/security/util/AnchorCertificates
Event: 1.426 Loading class sun/security/util/AnchorCertificates done
Event: 1.426 Loading class sun/security/util/AnchorCertificates$1
Event: 1.426 Loading class sun/security/util/AnchorCertificates$1 done
Event: 1.426 Loading class sun/security/provider/JavaKeyStore$DualFormatJKS
Event: 1.427 Loading class sun/security/provider/JavaKeyStore$DualFormatJKS done
Event: 1.443 Loading class sun/security/util/HostnameChecker
Event: 1.443 Loading class sun/security/util/HostnameChecker done
Event: 1.443 Loading class sun/security/util/RegisteredDomain
Event: 1.444 Loading class sun/security/util/RegisteredDomain done
Event: 1.444 Loading class sun/security/util/DomainName
Event: 1.444 Loading class sun/security/util/DomainName done
Event: 1.444 Loading class sun/security/util/DomainName$Rules
Event: 1.444 Loading class sun/security/util/DomainName$Rules done
Event: 1.444 Loading class sun/security/util/DomainName$Rules$1
Event: 1.444 Loading class sun/security/util/DomainName$Rules$1 done
Event: 1.444 Loading class java/util/zip/ZipInputStream
Event: 1.447 Loading class java/util/zip/ZipInputStream done
Event: 1.447 Loading class java/io/PushbackInputStream
Event: 1.447 Loading class java/io/PushbackInputStream done
Event: 1.450 Loading class sun/security/util/DomainName$Rules$RuleSet
Event: 1.454 Loading class sun/security/util/DomainName$Rules$RuleSet done
Event: 1.454 Loading class sun/security/util/RegisteredDomain$Type
Event: 1.454 Loading class sun/security/util/RegisteredDomain$Type done
Event: 1.454 Loading class sun/security/util/DomainName$Rule
Event: 1.454 Loading class sun/security/util/DomainName$Rule done
Event: 1.454 Loading class sun/security/util/DomainName$Rule$Type
Event: 1.454 Loading class sun/security/util/DomainName$Rule$Type done
Event: 1.457 Loading class java/util/LinkedList$DescendingIterator
Event: 1.457 Loading class java/util/LinkedList$DescendingIterator done
Event: 1.457 Loading class sun/security/util/DomainName$CommonMatch
Event: 1.457 Loading class sun/security/util/DomainName$Match
Event: 1.457 Loading class sun/security/util/DomainName$Match done
Event: 1.457 Loading class sun/security/util/DomainName$CommonMatch done
Event: 1.457 Loading class sun/security/util/DomainName$RegisteredDomainImpl
Event: 1.457 Loading class sun/security/util/DomainName$RegisteredDomainImpl done
Event: 1.467 Loading class sun/nio/ch/IOVecWrapper
Event: 1.467 Loading class sun/nio/ch/IOVecWrapper done
Event: 1.467 Loading class sun/nio/ch/AllocatedNativeObject
Event: 1.467 Loading class sun/nio/ch/NativeObject
Event: 1.467 Loading class sun/nio/ch/NativeObject done
Event: 1.468 Loading class sun/nio/ch/AllocatedNativeObject done
Event: 1.468 Loading class sun/nio/ch/IOVecWrapper$Deallocator
Event: 1.468 Loading class sun/nio/ch/IOVecWrapper$Deallocator done
Event: 1.469 Loading class java/lang/Deprecated
Event: 1.470 Loading class java/lang/Deprecated done
Event: 1.498 Loading class java/net/PortUnreachableException
Event: 1.498 Loading class java/net/PortUnreachableException done
Event: 1.727 Loading class java/lang/reflect/WildcardType
Event: 1.727 Loading class java/lang/reflect/WildcardType done
Event: 1.728 Loading class java/lang/reflect/AnnotatedType
Event: 1.730 Loading class java/lang/reflect/AnnotatedType done
Event: 1.730 Loading class sun/reflect/generics/tree/TypeVariableSignature
Event: 1.730 Loading class sun/reflect/generics/tree/TypeVariableSignature done
Event: 1.748 Loading class sun/nio/ch/ServerSocketChannelImpl
Event: 1.750 Loading class sun/nio/ch/ServerSocketChannelImpl done
Event: 1.751 Loading class sun/nio/ch/ServerSocketAdaptor
Event: 1.756 Loading class java/net/ServerSocket
Event: 1.756 Loading class java/net/ServerSocket done
Event: 1.756 Loading class sun/nio/ch/ServerSocketAdaptor done
Event: 1.993 Loading class java/util/ConcurrentModificationException
Event: 1.995 Loading class java/util/ConcurrentModificationException done
Event: 2.248 Loading class sun/security/ssl/NewSessionTicket$T13NewSessionTicketMessage
Event: 2.248 Loading class sun/security/ssl/NewSessionTicket$NewSessionTicketMessage
Event: 2.248 Loading class sun/security/ssl/NewSessionTicket$NewSessionTicketMessage done
Event: 2.248 Loading class sun/security/ssl/NewSessionTicket$T13NewSessionTicketMessage done
Event: 2.249 Loading class java/lang/runtime/SwitchBootstraps
Event: 2.249 Loading class java/lang/runtime/SwitchBootstraps done
Event: 2.255 Loading class java/lang/Enum$EnumDesc
Event: 2.255 Loading class java/lang/constant/DynamicConstantDesc
Event: 2.255 Loading class java/lang/constant/DynamicConstantDesc done
Event: 2.255 Loading class java/lang/Enum$EnumDesc done
Event: 2.255 Loading class java/lang/runtime/SwitchBootstraps$ResolvedEnumLabel
Event: 2.255 Loading class java/lang/runtime/SwitchBootstraps$ResolvedEnumLabel done
Event: 2.257 Loading class java/lang/runtime/SwitchBootstraps$EnumMap
Event: 2.259 Loading class java/lang/runtime/SwitchBootstraps$EnumMap done
Event: 2.259 Loading class java/lang/invoke/DirectMethodHandle$1
Event: 2.259 Loading class java/lang/invoke/DirectMethodHandle$1 done
Event: 2.260 Loading class java/util/ReverseOrderListView
Event: 2.260 Loading class java/util/ReverseOrderListView done
Event: 2.260 Loading class java/util/ReverseOrderListView$Rand
Event: 2.260 Loading class java/util/ReverseOrderListView$Rand done
Event: 2.260 Loading class java/util/ImmutableCollections$SubList
Event: 2.260 Loading class java/util/ImmutableCollections$SubList done
Event: 2.261 Loading class java/lang/invoke/MethodHandleImpl$Makers
Event: 2.261 Loading class java/lang/invoke/MethodHandleImpl$Makers done
Event: 2.261 Loading class java/lang/invoke/MethodHandleImpl$Makers$1
Event: 2.261 Loading class java/lang/invoke/MethodHandleImpl$Makers$1 done
Event: 2.261 Loading class java/lang/invoke/MethodHandleImpl$Makers$2
Event: 2.261 Loading class java/lang/invoke/MethodHandleImpl$Makers$2 done
Event: 2.261 Loading class java/lang/invoke/MethodHandleImpl$Makers$3
Event: 2.261 Loading class java/lang/invoke/MethodHandleImpl$Makers$3 done
Event: 2.261 Loading class java/lang/invoke/MethodHandleImpl$CountingWrapper
Event: 2.261 Loading class java/lang/invoke/MethodHandleImpl$CountingWrapper done
Event: 2.263 Loading class java/lang/invoke/MethodHandleImpl$TableSwitchCacheKey
Event: 2.263 Loading class java/lang/invoke/MethodHandleImpl$TableSwitchCacheKey done
Event: 31.666 Loading class java/util/concurrent/CompletableFuture$AltResult
Event: 31.666 Loading class java/util/concurrent/CompletableFuture$AltResult done
Event: 31.669 Loading class java/util/concurrent/CompletableFuture$Completion
Event: 31.669 Loading class java/util/concurrent/CompletableFuture$AsynchronousCompletionTask
Event: 31.669 Loading class java/util/concurrent/CompletableFuture$AsynchronousCompletionTask done
Event: 31.669 Loading class java/util/concurrent/CompletableFuture$Completion done
Event: 31.670 Loading class java/util/concurrent/CompletableFuture$AsyncSupply
Event: 31.670 Loading class java/util/concurrent/CompletableFuture$AsyncSupply done
Event: 31.670 Loading class java/util/concurrent/CompletableFuture$Canceller
Event: 31.670 Loading class java/util/concurrent/CompletableFuture$Canceller done
Event: 31.670 Loading class java/util/concurrent/CompletableFuture$Timeout
Event: 31.671 Loading class java/util/concurrent/CompletableFuture$Timeout done
Event: 31.671 Loading class java/util/concurrent/CompletableFuture$Delayer
Event: 31.672 Loading class java/util/concurrent/CompletableFuture$Delayer done
Event: 31.672 Loading class java/util/concurrent/CompletableFuture$Delayer$DaemonThreadFactory
Event: 31.672 Loading class java/util/concurrent/CompletableFuture$Delayer$DaemonThreadFactory done
Event: 31.672 Loading class java/util/concurrent/CompletableFuture$UniWhenComplete
Event: 31.673 Loading class java/util/concurrent/CompletableFuture$UniCompletion
Event: 31.674 Loading class java/util/concurrent/CompletableFuture$UniCompletion done
Event: 31.674 Loading class java/util/concurrent/CompletableFuture$UniWhenComplete done
Event: 31.675 Loading class java/util/concurrent/CompletableFuture$UniExceptionally
Event: 31.676 Loading class java/util/concurrent/CompletableFuture$UniExceptionally done
Event: 31.676 Loading class java/util/concurrent/CompletableFuture$BiRelay
Event: 31.677 Loading class java/util/concurrent/CompletableFuture$BiCompletion
Event: 31.677 Loading class java/util/concurrent/CompletableFuture$BiCompletion done
Event: 31.677 Loading class java/util/concurrent/CompletableFuture$BiRelay done
Event: 31.677 Loading class java/util/concurrent/CompletableFuture$CoCompletion
Event: 31.677 Loading class java/util/concurrent/CompletableFuture$CoCompletion done
Event: 35.803 Loading class java/util/concurrent/locks/StampedLock$Node
Event: 35.805 Loading class java/util/concurrent/locks/StampedLock$Node done
Event: 1412.372 Loading class sun/invoke/util/VerifyAccess$1
Event: 1412.372 Loading class sun/invoke/util/VerifyAccess$1 done
Event: 1412.373 Loading class sun/security/ssl/Alert
Event: 1412.373 Loading class sun/security/ssl/Alert done
Event: 1412.373 Loading class sun/security/ssl/Alert$AlertConsumer
Event: 1412.374 Loading class sun/security/ssl/Alert$AlertConsumer done
Event: 1412.374 Loading class sun/security/ssl/Alert$Level
Event: 1412.374 Loading class sun/security/ssl/Alert$Level done

Classes unloaded (145 events):
Event: 51.996 Thread 0x00007fe948119f80 Unloading class 0x00007fe49832ac00 'java/lang/invoke/LambdaForm$DMH+0x00007fe49832ac00'
Event: 51.996 Thread 0x00007fe948119f80 Unloading class 0x00007fe498329800 'java/lang/invoke/LambdaForm$MH+0x00007fe498329800'
Event: 51.996 Thread 0x00007fe948119f80 Unloading class 0x00007fe498329400 'java/lang/invoke/LambdaForm$MH+0x00007fe498329400'
Event: 51.996 Thread 0x00007fe948119f80 Unloading class 0x00007fe498328c00 'java/lang/invoke/LambdaForm$MH+0x00007fe498328c00'
Event: 51.996 Thread 0x00007fe948119f80 Unloading class 0x00007fe498328800 'java/lang/invoke/LambdaForm$MH+0x00007fe498328800'
Event: 475.180 Thread 0x00007fe948119f80 Unloading class 0x00007fe498318c00 'java/lang/invoke/LambdaForm$MH+0x00007fe498318c00'
Event: 475.180 Thread 0x00007fe948119f80 Unloading class 0x00007fe498318800 'java/lang/invoke/LambdaForm$MH+0x00007fe498318800'
Event: 475.180 Thread 0x00007fe948119f80 Unloading class 0x00007fe498315c00 'java/lang/invoke/LambdaForm$MH+0x00007fe498315c00'
Event: 475.180 Thread 0x00007fe948119f80 Unloading class 0x00007fe498314000 'java/lang/invoke/LambdaForm$MH+0x00007fe498314000'
Event: 475.180 Thread 0x00007fe948119f80 Unloading class 0x00007fe498313800 'java/lang/invoke/LambdaForm$DMH+0x00007fe498313800'
Event: 475.180 Thread 0x00007fe948119f80 Unloading class 0x00007fe498312c00 'java/lang/invoke/LambdaForm$DMH+0x00007fe498312c00'
Event: 475.180 Thread 0x00007fe948119f80 Unloading class 0x00007fe498311800 'java/lang/invoke/LambdaForm$MH+0x00007fe498311800'
Event: 475.180 Thread 0x00007fe948119f80 Unloading class 0x00007fe498311000 'java/lang/invoke/LambdaForm$DMH+0x00007fe498311000'
Event: 475.180 Thread 0x00007fe948119f80 Unloading class 0x00007fe49830b800 'java/lang/invoke/LambdaForm$MH+0x00007fe49830b800'
Event: 475.180 Thread 0x00007fe948119f80 Unloading class 0x00007fe49830b400 'java/lang/invoke/LambdaForm$MH+0x00007fe49830b400'
Event: 475.180 Thread 0x00007fe948119f80 Unloading class 0x00007fe49830b000 'java/lang/invoke/LambdaForm$MH+0x00007fe49830b000'
Event: 475.180 Thread 0x00007fe948119f80 Unloading class 0x00007fe49830ac00 'java/lang/invoke/LambdaForm$MH+0x00007fe49830ac00'
Event: 475.180 Thread 0x00007fe948119f80 Unloading class 0x00007fe49830a000 'java/lang/invoke/LambdaForm$MH+0x00007fe49830a000'
Event: 475.180 Thread 0x00007fe948119f80 Unloading class 0x00007fe498309c00 'java/lang/invoke/LambdaForm$MH+0x00007fe498309c00'
Event: 475.180 Thread 0x00007fe948119f80 Unloading class 0x00007fe498309800 'java/lang/invoke/LambdaForm$MH+0x00007fe498309800'
Event: 475.180 Thread 0x00007fe948119f80 Unloading class 0x00007fe498308400 'java/lang/invoke/LambdaForm$MH+0x00007fe498308400'
Event: 475.180 Thread 0x00007fe948119f80 Unloading class 0x00007fe498308000 'java/lang/invoke/LambdaForm$MH+0x00007fe498308000'
Event: 475.180 Thread 0x00007fe948119f80 Unloading class 0x00007fe498307c00 'java/lang/invoke/LambdaForm$MH+0x00007fe498307c00'
Event: 475.180 Thread 0x00007fe948119f80 Unloading class 0x00007fe498307800 'java/lang/invoke/LambdaForm$MH+0x00007fe498307800'
Event: 475.180 Thread 0x00007fe948119f80 Unloading class 0x00007fe498306c00 'java/lang/invoke/LambdaForm$MH+0x00007fe498306c00'
Event: 475.180 Thread 0x00007fe948119f80 Unloading class 0x00007fe498306800 'java/lang/invoke/LambdaForm$MH+0x00007fe498306800'
Event: 475.180 Thread 0x00007fe948119f80 Unloading class 0x00007fe498306400 'java/lang/invoke/LambdaForm$MH+0x00007fe498306400'
Event: 475.180 Thread 0x00007fe948119f80 Unloading class 0x00007fe498305000 'java/lang/invoke/LambdaForm$MH+0x00007fe498305000'
Event: 475.180 Thread 0x00007fe948119f80 Unloading class 0x00007fe498304000 'java/lang/invoke/LambdaForm$MH+0x00007fe498304000'
Event: 475.180 Thread 0x00007fe948119f80 Unloading class 0x00007fe498303c00 'java/lang/invoke/LambdaForm$MH+0x00007fe498303c00'
Event: 475.180 Thread 0x00007fe948119f80 Unloading class 0x00007fe498302c00 'java/lang/invoke/LambdaForm$MH+0x00007fe498302c00'
Event: 475.180 Thread 0x00007fe948119f80 Unloading class 0x00007fe498302400 'java/lang/invoke/LambdaForm$MH+0x00007fe498302400'
Event: 475.180 Thread 0x00007fe948119f80 Unloading class 0x00007fe498302000 'java/lang/invoke/LambdaForm$MH+0x00007fe498302000'
Event: 475.180 Thread 0x00007fe948119f80 Unloading class 0x00007fe498301c00 'java/lang/invoke/LambdaForm$MH+0x00007fe498301c00'
Event: 475.180 Thread 0x00007fe948119f80 Unloading class 0x00007fe498301800 'java/lang/invoke/LambdaForm$MH+0x00007fe498301800'
Event: 475.180 Thread 0x00007fe948119f80 Unloading class 0x00007fe498300c00 'java/lang/invoke/LambdaForm$MH+0x00007fe498300c00'
Event: 475.180 Thread 0x00007fe948119f80 Unloading class 0x00007fe498300800 'java/lang/invoke/LambdaForm$MH+0x00007fe498300800'
Event: 475.180 Thread 0x00007fe948119f80 Unloading class 0x00007fe498300400 'java/lang/invoke/LambdaForm$MH+0x00007fe498300400'
Event: 475.180 Thread 0x00007fe948119f80 Unloading class 0x00007fe4982bf800 'java/lang/invoke/LambdaForm$MH+0x00007fe4982bf800'
Event: 475.180 Thread 0x00007fe948119f80 Unloading class 0x00007fe4982be800 'java/lang/invoke/LambdaForm$MH+0x00007fe4982be800'
Event: 475.180 Thread 0x00007fe948119f80 Unloading class 0x00007fe4982be400 'java/lang/invoke/LambdaForm$MH+0x00007fe4982be400'
Event: 475.180 Thread 0x00007fe948119f80 Unloading class 0x00007fe4982bcc00 'java/lang/invoke/LambdaForm$MH+0x00007fe4982bcc00'
Event: 475.180 Thread 0x00007fe948119f80 Unloading class 0x00007fe4982bc400 'java/lang/invoke/LambdaForm$MH+0x00007fe4982bc400'
Event: 475.180 Thread 0x00007fe948119f80 Unloading class 0x00007fe4982bc000 'java/lang/invoke/LambdaForm$MH+0x00007fe4982bc000'
Event: 475.180 Thread 0x00007fe948119f80 Unloading class 0x00007fe4982bbc00 'java/lang/invoke/LambdaForm$MH+0x00007fe4982bbc00'
Event: 475.180 Thread 0x00007fe948119f80 Unloading class 0x00007fe4982bb000 'java/lang/invoke/LambdaForm$MH+0x00007fe4982bb000'
Event: 475.180 Thread 0x00007fe948119f80 Unloading class 0x00007fe4982bac00 'java/lang/invoke/LambdaForm$MH+0x00007fe4982bac00'
Event: 475.180 Thread 0x00007fe948119f80 Unloading class 0x00007fe4982ba800 'java/lang/invoke/LambdaForm$MH+0x00007fe4982ba800'
Event: 475.180 Thread 0x00007fe948119f80 Unloading class 0x00007fe4982ab000 'java/lang/invoke/LambdaForm$MH+0x00007fe4982ab000'
Event: 475.180 Thread 0x00007fe948119f80 Unloading class 0x00007fe4982a8000 'java/lang/invoke/LambdaForm$MH+0x00007fe4982a8000'
Event: 475.180 Thread 0x00007fe948119f80 Unloading class 0x00007fe4982a7c00 'java/lang/invoke/LambdaForm$MH+0x00007fe4982a7c00'
Event: 475.180 Thread 0x00007fe948119f80 Unloading class 0x00007fe4982a7400 'java/lang/invoke/LambdaForm$MH+0x00007fe4982a7400'
Event: 475.180 Thread 0x00007fe948119f80 Unloading class 0x00007fe4982a7000 'java/lang/invoke/LambdaForm$MH+0x00007fe4982a7000'
Event: 475.180 Thread 0x00007fe948119f80 Unloading class 0x00007fe4982a6c00 'java/lang/invoke/LambdaForm$MH+0x00007fe4982a6c00'
Event: 475.180 Thread 0x00007fe948119f80 Unloading class 0x00007fe4982a6000 'java/lang/invoke/LambdaForm$MH+0x00007fe4982a6000'
Event: 475.180 Thread 0x00007fe948119f80 Unloading class 0x00007fe4982a4c00 'java/lang/invoke/LambdaForm$MH+0x00007fe4982a4c00'
Event: 475.180 Thread 0x00007fe948119f80 Unloading class 0x00007fe4982a4800 'java/lang/invoke/LambdaForm$MH+0x00007fe4982a4800'
Event: 475.180 Thread 0x00007fe948119f80 Unloading class 0x00007fe498268400 'java/lang/invoke/LambdaForm$MH+0x00007fe498268400'
Event: 475.180 Thread 0x00007fe948119f80 Unloading class 0x00007fe498268000 'java/lang/invoke/LambdaForm$MH+0x00007fe498268000'
Event: 475.180 Thread 0x00007fe948119f80 Unloading class 0x00007fe498263000 'java/lang/invoke/LambdaForm$MH+0x00007fe498263000'
Event: 475.180 Thread 0x00007fe948119f80 Unloading class 0x00007fe498262c00 'java/lang/invoke/LambdaForm$MH+0x00007fe498262c00'
Event: 475.180 Thread 0x00007fe948119f80 Unloading class 0x00007fe498262800 'java/lang/invoke/LambdaForm$MH+0x00007fe498262800'
Event: 475.180 Thread 0x00007fe948119f80 Unloading class 0x00007fe498262400 'java/lang/invoke/LambdaForm$MH+0x00007fe498262400'
Event: 475.180 Thread 0x00007fe948119f80 Unloading class 0x00007fe498262000 'java/lang/invoke/LambdaForm$MH+0x00007fe498262000'
Event: 475.180 Thread 0x00007fe948119f80 Unloading class 0x00007fe498261c00 'java/lang/invoke/LambdaForm$BMH+0x00007fe498261c00'
Event: 475.180 Thread 0x00007fe948119f80 Unloading class 0x00007fe49824ac00 'java/lang/invoke/LambdaForm$MH+0x00007fe49824ac00'
Event: 475.180 Thread 0x00007fe948119f80 Unloading class 0x00007fe498249c00 'java/lang/invoke/LambdaForm$MH+0x00007fe498249c00'
Event: 475.180 Thread 0x00007fe948119f80 Unloading class 0x00007fe498249800 'java/lang/invoke/LambdaForm$MH+0x00007fe498249800'
Event: 475.180 Thread 0x00007fe948119f80 Unloading class 0x00007fe498249400 'java/lang/invoke/LambdaForm$MH+0x00007fe498249400'
Event: 475.180 Thread 0x00007fe948119f80 Unloading class 0x00007fe498248800 'java/lang/invoke/LambdaForm$MH+0x00007fe498248800'
Event: 475.180 Thread 0x00007fe948119f80 Unloading class 0x00007fe498248000 'java/lang/invoke/LambdaForm$MH+0x00007fe498248000'
Event: 475.180 Thread 0x00007fe948119f80 Unloading class 0x00007fe498246400 'java/lang/invoke/LambdaForm$MH+0x00007fe498246400'
Event: 475.180 Thread 0x00007fe948119f80 Unloading class 0x00007fe498246000 'java/lang/invoke/LambdaForm$MH+0x00007fe498246000'
Event: 475.180 Thread 0x00007fe948119f80 Unloading class 0x00007fe498245c00 'java/lang/invoke/LambdaForm$MH+0x00007fe498245c00'
Event: 475.180 Thread 0x00007fe948119f80 Unloading class 0x00007fe498244c00 'java/lang/invoke/LambdaForm$MH+0x00007fe498244c00'
Event: 475.180 Thread 0x00007fe948119f80 Unloading class 0x00007fe498244400 'java/lang/invoke/LambdaForm$MH+0x00007fe498244400'
Event: 475.180 Thread 0x00007fe948119f80 Unloading class 0x00007fe49823d000 'java/lang/invoke/LambdaForm$MH+0x00007fe49823d000'
Event: 475.180 Thread 0x00007fe948119f80 Unloading class 0x00007fe49823cc00 'java/lang/invoke/LambdaForm$MH+0x00007fe49823cc00'
Event: 475.180 Thread 0x00007fe948119f80 Unloading class 0x00007fe498232400 'java/lang/invoke/LambdaForm$MH+0x00007fe498232400'
Event: 475.180 Thread 0x00007fe948119f80 Unloading class 0x00007fe498231800 'java/lang/invoke/LambdaForm$MH+0x00007fe498231800'
Event: 475.180 Thread 0x00007fe948119f80 Unloading class 0x00007fe498231400 'java/lang/invoke/LambdaForm$MH+0x00007fe498231400'
Event: 475.180 Thread 0x00007fe948119f80 Unloading class 0x00007fe498231000 'java/lang/invoke/LambdaForm$MH+0x00007fe498231000'
Event: 475.180 Thread 0x00007fe948119f80 Unloading class 0x00007fe498230800 'java/lang/invoke/LambdaForm$MH+0x00007fe498230800'
Event: 475.180 Thread 0x00007fe948119f80 Unloading class 0x00007fe498230000 'java/lang/invoke/LambdaForm$MH+0x00007fe498230000'
Event: 475.180 Thread 0x00007fe948119f80 Unloading class 0x00007fe4981c1000 'java/lang/invoke/LambdaForm$MH+0x00007fe4981c1000'
Event: 475.180 Thread 0x00007fe948119f80 Unloading class 0x00007fe4981c0c00 'java/lang/invoke/LambdaForm$DMH+0x00007fe4981c0c00'
Event: 475.180 Thread 0x00007fe948119f80 Unloading class 0x00007fe4981c0000 'java/lang/invoke/LambdaForm$DMH+0x00007fe4981c0000'
Event: 475.180 Thread 0x00007fe948119f80 Unloading class 0x00007fe498140400 'java/lang/invoke/LambdaForm$MH+0x00007fe498140400'
Event: 475.180 Thread 0x00007fe948119f80 Unloading class 0x00007fe498088800 'java/lang/invoke/LambdaForm$MH+0x00007fe498088800'
Event: 475.180 Thread 0x00007fe948119f80 Unloading class 0x00007fe498088400 'java/lang/invoke/LambdaForm$MH+0x00007fe498088400'
Event: 475.180 Thread 0x00007fe948119f80 Unloading class 0x00007fe498081c00 'java/lang/invoke/LambdaForm$MH+0x00007fe498081c00'
Event: 475.180 Thread 0x00007fe948119f80 Unloading class 0x00007fe498081000 'java/lang/invoke/LambdaForm$MH+0x00007fe498081000'
Event: 475.180 Thread 0x00007fe948119f80 Unloading class 0x00007fe498080c00 'java/lang/invoke/LambdaForm$MH+0x00007fe498080c00'
Event: 475.180 Thread 0x00007fe948119f80 Unloading class 0x00007fe498080800 'java/lang/invoke/LambdaForm$MH+0x00007fe498080800'
Event: 475.180 Thread 0x00007fe948119f80 Unloading class 0x00007fe49803dc00 'java/lang/invoke/LambdaForm$MH+0x00007fe49803dc00'
Event: 475.180 Thread 0x00007fe948119f80 Unloading class 0x00007fe49803d000 'java/lang/invoke/LambdaForm$MH+0x00007fe49803d000'
Event: 475.180 Thread 0x00007fe948119f80 Unloading class 0x00007fe49802cc00 'java/lang/invoke/LambdaForm$MH+0x00007fe49802cc00'
Event: 475.180 Thread 0x00007fe948119f80 Unloading class 0x00007fe49802c800 'java/lang/invoke/LambdaForm$MH+0x00007fe49802c800'
Event: 475.180 Thread 0x00007fe948119f80 Unloading class 0x00007fe49802b400 'java/lang/invoke/LambdaForm$MH+0x00007fe49802b400'
Event: 475.180 Thread 0x00007fe948119f80 Unloading class 0x00007fe49802b000 'java/lang/invoke/LambdaForm$BMH+0x00007fe49802b000'
Event: 475.180 Thread 0x00007fe948119f80 Unloading class 0x00007fe49802a800 'java/lang/invoke/LambdaForm$MH+0x00007fe49802a800'
Event: 475.180 Thread 0x00007fe948119f80 Unloading class 0x00007fe498029000 'java/lang/invoke/LambdaForm$MH+0x00007fe498029000'
Event: 475.180 Thread 0x00007fe948119f80 Unloading class 0x00007fe498028c00 'java/lang/invoke/LambdaForm$BMH+0x00007fe498028c00'
Event: 475.180 Thread 0x00007fe948119f80 Unloading class 0x00007fe498028400 'java/lang/invoke/LambdaForm$MH+0x00007fe498028400'
Event: 475.180 Thread 0x00007fe948119f80 Unloading class 0x00007fe498028000 'java/lang/invoke/LambdaForm$BMH+0x00007fe498028000'
Event: 475.180 Thread 0x00007fe948119f80 Unloading class 0x00007fe498026c00 'java/lang/invoke/LambdaForm$MH+0x00007fe498026c00'
Event: 475.180 Thread 0x00007fe948119f80 Unloading class 0x00007fe49801c000 'java/lang/invoke/LambdaForm$MH+0x00007fe49801c000'
Event: 502.424 Thread 0x00007fe948119f80 Unloading class 0x00007fe49832a000 'java/lang/invoke/LambdaForm$MH+0x00007fe49832a000'
Event: 502.424 Thread 0x00007fe948119f80 Unloading class 0x00007fe498329000 'java/lang/invoke/LambdaForm$MH+0x00007fe498329000'
Event: 502.424 Thread 0x00007fe948119f80 Unloading class 0x00007fe498328400 'java/lang/invoke/LambdaForm$MH+0x00007fe498328400'
Event: 502.424 Thread 0x00007fe948119f80 Unloading class 0x00007fe498328000 'java/lang/invoke/LambdaForm$MH+0x00007fe498328000'
Event: 502.424 Thread 0x00007fe948119f80 Unloading class 0x00007fe4982b9800 'java/lang/invoke/LambdaForm$MH+0x00007fe4982b9800'
Event: 502.424 Thread 0x00007fe948119f80 Unloading class 0x00007fe4982b8c00 'java/lang/invoke/LambdaForm$MH+0x00007fe4982b8c00'
Event: 502.424 Thread 0x00007fe948119f80 Unloading class 0x00007fe4982b8800 'java/lang/invoke/LambdaForm$MH+0x00007fe4982b8800'
Event: 502.424 Thread 0x00007fe948119f80 Unloading class 0x00007fe4982b8000 'java/lang/invoke/LambdaForm$MH+0x00007fe4982b8000'
Event: 502.424 Thread 0x00007fe948119f80 Unloading class 0x00007fe4982b3c00 'java/lang/invoke/LambdaForm$MH+0x00007fe4982b3c00'
Event: 502.424 Thread 0x00007fe948119f80 Unloading class 0x00007fe4982b3800 'java/lang/invoke/LambdaForm$MH+0x00007fe4982b3800'
Event: 502.424 Thread 0x00007fe948119f80 Unloading class 0x00007fe4982b2c00 'java/lang/invoke/LambdaForm$MH+0x00007fe4982b2c00'
Event: 502.424 Thread 0x00007fe948119f80 Unloading class 0x00007fe4982b2400 'java/lang/invoke/LambdaForm$MH+0x00007fe4982b2400'
Event: 502.424 Thread 0x00007fe948119f80 Unloading class 0x00007fe4982b1c00 'java/lang/invoke/LambdaForm$MH+0x00007fe4982b1c00'
Event: 502.424 Thread 0x00007fe948119f80 Unloading class 0x00007fe4982b1800 'java/lang/invoke/LambdaForm$MH+0x00007fe4982b1800'
Event: 502.424 Thread 0x00007fe948119f80 Unloading class 0x00007fe4982b0800 'java/lang/invoke/LambdaForm$MH+0x00007fe4982b0800'
Event: 502.424 Thread 0x00007fe948119f80 Unloading class 0x00007fe4982b0400 'java/lang/invoke/LambdaForm$MH+0x00007fe4982b0400'
Event: 502.424 Thread 0x00007fe948119f80 Unloading class 0x00007fe4982b0000 'java/lang/invoke/LambdaForm$MH+0x00007fe4982b0000'
Event: 502.424 Thread 0x00007fe948119f80 Unloading class 0x00007fe4982aac00 'java/lang/invoke/LambdaForm$MH+0x00007fe4982aac00'
Event: 502.424 Thread 0x00007fe948119f80 Unloading class 0x00007fe4982aa800 'java/lang/invoke/LambdaForm$MH+0x00007fe4982aa800'
Event: 502.424 Thread 0x00007fe948119f80 Unloading class 0x00007fe4982a9800 'java/lang/invoke/LambdaForm$MH+0x00007fe4982a9800'
Event: 502.424 Thread 0x00007fe948119f80 Unloading class 0x00007fe49802f800 'java/lang/invoke/LambdaForm$MH+0x00007fe49802f800'
Event: 502.424 Thread 0x00007fe948119f80 Unloading class 0x00007fe49802f000 'java/lang/invoke/LambdaForm$MH+0x00007fe49802f000'
Event: 502.424 Thread 0x00007fe948119f80 Unloading class 0x00007fe49802e800 'java/lang/invoke/LambdaForm$MH+0x00007fe49802e800'
Event: 502.424 Thread 0x00007fe948119f80 Unloading class 0x00007fe49802e000 'java/lang/invoke/LambdaForm$MH+0x00007fe49802e000'
Event: 529.191 Thread 0x00007fe948119f80 Unloading class 0x00007fe498332400 'java/lang/invoke/LambdaForm$MH+0x00007fe498332400'
Event: 529.191 Thread 0x00007fe948119f80 Unloading class 0x00007fe498331800 'java/lang/invoke/LambdaForm$MH+0x00007fe498331800'
Event: 529.191 Thread 0x00007fe948119f80 Unloading class 0x00007fe498331400 'java/lang/invoke/LambdaForm$MH+0x00007fe498331400'
Event: 529.191 Thread 0x00007fe948119f80 Unloading class 0x00007fe498331000 'java/lang/invoke/LambdaForm$MH+0x00007fe498331000'
Event: 529.191 Thread 0x00007fe948119f80 Unloading class 0x00007fe498330c00 'java/lang/invoke/LambdaForm$MH+0x00007fe498330c00'
Event: 529.191 Thread 0x00007fe948119f80 Unloading class 0x00007fe498329400 'java/lang/invoke/LambdaForm$MH+0x00007fe498329400'
Event: 529.191 Thread 0x00007fe948119f80 Unloading class 0x00007fe498329800 'java/lang/invoke/LambdaForm$MH+0x00007fe498329800'
Event: 529.191 Thread 0x00007fe948119f80 Unloading class 0x00007fe49832ac00 'java/lang/invoke/LambdaForm$MH+0x00007fe49832ac00'
Event: 529.191 Thread 0x00007fe948119f80 Unloading class 0x00007fe4982bf000 'java/lang/invoke/LambdaForm$MH+0x00007fe4982bf000'
Event: 529.191 Thread 0x00007fe948119f80 Unloading class 0x00007fe4982aa000 'java/lang/invoke/LambdaForm$MH+0x00007fe4982aa000'
Event: 529.191 Thread 0x00007fe948119f80 Unloading class 0x00007fe4982a5400 'java/lang/invoke/LambdaForm$MH+0x00007fe4982a5400'
Event: 529.191 Thread 0x00007fe948119f80 Unloading class 0x00007fe498263c00 'java/lang/invoke/LambdaForm$MH+0x00007fe498263c00'
Event: 1953.041 Thread 0x00007fe948119f80 Unloading class 0x00007fe498332400 'java/lang/invoke/LambdaForm$MH+0x00007fe498332400'
Event: 3506.202 Thread 0x00007fe948119f80 Unloading class 0x00007fe498332400 'java/lang/invoke/LambdaForm$MH+0x00007fe498332400'

Classes redefined (0 events):
No events

Internal exceptions (99 events):
Event: 0.142 Thread 0x00007fe9480c8e10 Exception <a 'java/lang/NoSuchMethodError'{0x0000040001225d08}: 'void java.lang.invoke.DirectMethodHandle$Holder.invokeStatic(java.lang.Object, java.lang.Object, java.lang.Object)'> (0x0000040001225d08) 
thrown [src/hotspot/share/interpreter/linkResolver.cpp, line 772]
Event: 0.222 Thread 0x00007fe9480c8e10 Exception <a 'java/lang/NoSuchMethodError'{0x000004000167c6a0}: 'java.lang.Object java.lang.invoke.DirectMethodHandle$Holder.invokeVirtual(java.lang.Object, java.lang.Object, java.lang.Object)'> (0x000004000167c6a0) 
thrown [src/hotspot/share/interpreter/linkResolver.cpp, line 772]
Event: 0.232 Thread 0x00007fe9480c8e10 Exception <a 'java/lang/NoSuchMethodError'{0x00000400016f4b48}: 'int java.lang.invoke.Invokers$Holder.invokeExact_MT(java.lang.Object, java.lang.Object)'> (0x00000400016f4b48) 
thrown [src/hotspot/share/interpreter/linkResolver.cpp, line 772]
Event: 0.233 Thread 0x00007fe9480c8e10 Exception <a 'java/lang/NoSuchMethodError'{0x00000400016f9dc0}: 'void java.lang.invoke.DirectMethodHandle$Holder.invokeSpecial(java.lang.Object, java.lang.Object, int)'> (0x00000400016f9dc0) 
thrown [src/hotspot/share/interpreter/linkResolver.cpp, line 772]
Event: 0.233 Thread 0x00007fe9480c8e10 Exception <a 'java/lang/NoSuchMethodError'{0x00000400016fddb0}: 'void java.lang.invoke.Invokers$Holder.invokeExact_MT(java.lang.Object, int, java.lang.Object)'> (0x00000400016fddb0) 
thrown [src/hotspot/share/interpreter/linkResolver.cpp, line 772]
Event: 0.237 Thread 0x00007fe9480c8e10 Exception <a 'java/lang/NoSuchMethodError'{0x0000040001721698}: 'void java.lang.invoke.Invokers$Holder.invokeExact_MT(java.lang.Object, java.lang.Object, java.lang.Object, java.lang.Object)'> (0x0000040001721698) 
thrown [src/hotspot/share/interpreter/linkResolver.cpp, line 772]
Event: 0.238 Thread 0x00007fe9480c8e10 Exception <a 'java/lang/NoSuchMethodError'{0x00000400017305a8}: 'long java.lang.invoke.DelegatingMethodHandle$Holder.reinvoke_L(java.lang.Object, java.lang.Object)'> (0x00000400017305a8) 
thrown [src/hotspot/share/interpreter/linkResolver.cpp, line 772]
Event: 0.240 Thread 0x00007fe9480c8e10 Exception <a 'java/lang/NoSuchMethodError'{0x000004000173ce10}: 'void java.lang.invoke.DelegatingMethodHandle$Holder.reinvoke_L(java.lang.Object, java.lang.Object, long)'> (0x000004000173ce10) 
thrown [src/hotspot/share/interpreter/linkResolver.cpp, line 772]
Event: 0.241 Thread 0x00007fe9480c8e10 Exception <a 'java/lang/NoSuchMethodError'{0x0000040001785328}: 'long java.lang.invoke.Invokers$Holder.invokeExact_MT(java.lang.Object, java.lang.Object, java.lang.Object)'> (0x0000040001785328) 
thrown [src/hotspot/share/interpreter/linkResolver.cpp, line 772]
Event: 0.244 Thread 0x00007fe9480c8e10 Exception <a 'java/lang/NoSuchMethodError'{0x0000040001798cb0}: 'int java.lang.invoke.DirectMethodHandle$Holder.invokeSpecial(java.lang.Object, java.lang.Object, java.lang.Object)'> (0x0000040001798cb0) 
thrown [src/hotspot/share/interpreter/linkResolver.cpp, line 772]
Event: 0.246 Thread 0x00007fe9480c8e10 Exception <a 'java/lang/NoSuchMethodError'{0x00000400017a6290}: 'void java.lang.invoke.DelegatingMethodHandle$Holder.reinvoke_L(java.lang.Object, java.lang.Object, int)'> (0x00000400017a6290) 
thrown [src/hotspot/share/interpreter/linkResolver.cpp, line 772]
Event: 0.250 Thread 0x00007fe9480c8e10 Exception <a 'java/lang/NoSuchMethodError'{0x00000400017ae520}: 'int java.lang.invoke.Invokers$Holder.invokeExact_MT(java.lang.Object, java.lang.Object, java.lang.Object)'> (0x00000400017ae520) 
thrown [src/hotspot/share/interpreter/linkResolver.cpp, line 772]
Event: 0.302 Thread 0x00007fe9480c8e10 Exception <a 'java/lang/NoSuchMethodError'{0x00000400018d69e8}: 'java.lang.Object java.lang.invoke.DirectMethodHandle$Holder.invokeVirtual(java.lang.Object, java.lang.Object, java.lang.Object, java.lang.Object)'> (0x00000400018d69e8) 
thrown [src/hotspot/share/interpreter/linkResolver.cpp, line 772]
Event: 0.312 Thread 0x00007fe9480c8e10 Exception <a 'java/lang/NoSuchMethodError'{0x0000040001922178}: 'int java.lang.invoke.DirectMethodHandle$Holder.invokeStatic(java.lang.Object)'> (0x0000040001922178) 
thrown [src/hotspot/share/interpreter/linkResolver.cpp, line 772]
Event: 0.314 Thread 0x00007fe9480c8e10 Exception <a 'java/lang/NoSuchMethodError'{0x000004000193a670}: 'void java.lang.invoke.DirectMethodHandle$Holder.invokeSpecial(java.lang.Object, java.lang.Object, java.lang.Object)'> (0x000004000193a670) 
thrown [src/hotspot/share/interpreter/linkResolver.cpp, line 772]
Event: 0.317 Thread 0x00007fe9480c8e10 Exception <a 'java/lang/NoSuchMethodError'{0x00000400019b75f0}: 'java.lang.Object java.lang.invoke.Invokers$Holder.invoke_MT(java.lang.Object, java.lang.Object, java.lang.Object, java.lang.Object, java.lang.Object)'> (0x00000400019b75f0) 
thrown [src/hotspot/share/interpreter/linkResolver.cpp, line 772]
Event: 0.319 Thread 0x00007fe9480c8e10 Exception <a 'java/lang/NoSuchMethodError'{0x00000400019ead38}: 'int java.lang.invoke.Invokers$Holder.linkToTargetMethod(java.lang.Object, java.lang.Object, java.lang.Object)'> (0x00000400019ead38) 
thrown [src/hotspot/share/interpreter/linkResolver.cpp, line 772]
Event: 0.320 Thread 0x00007fe9480c8e10 Exception <a 'java/lang/NoSuchMethodError'{0x00000400019f3ad8}: 'int java.lang.invoke.DirectMethodHandle$Holder.invokeVirtual(java.lang.Object, java.lang.Object)'> (0x00000400019f3ad8) 
thrown [src/hotspot/share/interpreter/linkResolver.cpp, line 772]
Event: 0.374 Thread 0x00007fe450001920 Exception <a 'java/lang/NoSuchMethodError'{0x0000040001bdf560}: method resolution failed> (0x0000040001bdf560) 
thrown [src/hotspot/share/prims/methodHandles.cpp, line 1136]
Event: 0.380 Thread 0x00007fe450001920 Exception <a 'java/lang/NoSuchMethodError'{0x0000040001be62c8}: 'java.lang.Object java.lang.invoke.DirectMethodHandle$Holder.invokeStatic(java.lang.Object, java.lang.Object, int)'> (0x0000040001be62c8) 
thrown [src/hotspot/share/interpreter/linkResolver.cpp, line 772]
Event: 0.380 Thread 0x00007fe450001920 Exception <a 'java/lang/NoSuchMethodError'{0x0000040001beb300}: 'void java.lang.invoke.DirectMethodHandle$Holder.invokeStatic(java.lang.Object, java.lang.Object, int, java.lang.Object)'> (0x0000040001beb300) 
thrown [src/hotspot/share/interpreter/linkResolver.cpp, line 772]
Event: 0.381 Thread 0x00007fe450001920 Exception <a 'java/lang/NoSuchMethodError'{0x0000040001bf4490}: 'void java.lang.invoke.DelegatingMethodHandle$Holder.delegate(java.lang.Object, java.lang.Object, int, java.lang.Object)'> (0x0000040001bf4490) 
thrown [src/hotspot/share/interpreter/linkResolver.cpp, line 772]
Event: 0.382 Thread 0x00007fe450001920 Exception <a 'java/lang/NoSuchMethodError'{0x0000040001c84e50}: 'java.lang.Object java.lang.invoke.Invokers$Holder.invokeExact_MT(java.lang.Object, java.lang.Object, java.lang.Object, java.lang.Object, java.lang.Object)'> (0x0000040001c84e50) 
thrown [src/hotspot/share/interpreter/linkResolver.cpp, line 772]
Event: 0.386 Thread 0x00007fe450001920 Exception <a 'java/lang/NoSuchMethodError'{0x0000040001c8e7f8}: 'void java.lang.invoke.DirectMethodHandle$Holder.invokeStatic(java.lang.Object, java.lang.Object, java.lang.Object, java.lang.Object)'> (0x0000040001c8e7f8) 
thrown [src/hotspot/share/interpreter/linkResolver.cpp, line 772]
Event: 0.399 Thread 0x00007fe44401c5e0 Exception <a 'java/lang/NoSuchMethodError'{0x0000040001d842f0}: 'int java.lang.invoke.DirectMethodHandle$Holder.invokeStatic(java.lang.Object, java.lang.Object, java.lang.Object, java.lang.Object)'> (0x0000040001d842f0) 
thrown [src/hotspot/share/interpreter/linkResolver.cpp, line 772]
Event: 0.399 Thread 0x00007fe44401c5e0 Exception <a 'java/lang/NoSuchMethodError'{0x0000040001d883a8}: 'int java.lang.invoke.DirectMethodHandle$Holder.invokeStaticInit(java.lang.Object, java.lang.Object, java.lang.Object, java.lang.Object)'> (0x0000040001d883a8) 
thrown [src/hotspot/share/interpreter/linkResolver.cpp, line 772]
Event: 0.402 Thread 0x00007fe44401c5e0 Exception <a 'java/lang/NoSuchMethodError'{0x0000040001d93260}: 'java.lang.Object java.lang.invoke.DirectMethodHandle$Holder.invokeInterface(java.lang.Object, java.lang.Object)'> (0x0000040001d93260) 
thrown [src/hotspot/share/interpreter/linkResolver.cpp, line 772]
Event: 0.402 Thread 0x00007fe44401c5e0 Exception <a 'java/lang/IncompatibleClassChangeError'{0x0000040001d972e0}: Found class java.lang.Object, but interface was expected> (0x0000040001d972e0) 
thrown [src/hotspot/share/interpreter/linkResolver.cpp, line 840]
Event: 0.402 Thread 0x00007fe44401c5e0 Exception <a 'java/lang/NoSuchMethodError'{0x0000040001d9a900}: 'void java.lang.invoke.DirectMethodHandle$Holder.invokeStatic(java.lang.Object, java.lang.Object)'> (0x0000040001d9a900) 
thrown [src/hotspot/share/interpreter/linkResolver.cpp, line 772]
Event: 0.402 Thread 0x00007fe44401c5e0 Exception <a 'java/lang/NoSuchMethodError'{0x0000040001d9e978}: 'void java.lang.invoke.DirectMethodHandle$Holder.invokeStaticInit(java.lang.Object, java.lang.Object)'> (0x0000040001d9e978) 
thrown [src/hotspot/share/interpreter/linkResolver.cpp, line 772]
Event: 0.402 Thread 0x00007fe44401c5e0 Exception <a 'java/lang/NoSuchMethodError'{0x0000040001da5870}: 'int java.lang.invoke.DirectMethodHandle$Holder.invokeStaticInit(java.lang.Object, java.lang.Object)'> (0x0000040001da5870) 
thrown [src/hotspot/share/interpreter/linkResolver.cpp, line 772]
Event: 0.449 Thread 0x00007fe9480c8e10 Exception <a 'java/lang/NoSuchMethodError'{0x0000040001f2ac18}: 'java.lang.Object java.lang.invoke.DirectMethodHandle$Holder.invokeSpecial(java.lang.Object, java.lang.Object, java.lang.Object, java.lang.Object, int)'> (0x0000040001f2ac18) 
thrown [src/hotspot/share/interpreter/linkResolver.cpp, line 772]
Event: 0.450 Thread 0x00007fe9480c8e10 Exception <a 'java/lang/NoSuchMethodError'{0x0000040001f33868}: 'java.lang.Object java.lang.invoke.Invokers$Holder.invokeExact_MT(java.lang.Object, java.lang.Object, int, java.lang.Object)'> (0x0000040001f33868) 
thrown [src/hotspot/share/interpreter/linkResolver.cpp, line 772]
Event: 0.453 Thread 0x00007fe9480c8e10 Exception <a 'java/lang/NoSuchMethodError'{0x0000040001f3ccd0}: 'java.lang.Object java.lang.invoke.DirectMethodHandle$Holder.invokeVirtual(java.lang.Object, java.lang.Object, int, int)'> (0x0000040001f3ccd0) 
thrown [src/hotspot/share/interpreter/linkResolver.cpp, line 772]
Event: 0.454 Thread 0x00007fe9480c8e10 Exception <a 'java/lang/NoSuchMethodError'{0x0000040001f983d8}: 'void java.lang.invoke.Invokers$Holder.invokeExact_MT(java.lang.Object, java.lang.Object, java.lang.Object)'> (0x0000040001f983d8) 
thrown [src/hotspot/share/interpreter/linkResolver.cpp, line 772]
Event: 0.455 Thread 0x00007fe9480c8e10 Exception <a 'java/lang/NoSuchMethodError'{0x0000040001f9d350}: 'java.lang.Object java.lang.invoke.DirectMethodHandle$Holder.invokeStaticInit(java.lang.Object, java.lang.Object, java.lang.Object, java.lang.Object)'> (0x0000040001f9d350) 
thrown [src/hotspot/share/interpreter/linkResolver.cpp, line 772]
Event: 0.467 Thread 0x00007fe9480c8e10 Exception <a 'java/lang/NoSuchMethodError'{0x0000040001faf538}: 'java.lang.Object java.lang.invoke.DirectMethodHandle$Holder.invokeStaticInit(java.lang.Object, java.lang.Object, java.lang.Object)'> (0x0000040001faf538) 
thrown [src/hotspot/share/interpreter/linkResolver.cpp, line 772]
Event: 0.583 Thread 0x00007fe9480c8e10 Exception <a 'java/lang/NoSuchMethodError'{0x000004000252ca40}: 'void java.lang.invoke.DirectMethodHandle$Holder.invokeVirtual(java.lang.Object, java.lang.Object)'> (0x000004000252ca40) 
thrown [src/hotspot/share/interpreter/linkResolver.cpp, line 772]
Event: 0.674 Thread 0x00007fe9480c8e10 Exception <a 'java/lang/NoSuchMethodError'{0x0000040002b48ec8}: 'int java.lang.invoke.DirectMethodHandle$Holder.invokeStaticInit(java.lang.Object, java.lang.Object, java.lang.Object)'> (0x0000040002b48ec8) 
thrown [src/hotspot/share/interpreter/linkResolver.cpp, line 772]
Event: 0.722 Thread 0x00007fe9480c8e10 Exception <a 'java/lang/NoSuchMethodError'{0x0000040002d82f60}: 'java.lang.Object java.lang.invoke.DirectMethodHandle$Holder.invokeStatic(java.lang.Object, long, java.lang.Object)'> (0x0000040002d82f60) 
thrown [src/hotspot/share/interpreter/linkResolver.cpp, line 772]
Event: 0.722 Thread 0x00007fe9480c8e10 Exception <a 'java/lang/NoSuchMethodError'{0x0000040002d87428}: 'java.lang.Object java.lang.invoke.DirectMethodHandle$Holder.invokeStaticInit(java.lang.Object, long, java.lang.Object)'> (0x0000040002d87428) 
thrown [src/hotspot/share/interpreter/linkResolver.cpp, line 772]
Event: 0.724 Thread 0x00007fe9480c8e10 Exception <a 'java/lang/NoSuchMethodError'{0x0000040002d8e008}: 'java.lang.Object java.lang.invoke.DirectMethodHandle$Holder.newInvokeSpecial(java.lang.Object, long)'> (0x0000040002d8e008) 
thrown [src/hotspot/share/interpreter/linkResolver.cpp, line 772]
Event: 0.726 Thread 0x00007fe9480c8e10 Exception <a 'java/lang/NoSuchMethodError'{0x0000040002d932f0}: 'long java.lang.invoke.DirectMethodHandle$Holder.invokeInterface(java.lang.Object, java.lang.Object)'> (0x0000040002d932f0) 
thrown [src/hotspot/share/interpreter/linkResolver.cpp, line 772]
Event: 0.762 Thread 0x00007fe44401c5e0 Exception <a 'java/lang/NoSuchMethodError'{0x0000040003004f20}: 'java.lang.Object java.lang.invoke.DirectMethodHandle$Holder.newInvokeSpecial(java.lang.Object, java.lang.Object, java.lang.Object, int)'> (0x0000040003004f20) 
thrown [src/hotspot/share/interpreter/linkResolver.cpp, line 772]
Event: 0.766 Thread 0x00007fe44401c5e0 Exception <a 'java/lang/NoSuchMethodError'{0x0000040003009630}: 'java.lang.Object java.lang.invoke.Invokers$Holder.linkToTargetMethod(java.lang.Object, java.lang.Object, int, java.lang.Object)'> (0x0000040003009630) 
thrown [src/hotspot/share/interpreter/linkResolver.cpp, line 772]
Event: 0.779 Thread 0x00007fe44401c5e0 Exception <a 'java/lang/NoSuchMethodError'{0x00000400031a4618}: 'java.lang.Object java.lang.invoke.DirectMethodHandle$Holder.invokeSpecialIFC(java.lang.Object, java.lang.Object, java.lang.Object, java.lang.Object)'> (0x00000400031a4618) 
thrown [src/hotspot/share/interpreter/linkResolver.cpp, line 772]
Event: 0.780 Thread 0x00007fe9480c8e10 Exception <a 'java/lang/NoSuchMethodError'{0x0000040003228a60}: 'void java.lang.invoke.DirectMethodHandle$Holder.invokeStaticInit(java.lang.Object)'> (0x0000040003228a60) 
thrown [src/hotspot/share/interpreter/linkResolver.cpp, line 772]
Event: 0.792 Thread 0x00007fe44401c5e0 Exception <a 'java/lang/NoSuchMethodError'{0x0000040003526fa8}: 'int java.lang.invoke.DirectMethodHandle$Holder.invokeInterface(java.lang.Object, java.lang.Object, int)'> (0x0000040003526fa8) 
thrown [src/hotspot/share/interpreter/linkResolver.cpp, line 772]
Event: 0.792 Thread 0x00007fe44401c5e0 Exception <a 'java/lang/IncompatibleClassChangeError'{0x000004000352b398}: Found class java.lang.Object, but interface was expected> (0x000004000352b398) 
thrown [src/hotspot/share/interpreter/linkResolver.cpp, line 840]
Event: 0.794 Thread 0x00007fe9480c8e10 Exception <a 'java/lang/NoSuchMethodError'{0x0000040003566780}: 'java.lang.Object java.lang.invoke.DirectMethodHandle$Holder.newInvokeSpecial(java.lang.Object, java.lang.Object, java.lang.Object, java.lang.Object, java.lang.Object, java.lang.Object)'> (0x0000040003566780) 
thrown [src/hotspot/share/interpreter/linkResolver.cpp, line 772]
Event: 0.882 Thread 0x00007fe948588650 Exception <a 'java/lang/NoSuchMethodError'{0x0000040000150838}: 'void java.lang.invoke.DirectMethodHandle$Holder.invokeSpecial(java.lang.Object, java.lang.Object, java.lang.Object, java.lang.Object, java.lang.Object)'> (0x0000040000150838) 
thrown [src/hotspot/share/interpreter/linkResolver.cpp, line 772]
Event: 0.995 Thread 0x00007fe44402d6d0 Implicit null exception at 0x00007fe938240c0b to 0x00007fe9382414c4
Event: 1.007 Thread 0x00007fe44402d6d0 Implicit null exception at 0x00007fe938261963 to 0x00007fe9382623d4
Event: 1.022 Thread 0x00007fe948588650 Exception <a 'java/lang/NoSuchMethodError'{0x000004000211ecc0}: 'java.lang.Object java.lang.invoke.DirectMethodHandle$Holder.newInvokeSpecial(java.lang.Object, java.lang.Object, java.lang.Object, java.lang.Object, java.lang.Object)'> (0x000004000211ecc0) 
thrown [src/hotspot/share/interpreter/linkResolver.cpp, line 772]
Event: 1.119 Thread 0x00007fe948588650 Exception <a 'java/lang/NoSuchMethodError'{0x0000040002cc5d68}: 'long java.lang.invoke.DirectMethodHandle$Holder.invokeVirtual(java.lang.Object, java.lang.Object)'> (0x0000040002cc5d68) 
thrown [src/hotspot/share/interpreter/linkResolver.cpp, line 772]
Event: 1.120 Thread 0x00007fe948588650 Exception <a 'java/lang/NoSuchMethodError'{0x0000040002ccd458}: 'java.lang.Object java.lang.invoke.Invokers$Holder.invokeExact_MT(java.lang.Object, java.lang.Object, java.lang.Object, java.lang.Object, java.lang.Object, java.lang.Object)'> (0x0000040002ccd458) 
thrown [src/hotspot/share/interpreter/linkResolver.cpp, line 772]
Event: 1.206 Thread 0x00007fe948588650 Implicit null exception at 0x00007fe9381d1920 to 0x00007fe9381d1eac
Event: 1.233 Thread 0x00007fe948588650 Implicit null exception at 0x00007fe9381dbda0 to 0x00007fe9381dc324
Event: 1.257 Thread 0x00007fe948588650 Exception <a 'java/lang/NoSuchMethodError'{0x0000040001339a30}: 'java.lang.Object java.lang.invoke.DirectMethodHandle$Holder.newInvokeSpecial(java.lang.Object, java.lang.Object, java.lang.Object, long)'> (0x0000040001339a30) 
thrown [src/hotspot/share/interpreter/linkResolver.cpp, line 772]
Event: 1.257 Thread 0x00007fe948588650 Exception <a 'java/lang/NoSuchMethodError'{0x000004000133ebd8}: 'java.lang.Object java.lang.invoke.DirectMethodHandle$Holder.invokeSpecial(java.lang.Object, java.lang.Object, java.lang.Object, java.lang.Object, long)'> (0x000004000133ebd8) 
thrown [src/hotspot/share/interpreter/linkResolver.cpp, line 772]
Event: 1.257 Thread 0x00007fe948588650 Exception <a 'java/lang/NoSuchMethodError'{0x0000040002a83d00}: 'java.lang.Object java.lang.invoke.Invokers$Holder.linkToTargetMethod(java.lang.Object, java.lang.Object, long, java.lang.Object)'> (0x0000040002a83d00) 
thrown [src/hotspot/share/interpreter/linkResolver.cpp, line 772]
Event: 1.308 Thread 0x00007fe9480c8e10 Exception <a 'java/lang/NoSuchMethodError'{0x0000040004c8a658}: 'java.lang.Object java.lang.invoke.DirectMethodHandle$Holder.newInvokeSpecial(java.lang.Object, int, java.lang.Object)'> (0x0000040004c8a658) 
thrown [src/hotspot/share/interpreter/linkResolver.cpp, line 772]
Event: 1.331 Thread 0x00007fe9480c8e10 Exception <a 'java/lang/NoSuchMethodError'{0x0000040004cdf290}: 'java.lang.Object java.lang.invoke.DirectMethodHandle$Holder.invokeSpecial(java.lang.Object, java.lang.Object, int, long)'> (0x0000040004cdf290) 
thrown [src/hotspot/share/interpreter/linkResolver.cpp, line 772]
Event: 1.336 Thread 0x00007fe9480c8e10 Exception <a 'java/lang/NoSuchMethodError'{0x0000040004d65d08}: 'java.lang.Object java.lang.invoke.Invokers$Holder.linkToTargetMethod(java.lang.Object, long, java.lang.Object)'> (0x0000040004d65d08) 
thrown [src/hotspot/share/interpreter/linkResolver.cpp, line 772]
Event: 1.350 Thread 0x00007fe9480c8e10 Exception <a 'java/lang/NoSuchMethodError'{0x0000040004e32a00}: 'void java.lang.invoke.DirectMethodHandle$Holder.invokeInterface(java.lang.Object, java.lang.Object)'> (0x0000040004e32a00) 
thrown [src/hotspot/share/interpreter/linkResolver.cpp, line 772]
Event: 1.365 Thread 0x00007fe9480c8e10 Exception <a 'java/lang/NoSuchMethodError'{0x0000040004f32fa0}: 'int java.lang.invoke.DirectMethodHandle$Holder.invokeSpecial(java.lang.Object, java.lang.Object, java.lang.Object, int)'> (0x0000040004f32fa0) 
thrown [src/hotspot/share/interpreter/linkResolver.cpp, line 772]
Event: 1.365 Thread 0x00007fe9480c8e10 Exception <a 'java/lang/NoSuchMethodError'{0x0000040004f88608}: 'java.lang.Object java.lang.invoke.DirectMethodHandle$Holder.invokeStatic(java.lang.Object, java.lang.Object, java.lang.Object, java.lang.Object, int)'> (0x0000040004f88608) 
thrown [src/hotspot/share/interpreter/linkResolver.cpp, line 772]
Event: 1.365 Thread 0x00007fe9480c8e10 Exception <a 'java/lang/NoSuchMethodError'{0x0000040004f91968}: 'long java.lang.invoke.DirectMethodHandle$Holder.invokeStatic(java.lang.Object, java.lang.Object, int)'> (0x0000040004f91968) 
thrown [src/hotspot/share/interpreter/linkResolver.cpp, line 772]
Event: 1.366 Thread 0x00007fe9480c8e10 Exception <a 'java/lang/NoSuchMethodError'{0x0000040004f9ee60}: 'java.lang.Object java.lang.invoke.DelegatingMethodHandle$Holder.reinvoke_L(java.lang.Object, int, long, java.lang.Object, java.lang.Object, int, java.lang.Object)'> (0x0000040004f9ee60) 
thrown [src/hotspot/share/interpreter/linkResolver.cpp, line 772]
Event: 1.492 Thread 0x00007fe948695390 Exception <a 'java/lang/NoSuchMethodError'{0x0000040005f18b98}: 'java.lang.Object java.lang.invoke.DirectMethodHandle$Holder.newInvokeSpecial(java.lang.Object, java.lang.Object, java.lang.Object, java.lang.Object, int)'> (0x0000040005f18b98) 
thrown [src/hotspot/share/interpreter/linkResolver.cpp, line 772]
Event: 1.493 Thread 0x00007fe948695390 Exception <a 'java/lang/NoSuchMethodError'{0x0000040005f1dfa0}: 'java.lang.Object java.lang.invoke.DirectMethodHandle$Holder.invokeSpecial(java.lang.Object, java.lang.Object, java.lang.Object, java.lang.Object, java.lang.Object, int)'> (0x0000040005f1dfa0) 
thrown [src/hotspot/share/interpreter/linkResolver.cpp, line 772]
Event: 1.493 Thread 0x00007fe948695390 Exception <a 'java/lang/NoSuchMethodError'{0x0000040005f22838}: 'java.lang.Object java.lang.invoke.Invokers$Holder.linkToTargetMethod(java.lang.Object, java.lang.Object, java.lang.Object, int, java.lang.Object)'> (0x0000040005f22838) 
thrown [src/hotspot/share/interpreter/linkResolver.cpp, line 772]
Event: 1.575 Thread 0x00007fe948695390 Exception <a 'java/lang/NoSuchMethodError'{0x00000400060c32d8}: 'void java.lang.invoke.DirectMethodHandle$Holder.invokeSpecial(java.lang.Object, java.lang.Object, long)'> (0x00000400060c32d8) 
thrown [src/hotspot/share/interpreter/linkResolver.cpp, line 772]
Event: 1.576 Thread 0x00007fe948695390 Exception <a 'java/lang/NoSuchMethodError'{0x00000400060c9c40}: 'java.lang.Object java.lang.invoke.DirectMethodHandle$Holder.newInvokeSpecial(java.lang.Object, java.lang.Object, long)'> (0x00000400060c9c40) 
thrown [src/hotspot/share/interpreter/linkResolver.cpp, line 772]
Event: 1.712 Thread 0x00007fe9480c8e10 Exception <a 'java/lang/NoSuchMethodError'{0x00000400062f8760}: 'java.lang.Object java.lang.invoke.DirectMethodHandle$Holder.invokeSpecial(java.lang.Object, java.lang.Object, long, int, long)'> (0x00000400062f8760) 
thrown [src/hotspot/share/interpreter/linkResolver.cpp, line 772]
Event: 1.772 Thread 0x00007fe9480c8e10 Exception <a 'java/lang/NoSuchMethodError'{0x00000400065c1f00}: 'java.lang.Object java.lang.invoke.DirectMethodHandle$Holder.invokeSpecial(java.lang.Object, java.lang.Object, int, java.lang.Object, int)'> (0x00000400065c1f00) 
thrown [src/hotspot/share/interpreter/linkResolver.cpp, line 772]
Event: 1.972 Thread 0x00007fe9480c8e10 Exception <a 'java/lang/NoSuchMethodError'{0x0000040003530860}: 'java.lang.Object java.lang.invoke.DirectMethodHandle$Holder.invokeSpecial(java.lang.Object, java.lang.Object, long, int, int)'> (0x0000040003530860) 
thrown [src/hotspot/share/interpreter/linkResolver.cpp, line 772]
Event: 2.249 Thread 0x00007fe948588650 Exception <a 'java/lang/NoSuchMethodError'{0x00000400036c4308}: 'java.lang.Object java.lang.invoke.DirectMethodHandle$Holder.invokeStaticInit(java.lang.Object, java.lang.Object, java.lang.Object, java.lang.Object, java.lang.Object)'> (0x00000400036c4308) 
thrown [src/hotspot/share/interpreter/linkResolver.cpp, line 772]
Event: 2.249 Thread 0x00007fe948588650 Exception <a 'java/lang/NoSuchMethodError'{0x00000400036c8dd8}: 'java.lang.Object java.lang.invoke.Invokers$Holder.invoke_MT(java.lang.Object, java.lang.Object, java.lang.Object, java.lang.Object, java.lang.Object, java.lang.Object)'> (0x00000400036c8dd8) 
thrown [src/hotspot/share/interpreter/linkResolver.cpp, line 772]
Event: 2.256 Thread 0x00007fe948588650 Exception <a 'java/lang/NoSuchMethodError'{0x00000400036e70b8}: 'int java.lang.invoke.DirectMethodHandle$Holder.invokeStaticInit(java.lang.Object, java.lang.Object, java.lang.Object, java.lang.Object, java.lang.Object)'> (0x00000400036e70b8) 
thrown [src/hotspot/share/interpreter/linkResolver.cpp, line 772]
Event: 2.257 Thread 0x00007fe948588650 Exception <a 'java/lang/NoSuchMethodError'{0x00000400036eb788}: 'int java.lang.invoke.DirectMethodHandle$Holder.invokeStaticInit(java.lang.Object, int)'> (0x00000400036eb788) 
thrown [src/hotspot/share/interpreter/linkResolver.cpp, line 772]
Event: 2.259 Thread 0x00007fe948588650 Exception <a 'java/lang/NoSuchMethodError'{0x00000400036f48a8}: 'int java.lang.invoke.DirectMethodHandle$Holder.invokeStaticInit(java.lang.Object, java.lang.Object, java.lang.Object, java.lang.Object, java.lang.Object, java.lang.Object)'> (0x00000400036f48a8) 
thrown [src/hotspot/share/interpreter/linkResolver.cpp, line 772]
Event: 2.261 Thread 0x00007fe948588650 Exception <a 'java/lang/NoSuchMethodError'{0x00000400037cbe00}: 'java.lang.Object java.lang.invoke.DirectMethodHandle$Holder.invokeSpecial(java.lang.Object, java.lang.Object, int, java.lang.Object, java.lang.Object)'> (0x00000400037cbe00) 
thrown [src/hotspot/share/interpreter/linkResolver.cpp, line 772]
Event: 2.261 Thread 0x00007fe948588650 Exception <a 'java/lang/NoSuchMethodError'{0x00000400037d08c0}: 'java.lang.Object java.lang.invoke.DelegatingMethodHandle$Holder.delegate(java.lang.Object, int, java.lang.Object, java.lang.Object)'> (0x00000400037d08c0) 
thrown [src/hotspot/share/interpreter/linkResolver.cpp, line 772]
Event: 2.263 Thread 0x00007fe948588650 Exception <a 'java/lang/NoSuchMethodError'{0x00000400037ef778}: 'java.lang.Object java.lang.invoke.DirectMethodHandle$Holder.invokeSpecial(java.lang.Object, java.lang.Object, java.lang.Object, int, java.lang.Object)'> (0x00000400037ef778) 
thrown [src/hotspot/share/interpreter/linkResolver.cpp, line 772]
Event: 2.264 Thread 0x00007fe948588650 Exception <a 'java/lang/NoSuchMethodError'{0x000004000621b830}: 'int java.lang.invoke.DirectMethodHandle$Holder.invokeSpecial(java.lang.Object, java.lang.Object, int)'> (0x000004000621b830) 
thrown [src/hotspot/share/interpreter/linkResolver.cpp, line 772]
Event: 2.266 Thread 0x00007fe948588650 Exception <a 'java/lang/NoSuchMethodError'{0x0000040006224de0}: 'int java.lang.invoke.Invokers$Holder.linkToTargetMethod(java.lang.Object, int, java.lang.Object)'> (0x0000040006224de0) 
thrown [src/hotspot/share/interpreter/linkResolver.cpp, line 772]
Event: 31.666 Thread 0x00007fe400004bb0 Exception <a 'java/lang/NoSuchMethodError'{0x000004001689ed80}: 'java.lang.Object java.lang.invoke.DirectMethodHandle$Holder.newInvokeSpecial(java.lang.Object, java.lang.Object, int, int)'> (0x000004001689ed80) 
thrown [src/hotspot/share/interpreter/linkResolver.cpp, line 772]
Event: 31.666 Thread 0x00007fe400006090 Exception <a 'java/lang/NoSuchMethodError'{0x0000040016b16018}: 'java.lang.Object java.lang.invoke.DirectMethodHandle$Holder.newInvokeSpecial(java.lang.Object, java.lang.Object, int, int)'> (0x0000040016b16018) 
thrown [src/hotspot/share/interpreter/linkResolver.cpp, line 772]
Event: 31.675 Thread 0x00007fe400004bb0 Exception <a 'java/lang/NoSuchMethodError'{0x00000400168bb498}: 'java.lang.Object java.lang.invoke.DirectMethodHandle$Holder.newInvokeSpecial(java.lang.Object, java.lang.Object, int, java.lang.Object, int)'> (0x00000400168bb498) 
thrown [src/hotspot/share/interpreter/linkResolver.cpp, line 772]
Event: 31.692 Thread 0x00007fe45402b9b0 Exception <a 'java/lang/NoSuchMethodError'{0x00000400164f2618}: 'void java.lang.invoke.DirectMethodHandle$Holder.invokeSpecial(java.lang.Object, java.lang.Object, java.lang.Object, java.lang.Object, java.lang.Object, java.lang.Object)'> (0x00000400164f2618) 
thrown [src/hotspot/share/interpreter/linkResolver.cpp, line 772]
Event: 180.798 Thread 0x00007fe948588650 Implicit null exception at 0x00007fe9384c1e24 to 0x00007fe9384c4470
Event: 334.260 Thread 0x00007fe400006090 Implicit null exception at 0x00007fe9384773ad to 0x00007fe938477988
Event: 1417.563 Thread 0x00007fe4601f55d0 Implicit null exception at 0x00007fe93844232b to 0x00007fe938448a28
Event: 1442.655 Thread 0x00007fe94859fd80 Implicit null exception at 0x00007fe93847aa1a to 0x00007fe93847d6a8
Event: 2863.964 Thread 0x00007fe46000cf60 Implicit null exception at 0x00007fe9386a470f to 0x00007fe9386a631c
Event: 2863.966 Thread 0x00007fe46000cf60 Implicit null exception at 0x00007fe9386a470f to 0x00007fe9386a631c
Event: 2863.966 Thread 0x00007fe46000cf60 Implicit null exception at 0x00007fe9386a470f to 0x00007fe9386a631c
Event: 2863.966 Thread 0x00007fe46000cf60 Implicit null exception at 0x00007fe9386a470f to 0x00007fe9386a631c

ZGC Phase Switch (250 events):
Event: 4269.417 Young Mark End        1245
Event: 4269.418 Young Relocate Start  1245
Event: 4269.433 Old Mark End           861
Event: 4269.450 Old Relocate Start     861
Event: 4272.799 Young Mark Start      1246
Event: 4272.799 Old Mark Start         862
Event: 4272.802 Young Mark End        1246
Event: 4272.802 Young Relocate Start  1246
Event: 4272.814 Old Mark End           862
Event: 4272.829 Old Relocate Start     862
Event: 4275.707 Young Mark Start      1247
Event: 4275.707 Old Mark Start         863
Event: 4275.712 Young Mark End        1247
Event: 4275.713 Young Relocate Start  1247
Event: 4275.742 Old Mark End           863
Event: 4275.761 Old Relocate Start     863
Event: 4280.761 Young Mark Start      1248
Event: 4280.761 Old Mark Start         864
Event: 4280.764 Young Mark End        1248
Event: 4280.766 Young Relocate Start  1248
Event: 4280.799 Old Mark End           864
Event: 4280.830 Old Relocate Start     864
Event: 4284.907 Young Mark Start      1249
Event: 4284.910 Young Mark End        1249
Event: 4284.910 Young Relocate Start  1249
Event: 4287.879 Young Mark Start      1250
Event: 4287.879 Old Mark Start         865
Event: 4287.881 Young Mark End        1250
Event: 4287.882 Young Relocate Start  1250
Event: 4287.895 Old Mark End           865
Event: 4287.915 Old Relocate Start     865
Event: 4292.934 Young Mark Start      1251
Event: 4292.937 Young Mark End        1251
Event: 4292.938 Young Relocate Start  1251
Event: 4293.902 Young Mark Start      1252
Event: 4293.902 Old Mark Start         866
Event: 4293.905 Young Mark End        1252
Event: 4293.906 Young Relocate Start  1252
Event: 4293.922 Old Mark End           866
Event: 4293.940 Old Relocate Start     866
Event: 4298.419 Young Mark Start      1253
Event: 4298.419 Old Mark Start         867
Event: 4298.424 Young Mark End        1253
Event: 4298.425 Young Relocate Start  1253
Event: 4298.444 Old Mark End           867
Event: 4298.463 Old Relocate Start     867
Event: 4302.478 Young Mark Start      1254
Event: 4302.478 Old Mark Start         868
Event: 4302.481 Young Mark End        1254
Event: 4302.482 Young Relocate Start  1254
Event: 4302.507 Old Mark End           868
Event: 4302.527 Old Relocate Start     868
Event: 4306.582 Young Mark Start      1255
Event: 4306.582 Old Mark Start         869
Event: 4306.585 Young Mark End        1255
Event: 4306.587 Young Relocate Start  1255
Event: 4306.603 Old Mark End           869
Event: 4306.626 Old Relocate Start     869
Event: 4310.289 Young Mark Start      1256
Event: 4310.289 Old Mark Start         870
Event: 4310.293 Young Mark End        1256
Event: 4310.295 Young Relocate Start  1256
Event: 4310.310 Old Mark End           870
Event: 4310.324 Old Relocate Start     870
Event: 4314.290 Young Mark Start      1257
Event: 4314.290 Old Mark Start         871
Event: 4314.293 Young Mark End        1257
Event: 4314.294 Young Relocate Start  1257
Event: 4314.319 Old Mark End           871
Event: 4314.338 Old Relocate Start     871
Event: 4318.502 Young Mark Start      1258
Event: 4318.502 Old Mark Start         872
Event: 4318.505 Young Mark End        1258
Event: 4318.505 Young Relocate Start  1258
Event: 4318.518 Old Mark End           872
Event: 4318.536 Old Relocate Start     872
Event: 4322.148 Young Mark Start      1259
Event: 4322.148 Old Mark Start         873
Event: 4322.151 Young Mark End        1259
Event: 4322.151 Young Relocate Start  1259
Event: 4322.164 Old Mark End           873
Event: 4322.180 Old Relocate Start     873
Event: 4325.218 Young Mark Start      1260
Event: 4325.218 Old Mark Start         874
Event: 4325.221 Young Mark End        1260
Event: 4325.221 Young Relocate Start  1260
Event: 4325.235 Old Mark End           874
Event: 4325.254 Old Relocate Start     874
Event: 4328.423 Young Mark Start      1261
Event: 4328.423 Old Mark Start         875
Event: 4328.426 Young Mark End        1261
Event: 4328.427 Young Relocate Start  1261
Event: 4328.439 Old Mark End           875
Event: 4328.458 Old Relocate Start     875
Event: 4331.328 Young Mark Start      1262
Event: 4331.328 Old Mark Start         876
Event: 4331.330 Young Mark End        1262
Event: 4331.331 Young Relocate Start  1262
Event: 4331.347 Old Mark End           876
Event: 4331.369 Old Relocate Start     876
Event: 4335.104 Young Mark Start      1263
Event: 4335.104 Old Mark Start         877
Event: 4335.106 Young Mark End        1263
Event: 4335.107 Young Relocate Start  1263
Event: 4335.120 Old Mark End           877
Event: 4335.137 Old Relocate Start     877
Event: 4338.441 Young Mark Start      1264
Event: 4338.441 Old Mark Start         878
Event: 4338.444 Young Mark End        1264
Event: 4338.444 Young Relocate Start  1264
Event: 4338.455 Old Mark End           878
Event: 4338.475 Old Relocate Start     878
Event: 4341.356 Young Mark Start      1265
Event: 4341.356 Old Mark Start         879
Event: 4341.363 Young Mark End        1265
Event: 4341.367 Young Relocate Start  1265
Event: 4341.382 Old Mark End           879
Event: 4341.393 Old Relocate Start     879
Event: 4345.413 Young Mark Start      1266
Event: 4345.413 Old Mark Start         880
Event: 4345.418 Young Mark End        1266
Event: 4345.418 Young Relocate Start  1266
Event: 4345.432 Old Mark End           880
Event: 4345.451 Old Relocate Start     880
Event: 4349.646 Young Mark Start      1267
Event: 4349.646 Old Mark Start         881
Event: 4349.648 Young Mark End        1267
Event: 4349.649 Young Relocate Start  1267
Event: 4349.660 Old Mark End           881
Event: 4349.673 Old Relocate Start     881
Event: 4353.138 Young Mark Start      1268
Event: 4353.138 Old Mark Start         882
Event: 4353.141 Young Mark End        1268
Event: 4353.141 Young Relocate Start  1268
Event: 4353.152 Old Mark End           882
Event: 4353.165 Old Relocate Start     882
Event: 4355.893 Young Mark Start      1269
Event: 4355.893 Old Mark Start         883
Event: 4355.896 Young Mark End        1269
Event: 4355.897 Young Relocate Start  1269
Event: 4355.909 Old Mark End           883
Event: 4355.925 Old Relocate Start     883
Event: 4358.851 Young Mark Start      1270
Event: 4358.851 Old Mark Start         884
Event: 4358.855 Young Mark End        1270
Event: 4358.855 Young Relocate Start  1270
Event: 4358.883 Old Mark End           884
Event: 4358.913 Old Relocate Start     884
Event: 4363.283 Young Mark Start      1271
Event: 4363.285 Young Mark End        1271
Event: 4363.286 Young Relocate Start  1271
Event: 4365.595 Young Mark Start      1272
Event: 4365.595 Old Mark Start         885
Event: 4365.600 Young Mark End        1272
Event: 4365.602 Young Relocate Start  1272
Event: 4365.626 Old Mark End           885
Event: 4365.647 Old Relocate Start     885
Event: 4371.131 Young Mark Start      1273
Event: 4371.131 Old Mark Start         886
Event: 4371.136 Young Mark End        1273
Event: 4371.138 Young Relocate Start  1273
Event: 4371.153 Old Mark End           886
Event: 4371.175 Old Relocate Start     886
Event: 4375.719 Young Mark Start      1274
Event: 4375.719 Old Mark Start         887
Event: 4375.722 Young Mark End        1274
Event: 4375.726 Young Relocate Start  1274
Event: 4375.740 Old Mark End           887
Event: 4375.757 Old Relocate Start     887
Event: 4380.073 Young Mark Start      1275
Event: 4380.073 Old Mark Start         888
Event: 4380.075 Young Mark End        1275
Event: 4380.075 Young Relocate Start  1275
Event: 4380.093 Old Mark End           888
Event: 4380.109 Old Relocate Start     888
Event: 4383.769 Young Mark Start      1276
Event: 4383.769 Old Mark Start         889
Event: 4383.772 Young Mark End        1276
Event: 4383.773 Young Relocate Start  1276
Event: 4383.791 Old Mark End           889
Event: 4383.813 Old Relocate Start     889
Event: 4387.780 Young Mark Start      1277
Event: 4387.780 Old Mark Start         890
Event: 4387.782 Young Mark End        1277
Event: 4387.783 Young Relocate Start  1277
Event: 4387.795 Old Mark End           890
Event: 4387.811 Old Relocate Start     890
Event: 4391.397 Young Mark Start      1278
Event: 4391.397 Old Mark Start         891
Event: 4391.399 Young Mark End        1278
Event: 4391.400 Young Relocate Start  1278
Event: 4391.417 Old Mark End           891
Event: 4391.438 Old Relocate Start     891
Event: 4395.174 Young Mark Start      1279
Event: 4395.174 Old Mark Start         892
Event: 4395.176 Young Mark End        1279
Event: 4395.180 Young Relocate Start  1279
Event: 4395.196 Old Mark End           892
Event: 4395.216 Old Relocate Start     892
Event: 4398.727 Young Mark Start      1280
Event: 4398.727 Old Mark Start         893
Event: 4398.729 Young Mark End        1280
Event: 4398.732 Young Relocate Start  1280
Event: 4398.745 Old Mark End           893
Event: 4398.763 Old Relocate Start     893
Event: 4402.014 Young Mark Start      1281
Event: 4402.014 Old Mark Start         894
Event: 4402.016 Young Mark End        1281
Event: 4402.017 Young Relocate Start  1281
Event: 4402.039 Old Mark End           894
Event: 4402.056 Old Relocate Start     894
Event: 4405.509 Young Mark Start      1282
Event: 4405.509 Old Mark Start         895
Event: 4405.516 Young Mark End        1282
Event: 4405.517 Young Relocate Start  1282
Event: 4405.532 Old Mark End           895
Event: 4405.545 Old Relocate Start     895
Event: 4409.362 Young Mark Start      1283
Event: 4409.362 Old Mark Start         896
Event: 4409.366 Young Mark End        1283
Event: 4409.368 Young Relocate Start  1283
Event: 4409.381 Old Mark End           896
Event: 4409.400 Old Relocate Start     896
Event: 4412.886 Young Mark Start      1284
Event: 4412.886 Old Mark Start         897
Event: 4412.889 Young Mark End        1284
Event: 4412.893 Young Relocate Start  1284
Event: 4412.911 Old Mark End           897
Event: 4412.926 Old Relocate Start     897
Event: 4416.060 Young Mark Start      1285
Event: 4416.060 Old Mark Start         898
Event: 4416.064 Young Mark End        1285
Event: 4416.065 Young Relocate Start  1285
Event: 4416.079 Old Mark End           898
Event: 4416.098 Old Relocate Start     898
Event: 4419.342 Young Mark Start      1286
Event: 4419.342 Old Mark Start         899
Event: 4419.348 Young Mark End        1286
Event: 4419.350 Young Relocate Start  1286
Event: 4419.386 Old Mark End           899
Event: 4419.406 Old Relocate Start     899
Event: 4424.752 Young Mark Start      1287
Event: 4424.755 Young Mark End        1287
Event: 4424.759 Young Relocate Start  1287
Event: 4425.324 Young Mark Start      1288
Event: 4425.324 Old Mark Start         900
Event: 4425.327 Young Mark End        1288
Event: 4425.328 Young Relocate Start  1288
Event: 4425.356 Old Mark End           900
Event: 4425.376 Old Relocate Start     900

VM Operations (250 events):
Event: 4402.039 Executing safepoint VM operation: ZMarkEndOld (Proactive)
Event: 4402.039 Executing safepoint VM operation: ZMarkEndOld (Proactive) done
Event: 4402.042 Executing non-safepoint VM operation: HandshakeAllThreads (ZRendezvous)
Event: 4402.042 Executing non-safepoint VM operation: HandshakeAllThreads (ZRendezvous) done
Event: 4402.042 Executing non-safepoint VM operation: ZRendezvousGCThreads
Event: 4402.042 Executing non-safepoint VM operation: ZRendezvousGCThreads done
Event: 4402.056 Executing safepoint VM operation: ZRelocateStartOld (Proactive)
Event: 4402.056 Executing safepoint VM operation: ZRelocateStartOld (Proactive) done
Event: 4405.509 Executing safepoint VM operation: ZMarkStartYoungAndOld (Proactive)
Event: 4405.509 Executing safepoint VM operation: ZMarkStartYoungAndOld (Proactive) done
Event: 4405.512 Executing non-safepoint VM operation: HandshakeAllThreads (ZMarkFlushAndFreeStacks)
Event: 4405.516 Executing non-safepoint VM operation: HandshakeAllThreads (ZMarkFlushAndFreeStacks) done
Event: 4405.516 Executing non-safepoint VM operation: ZMarkFlushOperation
Event: 4405.516 Executing non-safepoint VM operation: ZMarkFlushOperation done
Event: 4405.516 Executing non-safepoint VM operation: HandshakeAllThreads (ZMarkFlushAndFreeStacks)
Event: 4405.516 Executing non-safepoint VM operation: HandshakeAllThreads (ZMarkFlushAndFreeStacks) done
Event: 4405.516 Executing non-safepoint VM operation: ZMarkFlushOperation
Event: 4405.516 Executing non-safepoint VM operation: ZMarkFlushOperation done
Event: 4405.516 Executing non-safepoint VM operation: HandshakeAllThreads (ZMarkFlushAndFreeStacks)
Event: 4405.516 Executing non-safepoint VM operation: HandshakeAllThreads (ZMarkFlushAndFreeStacks) done
Event: 4405.516 Executing non-safepoint VM operation: ZMarkFlushOperation
Event: 4405.516 Executing non-safepoint VM operation: ZMarkFlushOperation done
Event: 4405.516 Executing safepoint VM operation: ZMarkEndYoung (Proactive)
Event: 4405.516 Executing safepoint VM operation: ZMarkEndYoung (Proactive) done
Event: 4405.517 Executing safepoint VM operation: ZRelocateStartYoung (Proactive)
Event: 4405.517 Executing safepoint VM operation: ZRelocateStartYoung (Proactive) done
Event: 4405.532 Executing non-safepoint VM operation: HandshakeAllThreads (ZMarkFlushAndFreeStacks)
Event: 4405.532 Executing non-safepoint VM operation: HandshakeAllThreads (ZMarkFlushAndFreeStacks) done
Event: 4405.532 Executing non-safepoint VM operation: ZMarkFlushOperation
Event: 4405.532 Executing non-safepoint VM operation: ZMarkFlushOperation done
Event: 4405.532 Executing non-safepoint VM operation: HandshakeAllThreads (ZMarkFlushAndFreeStacks)
Event: 4405.532 Executing non-safepoint VM operation: HandshakeAllThreads (ZMarkFlushAndFreeStacks) done
Event: 4405.532 Executing non-safepoint VM operation: ZMarkFlushOperation
Event: 4405.532 Executing non-safepoint VM operation: ZMarkFlushOperation done
Event: 4405.532 Executing non-safepoint VM operation: HandshakeAllThreads (ZMarkFlushAndFreeStacks)
Event: 4405.532 Executing non-safepoint VM operation: HandshakeAllThreads (ZMarkFlushAndFreeStacks) done
Event: 4405.532 Executing non-safepoint VM operation: ZMarkFlushOperation
Event: 4405.532 Executing non-safepoint VM operation: ZMarkFlushOperation done
Event: 4405.532 Executing safepoint VM operation: ZMarkEndOld (Proactive)
Event: 4405.532 Executing safepoint VM operation: ZMarkEndOld (Proactive) done
Event: 4405.537 Executing non-safepoint VM operation: HandshakeAllThreads (ZRendezvous)
Event: 4405.537 Executing non-safepoint VM operation: HandshakeAllThreads (ZRendezvous) done
Event: 4405.537 Executing non-safepoint VM operation: ZRendezvousGCThreads
Event: 4405.537 Executing non-safepoint VM operation: ZRendezvousGCThreads done
Event: 4405.545 Executing safepoint VM operation: ZRelocateStartOld (Proactive)
Event: 4405.546 Executing safepoint VM operation: ZRelocateStartOld (Proactive) done
Event: 4409.362 Executing safepoint VM operation: ZMarkStartYoungAndOld (Proactive)
Event: 4409.362 Executing safepoint VM operation: ZMarkStartYoungAndOld (Proactive) done
Event: 4409.365 Executing non-safepoint VM operation: HandshakeAllThreads (ZMarkFlushAndFreeStacks)
Event: 4409.365 Executing non-safepoint VM operation: HandshakeAllThreads (ZMarkFlushAndFreeStacks) done
Event: 4409.365 Executing non-safepoint VM operation: ZMarkFlushOperation
Event: 4409.365 Executing non-safepoint VM operation: ZMarkFlushOperation done
Event: 4409.366 Executing non-safepoint VM operation: HandshakeAllThreads (ZMarkFlushAndFreeStacks)
Event: 4409.366 Executing non-safepoint VM operation: HandshakeAllThreads (ZMarkFlushAndFreeStacks) done
Event: 4409.366 Executing non-safepoint VM operation: ZMarkFlushOperation
Event: 4409.366 Executing non-safepoint VM operation: ZMarkFlushOperation done
Event: 4409.366 Executing non-safepoint VM operation: HandshakeAllThreads (ZMarkFlushAndFreeStacks)
Event: 4409.366 Executing non-safepoint VM operation: HandshakeAllThreads (ZMarkFlushAndFreeStacks) done
Event: 4409.366 Executing non-safepoint VM operation: ZMarkFlushOperation
Event: 4409.366 Executing non-safepoint VM operation: ZMarkFlushOperation done
Event: 4409.366 Executing safepoint VM operation: ZMarkEndYoung (Proactive)
Event: 4409.366 Executing safepoint VM operation: ZMarkEndYoung (Proactive) done
Event: 4409.367 Executing safepoint VM operation: ZRelocateStartYoung (Proactive)
Event: 4409.368 Executing safepoint VM operation: ZRelocateStartYoung (Proactive) done
Event: 4409.381 Executing non-safepoint VM operation: HandshakeAllThreads (ZMarkFlushAndFreeStacks)
Event: 4409.381 Executing non-safepoint VM operation: HandshakeAllThreads (ZMarkFlushAndFreeStacks) done
Event: 4409.381 Executing non-safepoint VM operation: ZMarkFlushOperation
Event: 4409.381 Executing non-safepoint VM operation: ZMarkFlushOperation done
Event: 4409.381 Executing non-safepoint VM operation: HandshakeAllThreads (ZMarkFlushAndFreeStacks)
Event: 4409.381 Executing non-safepoint VM operation: HandshakeAllThreads (ZMarkFlushAndFreeStacks) done
Event: 4409.381 Executing non-safepoint VM operation: ZMarkFlushOperation
Event: 4409.381 Executing non-safepoint VM operation: ZMarkFlushOperation done
Event: 4409.381 Executing non-safepoint VM operation: HandshakeAllThreads (ZMarkFlushAndFreeStacks)
Event: 4409.381 Executing non-safepoint VM operation: HandshakeAllThreads (ZMarkFlushAndFreeStacks) done
Event: 4409.381 Executing non-safepoint VM operation: ZMarkFlushOperation
Event: 4409.381 Executing non-safepoint VM operation: ZMarkFlushOperation done
Event: 4409.381 Executing safepoint VM operation: ZMarkEndOld (Proactive)
Event: 4409.381 Executing safepoint VM operation: ZMarkEndOld (Proactive) done
Event: 4409.385 Executing non-safepoint VM operation: HandshakeAllThreads (ZRendezvous)
Event: 4409.385 Executing non-safepoint VM operation: HandshakeAllThreads (ZRendezvous) done
Event: 4409.385 Executing non-safepoint VM operation: ZRendezvousGCThreads
Event: 4409.385 Executing non-safepoint VM operation: ZRendezvousGCThreads done
Event: 4409.400 Executing safepoint VM operation: ZRelocateStartOld (Proactive)
Event: 4409.400 Executing safepoint VM operation: ZRelocateStartOld (Proactive) done
Event: 4412.886 Executing safepoint VM operation: ZMarkStartYoungAndOld (Proactive)
Event: 4412.886 Executing safepoint VM operation: ZMarkStartYoungAndOld (Proactive) done
Event: 4412.889 Executing non-safepoint VM operation: HandshakeAllThreads (ZMarkFlushAndFreeStacks)
Event: 4412.889 Executing non-safepoint VM operation: HandshakeAllThreads (ZMarkFlushAndFreeStacks) done
Event: 4412.889 Executing non-safepoint VM operation: ZMarkFlushOperation
Event: 4412.889 Executing non-safepoint VM operation: ZMarkFlushOperation done
Event: 4412.889 Executing non-safepoint VM operation: HandshakeAllThreads (ZMarkFlushAndFreeStacks)
Event: 4412.889 Executing non-safepoint VM operation: HandshakeAllThreads (ZMarkFlushAndFreeStacks) done
Event: 4412.889 Executing non-safepoint VM operation: ZMarkFlushOperation
Event: 4412.889 Executing non-safepoint VM operation: ZMarkFlushOperation done
Event: 4412.889 Executing non-safepoint VM operation: HandshakeAllThreads (ZMarkFlushAndFreeStacks)
Event: 4412.889 Executing non-safepoint VM operation: HandshakeAllThreads (ZMarkFlushAndFreeStacks) done
Event: 4412.889 Executing non-safepoint VM operation: ZMarkFlushOperation
Event: 4412.889 Executing non-safepoint VM operation: ZMarkFlushOperation done
Event: 4412.889 Executing safepoint VM operation: ZMarkEndYoung (Proactive)
Event: 4412.889 Executing safepoint VM operation: ZMarkEndYoung (Proactive) done
Event: 4412.893 Executing safepoint VM operation: ZRelocateStartYoung (Proactive)
Event: 4412.893 Executing safepoint VM operation: ZRelocateStartYoung (Proactive) done
Event: 4412.911 Executing non-safepoint VM operation: HandshakeAllThreads (ZMarkFlushAndFreeStacks)
Event: 4412.911 Executing non-safepoint VM operation: HandshakeAllThreads (ZMarkFlushAndFreeStacks) done
Event: 4412.911 Executing non-safepoint VM operation: ZMarkFlushOperation
Event: 4412.911 Executing non-safepoint VM operation: ZMarkFlushOperation done
Event: 4412.911 Executing non-safepoint VM operation: HandshakeAllThreads (ZMarkFlushAndFreeStacks)
Event: 4412.911 Executing non-safepoint VM operation: HandshakeAllThreads (ZMarkFlushAndFreeStacks) done
Event: 4412.911 Executing non-safepoint VM operation: ZMarkFlushOperation
Event: 4412.911 Executing non-safepoint VM operation: ZMarkFlushOperation done
Event: 4412.911 Executing non-safepoint VM operation: HandshakeAllThreads (ZMarkFlushAndFreeStacks)
Event: 4412.911 Executing non-safepoint VM operation: HandshakeAllThreads (ZMarkFlushAndFreeStacks) done
Event: 4412.911 Executing non-safepoint VM operation: ZMarkFlushOperation
Event: 4412.911 Executing non-safepoint VM operation: ZMarkFlushOperation done
Event: 4412.911 Executing safepoint VM operation: ZMarkEndOld (Proactive)
Event: 4412.911 Executing safepoint VM operation: ZMarkEndOld (Proactive) done
Event: 4412.915 Executing non-safepoint VM operation: HandshakeAllThreads (ZRendezvous)
Event: 4412.915 Executing non-safepoint VM operation: HandshakeAllThreads (ZRendezvous) done
Event: 4412.915 Executing non-safepoint VM operation: ZRendezvousGCThreads
Event: 4412.915 Executing non-safepoint VM operation: ZRendezvousGCThreads done
Event: 4412.926 Executing safepoint VM operation: ZRelocateStartOld (Proactive)
Event: 4412.926 Executing safepoint VM operation: ZRelocateStartOld (Proactive) done
Event: 4416.060 Executing safepoint VM operation: ZMarkStartYoungAndOld (Proactive)
Event: 4416.060 Executing safepoint VM operation: ZMarkStartYoungAndOld (Proactive) done
Event: 4416.064 Executing non-safepoint VM operation: HandshakeAllThreads (ZMarkFlushAndFreeStacks)
Event: 4416.064 Executing non-safepoint VM operation: HandshakeAllThreads (ZMarkFlushAndFreeStacks) done
Event: 4416.064 Executing non-safepoint VM operation: ZMarkFlushOperation
Event: 4416.064 Executing non-safepoint VM operation: ZMarkFlushOperation done
Event: 4416.064 Executing non-safepoint VM operation: HandshakeAllThreads (ZMarkFlushAndFreeStacks)
Event: 4416.064 Executing non-safepoint VM operation: HandshakeAllThreads (ZMarkFlushAndFreeStacks) done
Event: 4416.064 Executing non-safepoint VM operation: ZMarkFlushOperation
Event: 4416.064 Executing non-safepoint VM operation: ZMarkFlushOperation done
Event: 4416.064 Executing non-safepoint VM operation: HandshakeAllThreads (ZMarkFlushAndFreeStacks)
Event: 4416.064 Executing non-safepoint VM operation: HandshakeAllThreads (ZMarkFlushAndFreeStacks) done
Event: 4416.064 Executing non-safepoint VM operation: ZMarkFlushOperation
Event: 4416.064 Executing non-safepoint VM operation: ZMarkFlushOperation done
Event: 4416.064 Executing safepoint VM operation: ZMarkEndYoung (Proactive)
Event: 4416.064 Executing safepoint VM operation: ZMarkEndYoung (Proactive) done
Event: 4416.064 Executing safepoint VM operation: ZRelocateStartYoung (Proactive)
Event: 4416.065 Executing safepoint VM operation: ZRelocateStartYoung (Proactive) done
Event: 4416.079 Executing non-safepoint VM operation: HandshakeAllThreads (ZMarkFlushAndFreeStacks)
Event: 4416.079 Executing non-safepoint VM operation: HandshakeAllThreads (ZMarkFlushAndFreeStacks) done
Event: 4416.079 Executing non-safepoint VM operation: ZMarkFlushOperation
Event: 4416.079 Executing non-safepoint VM operation: ZMarkFlushOperation done
Event: 4416.079 Executing non-safepoint VM operation: HandshakeAllThreads (ZMarkFlushAndFreeStacks)
Event: 4416.079 Executing non-safepoint VM operation: HandshakeAllThreads (ZMarkFlushAndFreeStacks) done
Event: 4416.079 Executing non-safepoint VM operation: ZMarkFlushOperation
Event: 4416.079 Executing non-safepoint VM operation: ZMarkFlushOperation done
Event: 4416.079 Executing non-safepoint VM operation: HandshakeAllThreads (ZMarkFlushAndFreeStacks)
Event: 4416.079 Executing non-safepoint VM operation: HandshakeAllThreads (ZMarkFlushAndFreeStacks) done
Event: 4416.079 Executing non-safepoint VM operation: ZMarkFlushOperation
Event: 4416.079 Executing non-safepoint VM operation: ZMarkFlushOperation done
Event: 4416.079 Executing safepoint VM operation: ZMarkEndOld (Proactive)
Event: 4416.079 Executing safepoint VM operation: ZMarkEndOld (Proactive) done
Event: 4416.083 Executing non-safepoint VM operation: HandshakeAllThreads (ZRendezvous)
Event: 4416.083 Executing non-safepoint VM operation: HandshakeAllThreads (ZRendezvous) done
Event: 4416.083 Executing non-safepoint VM operation: ZRendezvousGCThreads
Event: 4416.083 Executing non-safepoint VM operation: ZRendezvousGCThreads done
Event: 4416.098 Executing safepoint VM operation: ZRelocateStartOld (Proactive)
Event: 4416.098 Executing safepoint VM operation: ZRelocateStartOld (Proactive) done
Event: 4419.342 Executing safepoint VM operation: ZMarkStartYoungAndOld (Proactive)
Event: 4419.342 Executing safepoint VM operation: ZMarkStartYoungAndOld (Proactive) done
Event: 4419.346 Executing non-safepoint VM operation: HandshakeAllThreads (ZMarkFlushAndFreeStacks)
Event: 4419.346 Executing non-safepoint VM operation: HandshakeAllThreads (ZMarkFlushAndFreeStacks) done
Event: 4419.348 Executing non-safepoint VM operation: ZMarkFlushOperation
Event: 4419.348 Executing non-safepoint VM operation: ZMarkFlushOperation done
Event: 4419.348 Executing non-safepoint VM operation: HandshakeAllThreads (ZMarkFlushAndFreeStacks)
Event: 4419.348 Executing non-safepoint VM operation: HandshakeAllThreads (ZMarkFlushAndFreeStacks) done
Event: 4419.348 Executing non-safepoint VM operation: ZMarkFlushOperation
Event: 4419.348 Executing non-safepoint VM operation: ZMarkFlushOperation done
Event: 4419.348 Executing safepoint VM operation: ZMarkEndYoung (Proactive)
Event: 4419.348 Executing safepoint VM operation: ZMarkEndYoung (Proactive) done
Event: 4419.350 Executing safepoint VM operation: ZRelocateStartYoung (Proactive)
Event: 4419.350 Executing safepoint VM operation: ZRelocateStartYoung (Proactive) done
Event: 4419.381 Executing non-safepoint VM operation: HandshakeAllThreads (ZMarkFlushAndFreeStacks)
Event: 4419.381 Executing non-safepoint VM operation: HandshakeAllThreads (ZMarkFlushAndFreeStacks) done
Event: 4419.381 Executing non-safepoint VM operation: ZMarkFlushOperation
Event: 4419.381 Executing non-safepoint VM operation: ZMarkFlushOperation done
Event: 4419.382 Executing non-safepoint VM operation: HandshakeAllThreads (ZMarkFlushAndFreeStacks)
Event: 4419.382 Executing non-safepoint VM operation: HandshakeAllThreads (ZMarkFlushAndFreeStacks) done
Event: 4419.382 Executing non-safepoint VM operation: ZMarkFlushOperation
Event: 4419.382 Executing non-safepoint VM operation: ZMarkFlushOperation done
Event: 4419.384 Executing non-safepoint VM operation: HandshakeAllThreads (ZMarkFlushAndFreeStacks)
Event: 4419.384 Executing non-safepoint VM operation: HandshakeAllThreads (ZMarkFlushAndFreeStacks) done
Event: 4419.385 Executing non-safepoint VM operation: ZMarkFlushOperation
Event: 4419.385 Executing non-safepoint VM operation: ZMarkFlushOperation done
Event: 4419.386 Executing safepoint VM operation: ZMarkEndOld (Proactive)
Event: 4419.386 Executing safepoint VM operation: ZMarkEndOld (Proactive) done
Event: 4419.392 Executing non-safepoint VM operation: HandshakeAllThreads (ZRendezvous)
Event: 4419.392 Executing non-safepoint VM operation: HandshakeAllThreads (ZRendezvous) done
Event: 4419.393 Executing non-safepoint VM operation: ZRendezvousGCThreads
Event: 4419.393 Executing non-safepoint VM operation: ZRendezvousGCThreads done
Event: 4419.406 Executing safepoint VM operation: ZRelocateStartOld (Proactive)
Event: 4419.406 Executing safepoint VM operation: ZRelocateStartOld (Proactive) done
Event: 4424.752 Executing safepoint VM operation: ZMarkStartYoung (High Usage)
Event: 4424.752 Executing safepoint VM operation: ZMarkStartYoung (High Usage) done
Event: 4424.755 Executing non-safepoint VM operation: HandshakeAllThreads (ZMarkFlushAndFreeStacks)
Event: 4424.755 Executing non-safepoint VM operation: HandshakeAllThreads (ZMarkFlushAndFreeStacks) done
Event: 4424.755 Executing non-safepoint VM operation: ZMarkFlushOperation
Event: 4424.755 Executing non-safepoint VM operation: ZMarkFlushOperation done
Event: 4424.755 Executing non-safepoint VM operation: HandshakeAllThreads (ZMarkFlushAndFreeStacks)
Event: 4424.755 Executing non-safepoint VM operation: HandshakeAllThreads (ZMarkFlushAndFreeStacks) done
Event: 4424.755 Executing non-safepoint VM operation: ZMarkFlushOperation
Event: 4424.755 Executing non-safepoint VM operation: ZMarkFlushOperation done
Event: 4424.755 Executing non-safepoint VM operation: HandshakeAllThreads (ZMarkFlushAndFreeStacks)
Event: 4424.755 Executing non-safepoint VM operation: HandshakeAllThreads (ZMarkFlushAndFreeStacks) done
Event: 4424.755 Executing non-safepoint VM operation: ZMarkFlushOperation
Event: 4424.755 Executing non-safepoint VM operation: ZMarkFlushOperation done
Event: 4424.755 Executing safepoint VM operation: ZMarkEndYoung (High Usage)
Event: 4424.755 Executing safepoint VM operation: ZMarkEndYoung (High Usage) done
Event: 4424.759 Executing safepoint VM operation: ZRelocateStartYoung (High Usage)
Event: 4424.759 Executing safepoint VM operation: ZRelocateStartYoung (High Usage) done
Event: 4425.324 Executing safepoint VM operation: ZMarkStartYoungAndOld (Proactive)
Event: 4425.324 Executing safepoint VM operation: ZMarkStartYoungAndOld (Proactive) done
Event: 4425.327 Executing non-safepoint VM operation: HandshakeAllThreads (ZMarkFlushAndFreeStacks)
Event: 4425.327 Executing non-safepoint VM operation: HandshakeAllThreads (ZMarkFlushAndFreeStacks) done
Event: 4425.327 Executing non-safepoint VM operation: ZMarkFlushOperation
Event: 4425.327 Executing non-safepoint VM operation: ZMarkFlushOperation done
Event: 4425.327 Executing non-safepoint VM operation: HandshakeAllThreads (ZMarkFlushAndFreeStacks)
Event: 4425.327 Executing non-safepoint VM operation: HandshakeAllThreads (ZMarkFlushAndFreeStacks) done
Event: 4425.327 Executing non-safepoint VM operation: ZMarkFlushOperation
Event: 4425.327 Executing non-safepoint VM operation: ZMarkFlushOperation done
Event: 4425.327 Executing non-safepoint VM operation: HandshakeAllThreads (ZMarkFlushAndFreeStacks)
Event: 4425.327 Executing non-safepoint VM operation: HandshakeAllThreads (ZMarkFlushAndFreeStacks) done
Event: 4425.327 Executing non-safepoint VM operation: ZMarkFlushOperation
Event: 4425.327 Executing non-safepoint VM operation: ZMarkFlushOperation done
Event: 4425.327 Executing safepoint VM operation: ZMarkEndYoung (Proactive)
Event: 4425.327 Executing safepoint VM operation: ZMarkEndYoung (Proactive) done
Event: 4425.328 Executing safepoint VM operation: ZRelocateStartYoung (Proactive)
Event: 4425.328 Executing safepoint VM operation: ZRelocateStartYoung (Proactive) done
Event: 4425.356 Executing non-safepoint VM operation: HandshakeAllThreads (ZMarkFlushAndFreeStacks)
Event: 4425.356 Executing non-safepoint VM operation: HandshakeAllThreads (ZMarkFlushAndFreeStacks) done
Event: 4425.356 Executing non-safepoint VM operation: ZMarkFlushOperation
Event: 4425.356 Executing non-safepoint VM operation: ZMarkFlushOperation done
Event: 4425.356 Executing non-safepoint VM operation: HandshakeAllThreads (ZMarkFlushAndFreeStacks)
Event: 4425.356 Executing non-safepoint VM operation: HandshakeAllThreads (ZMarkFlushAndFreeStacks) done
Event: 4425.356 Executing non-safepoint VM operation: ZMarkFlushOperation
Event: 4425.356 Executing non-safepoint VM operation: ZMarkFlushOperation done
Event: 4425.356 Executing non-safepoint VM operation: HandshakeAllThreads (ZMarkFlushAndFreeStacks)
Event: 4425.356 Executing non-safepoint VM operation: HandshakeAllThreads (ZMarkFlushAndFreeStacks) done
Event: 4425.356 Executing non-safepoint VM operation: ZMarkFlushOperation
Event: 4425.356 Executing non-safepoint VM operation: ZMarkFlushOperation done
Event: 4425.356 Executing safepoint VM operation: ZMarkEndOld (Proactive)
Event: 4425.356 Executing safepoint VM operation: ZMarkEndOld (Proactive) done
Event: 4425.362 Executing non-safepoint VM operation: HandshakeAllThreads (ZRendezvous)
Event: 4425.362 Executing non-safepoint VM operation: HandshakeAllThreads (ZRendezvous) done
Event: 4425.362 Executing non-safepoint VM operation: ZRendezvousGCThreads
Event: 4425.362 Executing non-safepoint VM operation: ZRendezvousGCThreads done
Event: 4425.376 Executing safepoint VM operation: ZRelocateStartOld (Proactive)
Event: 4425.376 Executing safepoint VM operation: ZRelocateStartOld (Proactive) done

Memory protections (101 events):
Event: 0.001 Protecting memory [0x00007fe94c500000,0x00007fe94c504000] with protection modes 0
Event: 0.101 Protecting memory [0x00007fe928071000,0x00007fe928075000] with protection modes 0
Event: 0.101 Protecting memory [0x00007fe496900000,0x00007fe496904000] with protection modes 0
Event: 0.102 Protecting memory [0x00007fe496800000,0x00007fe496804000] with protection modes 0
Event: 0.102 Protecting memory [0x00007fe496700000,0x00007fe496704000] with protection modes 0
Event: 0.103 Protecting memory [0x00007fe496600000,0x00007fe496604000] with protection modes 0
Event: 0.103 Protecting memory [0x00007fe496500000,0x00007fe496504000] with protection modes 0
Event: 0.106 Protecting memory [0x00007fe496330000,0x00007fe496334000] with protection modes 0
Event: 0.126 Protecting memory [0x00007fe496230000,0x00007fe496234000] with protection modes 0
Event: 0.128 Protecting memory [0x00007fe496130000,0x00007fe496134000] with protection modes 0
Event: 0.137 Protecting memory [0x00007fe496030000,0x00007fe496034000] with protection modes 0
Event: 0.155 Protecting memory [0x00007fe495f30000,0x00007fe495f34000] with protection modes 0
Event: 0.185 Protecting memory [0x00007fe495e30000,0x00007fe495e34000] with protection modes 0
Event: 0.186 Protecting memory [0x00007fe495d30000,0x00007fe495d34000] with protection modes 0
Event: 0.313 Protecting memory [0x00007fe495c30000,0x00007fe495c34000] with protection modes 0
Event: 0.325 Protecting memory [0x00007fe495b30000,0x00007fe495b34000] with protection modes 0
Event: 0.329 Protecting memory [0x00007fe495a30000,0x00007fe495a34000] with protection modes 0
Event: 0.391 Protecting memory [0x00007fe495930000,0x00007fe495934000] with protection modes 0
Event: 0.650 Protecting memory [0x00007fe495830000,0x00007fe495834000] with protection modes 0
Event: 0.654 Protecting memory [0x00007fe495730000,0x00007fe495734000] with protection modes 0
Event: 0.793 Protecting memory [0x00007fe495630000,0x00007fe495634000] with protection modes 0
Event: 0.941 Protecting memory [0x00007fe495530000,0x00007fe495534000] with protection modes 0
Event: 0.981 Protecting memory [0x00007fe495930000,0x00007fe495934000] with protection modes 0
Event: 1.332 Protecting memory [0x00007fe495930000,0x00007fe495934000] with protection modes 0
Event: 1.423 Protecting memory [0x00007fe495330000,0x00007fe495334000] with protection modes 0
Event: 1.476 Protecting memory [0x00007fe495230000,0x00007fe495234000] with protection modes 0
Event: 1.758 Protecting memory [0x00007fe495130000,0x00007fe495134000] with protection modes 0
Event: 2.480 Protecting memory [0x00007fe496030000,0x00007fe496034000] with protection modes 0
Event: 3.080 Protecting memory [0x00007fe496030000,0x00007fe496034000] with protection modes 0
Event: 5.307 Protecting memory [0x00007fe495e30000,0x00007fe495e34000] with protection modes 0
Event: 5.970 Protecting memory [0x00007fe495d30000,0x00007fe495d34000] with protection modes 0
Event: 7.138 Protecting memory [0x00007fe495a30000,0x00007fe495a34000] with protection modes 0
Event: 10.801 Protecting memory [0x00007fe495f30000,0x00007fe495f34000] with protection modes 0
Event: 15.805 Protecting memory [0x00007fe495f30000,0x00007fe495f34000] with protection modes 0
Event: 15.808 Protecting memory [0x00007fe495830000,0x00007fe495834000] with protection modes 0
Event: 15.812 Protecting memory [0x00007fe495730000,0x00007fe495734000] with protection modes 0
Event: 20.812 Protecting memory [0x00007fe495830000,0x00007fe495834000] with protection modes 0
Event: 25.801 Protecting memory [0x00007fe495830000,0x00007fe495834000] with protection modes 0
Event: 25.802 Protecting memory [0x00007fe495730000,0x00007fe495734000] with protection modes 0
Event: 25.806 Protecting memory [0x00007fe495f30000,0x00007fe495f34000] with protection modes 0
Event: 25.806 Protecting memory [0x00007fe495030000,0x00007fe495034000] with protection modes 0
Event: 25.810 Protecting memory [0x00007fe494f30000,0x00007fe494f34000] with protection modes 0
Event: 31.670 Protecting memory [0x00007fe494f30000,0x00007fe494f34000] with protection modes 0
Event: 31.672 Protecting memory [0x00007fe495830000,0x00007fe495834000] with protection modes 0
Event: 31.673 Protecting memory [0x00007fe495730000,0x00007fe495734000] with protection modes 0
Event: 31.693 Protecting memory [0x00007fe494e30000,0x00007fe494e34000] with protection modes 0
Event: 32.143 Protecting memory [0x00007fe494e30000,0x00007fe494e34000] with protection modes 0
Event: 42.746 Protecting memory [0x00007fe495f30000,0x00007fe495f34000] with protection modes 0
Event: 118.726 Protecting memory [0x00007fe495f30000,0x00007fe495f34000] with protection modes 0
Event: 158.132 Protecting memory [0x00007fe495f30000,0x00007fe495f34000] with protection modes 0
Event: 175.970 Protecting memory [0x00007fe495f30000,0x00007fe495f34000] with protection modes 0
Event: 175.970 Protecting memory [0x00007fe495030000,0x00007fe495034000] with protection modes 0
Event: 175.970 Protecting memory [0x00007fe494e30000,0x00007fe494e34000] with protection modes 0
Event: 266.937 Protecting memory [0x00007fe495f30000,0x00007fe495f34000] with protection modes 0
Event: 266.939 Protecting memory [0x00007fe495030000,0x00007fe495034000] with protection modes 0
Event: 266.943 Protecting memory [0x00007fe494e30000,0x00007fe494e34000] with protection modes 0
Event: 515.413 Protecting memory [0x00007fe495f30000,0x00007fe495f34000] with protection modes 0
Event: 528.300 Protecting memory [0x00007fe495f30000,0x00007fe495f34000] with protection modes 0
Event: 540.969 Protecting memory [0x00007fe495f30000,0x00007fe495f34000] with protection modes 0
Event: 540.970 Protecting memory [0x00007fe495030000,0x00007fe495034000] with protection modes 0
Event: 540.970 Protecting memory [0x00007fe494e30000,0x00007fe494e34000] with protection modes 0
Event: 542.903 Protecting memory [0x00007fe495030000,0x00007fe495034000] with protection modes 0
Event: 542.903 Protecting memory [0x00007fe494e30000,0x00007fe494e34000] with protection modes 0
Event: 550.977 Protecting memory [0x00007fe495030000,0x00007fe495034000] with protection modes 0
Event: 550.978 Protecting memory [0x00007fe495f30000,0x00007fe495f34000] with protection modes 0
Event: 550.980 Protecting memory [0x00007fe494e30000,0x00007fe494e34000] with protection modes 0
Event: 634.946 Protecting memory [0x00007fe495f30000,0x00007fe495f34000] with protection modes 0
Event: 634.946 Protecting memory [0x00007fe495030000,0x00007fe495034000] with protection modes 0
Event: 722.912 Protecting memory [0x00007fe495f30000,0x00007fe495f34000] with protection modes 0
Event: 722.912 Protecting memory [0x00007fe495030000,0x00007fe495034000] with protection modes 0
Event: 722.912 Protecting memory [0x00007fe494e30000,0x00007fe494e34000] with protection modes 0
Event: 733.036 Protecting memory [0x00007fe495f30000,0x00007fe495f34000] with protection modes 0
Event: 733.036 Protecting memory [0x00007fe495030000,0x00007fe495034000] with protection modes 0
Event: 733.037 Protecting memory [0x00007fe494e30000,0x00007fe494e34000] with protection modes 0
Event: 962.707 Protecting memory [0x00007fe495f30000,0x00007fe495f34000] with protection modes 0
Event: 1412.373 Protecting memory [0x00007fe495f30000,0x00007fe495f34000] with protection modes 0
Event: 1417.540 Protecting memory [0x00007fe495f30000,0x00007fe495f34000] with protection modes 0
Event: 1417.542 Protecting memory [0x00007fe495030000,0x00007fe495034000] with protection modes 0
Event: 1417.555 Protecting memory [0x00007fe494e30000,0x00007fe494e34000] with protection modes 0
Event: 1417.555 Protecting memory [0x00007fe494d30000,0x00007fe494d34000] with protection modes 0
Event: 1417.557 Protecting memory [0x00007fe494c30000,0x00007fe494c34000] with protection modes 0
Event: 1417.561 Protecting memory [0x00007fe494b30000,0x00007fe494b34000] with protection modes 0
Event: 1417.567 Protecting memory [0x00007fe494a30000,0x00007fe494a34000] with protection modes 0
Event: 1439.526 Protecting memory [0x00007fe495f30000,0x00007fe495f34000] with protection modes 0
Event: 1482.859 Protecting memory [0x00007fe495f30000,0x00007fe495f34000] with protection modes 0
Event: 1482.860 Protecting memory [0x00007fe494e30000,0x00007fe494e34000] with protection modes 0
Event: 1819.376 Protecting memory [0x00007fe495f30000,0x00007fe495f34000] with protection modes 0
Event: 2652.050 Protecting memory [0x00007fe495f30000,0x00007fe495f34000] with protection modes 0
Event: 2652.050 Protecting memory [0x00007fe494e30000,0x00007fe494e34000] with protection modes 0
Event: 2836.923 Protecting memory [0x00007fe495f30000,0x00007fe495f34000] with protection modes 0
Event: 2863.949 Protecting memory [0x00007fe495f30000,0x00007fe495f34000] with protection modes 0
Event: 2863.949 Protecting memory [0x00007fe494e30000,0x00007fe494e34000] with protection modes 0
Event: 2863.965 Protecting memory [0x00007fe494d30000,0x00007fe494d34000] with protection modes 0
Event: 2863.965 Protecting memory [0x00007fe494c30000,0x00007fe494c34000] with protection modes 0
Event: 2863.965 Protecting memory [0x00007fe494a30000,0x00007fe494a34000] with protection modes 0
Event: 2956.512 Protecting memory [0x00007fe494d30000,0x00007fe494d34000] with protection modes 0
Event: 3029.702 Protecting memory [0x00007fe494d30000,0x00007fe494d34000] with protection modes 0
Event: 3029.703 Protecting memory [0x00007fe495f30000,0x00007fe495f34000] with protection modes 0
Event: 3029.713 Protecting memory [0x00007fe494c30000,0x00007fe494c34000] with protection modes 0
Event: 3574.508 Protecting memory [0x00007fe494d30000,0x00007fe494d34000] with protection modes 0
Event: 4306.324 Protecting memory [0x00007fe494d30000,0x00007fe494d34000] with protection modes 0

Nmethod flushes (250 events):
Event: 2864.225 Thread 0x00007fe948119f80 flushing  nmethod 0x00007fe9306cab10
Event: 2864.225 Thread 0x00007fe948119f80 flushing  nmethod 0x00007fe930734010
Event: 2864.225 Thread 0x00007fe948119f80 flushing  nmethod 0x00007fe930715190
Event: 2864.225 Thread 0x00007fe948119f80 flushing  nmethod 0x00007fe930ca7790
Event: 2864.225 Thread 0x00007fe948119f80 flushing  nmethod 0x00007fe9384f7690
Event: 2864.225 Thread 0x00007fe948119f80 flushing  nmethod 0x00007fe938527890
Event: 2864.225 Thread 0x00007fe948119f80 flushing  nmethod 0x00007fe938230610
Event: 2864.225 Thread 0x00007fe948119f80 flushing  nmethod 0x00007fe93077d990
Event: 2864.225 Thread 0x00007fe948119f80 flushing  nmethod 0x00007fe9381a9090
Event: 2864.225 Thread 0x00007fe948119f80 flushing  nmethod 0x00007fe9306f2890
Event: 2864.225 Thread 0x00007fe948119f80 flushing  nmethod 0x00007fe930de9710
Event: 2864.225 Thread 0x00007fe948119f80 flushing  nmethod 0x00007fe930974390
Event: 2864.225 Thread 0x00007fe948119f80 flushing  nmethod 0x00007fe9386a1310
Event: 2864.225 Thread 0x00007fe948119f80 flushing  nmethod 0x00007fe930a6d690
Event: 2864.225 Thread 0x00007fe948119f80 flushing  nmethod 0x00007fe93856d610
Event: 2864.225 Thread 0x00007fe948119f80 flushing  nmethod 0x00007fe930654410
Event: 2864.225 Thread 0x00007fe948119f80 flushing  nmethod 0x00007fe930c01690
Event: 2864.225 Thread 0x00007fe948119f80 flushing  nmethod 0x00007fe938633510
Event: 2864.225 Thread 0x00007fe948119f80 flushing  nmethod 0x00007fe930895690
Event: 2864.225 Thread 0x00007fe948119f80 flushing  nmethod 0x00007fe93826ca90
Event: 2864.225 Thread 0x00007fe948119f80 flushing  nmethod 0x00007fe930b16690
Event: 2864.225 Thread 0x00007fe948119f80 flushing  nmethod 0x00007fe938558510
Event: 2864.225 Thread 0x00007fe948119f80 flushing  nmethod 0x00007fe930d5b910
Event: 2864.225 Thread 0x00007fe948119f80 flushing  nmethod 0x00007fe9382f0a90
Event: 2864.225 Thread 0x00007fe948119f80 flushing  nmethod 0x00007fe93077c290
Event: 2864.225 Thread 0x00007fe948119f80 flushing  nmethod 0x00007fe930ab0e90
Event: 2864.225 Thread 0x00007fe948119f80 flushing  nmethod 0x00007fe9381d4b90
Event: 2864.225 Thread 0x00007fe948119f80 flushing  nmethod 0x00007fe930af5910
Event: 2864.225 Thread 0x00007fe948119f80 flushing  nmethod 0x00007fe9306a9a90
Event: 2864.225 Thread 0x00007fe948119f80 flushing  nmethod 0x00007fe9383aa510
Event: 2864.225 Thread 0x00007fe948119f80 flushing  nmethod 0x00007fe9308a5f10
Event: 2864.225 Thread 0x00007fe948119f80 flushing  nmethod 0x00007fe930cd5790
Event: 2864.225 Thread 0x00007fe948119f80 flushing  nmethod 0x00007fe930945f90
Event: 2864.225 Thread 0x00007fe948119f80 flushing  nmethod 0x00007fe93082ff90
Event: 2864.225 Thread 0x00007fe948119f80 flushing  nmethod 0x00007fe930d4a190
Event: 2864.225 Thread 0x00007fe948119f80 flushing  nmethod 0x00007fe938495310
Event: 2864.225 Thread 0x00007fe948119f80 flushing  nmethod 0x00007fe9306cb190
Event: 2864.225 Thread 0x00007fe948119f80 flushing  nmethod 0x00007fe9385f6610
Event: 2864.225 Thread 0x00007fe948119f80 flushing  nmethod 0x00007fe9306ca210
Event: 2864.225 Thread 0x00007fe948119f80 flushing  nmethod 0x00007fe930792f90
Event: 2864.225 Thread 0x00007fe948119f80 flushing  nmethod 0x00007fe93077b790
Event: 2864.225 Thread 0x00007fe948119f80 flushing  nmethod 0x00007fe930839e90
Event: 2864.225 Thread 0x00007fe948119f80 flushing  nmethod 0x00007fe930cbc890
Event: 2864.225 Thread 0x00007fe948119f80 flushing  nmethod 0x00007fe9306ffa90
Event: 2864.225 Thread 0x00007fe948119f80 flushing  nmethod 0x00007fe93834c190
Event: 2864.225 Thread 0x00007fe948119f80 flushing  nmethod 0x00007fe930fe8d90
Event: 2864.225 Thread 0x00007fe948119f80 flushing  nmethod 0x00007fe93078f910
Event: 2864.225 Thread 0x00007fe948119f80 flushing  nmethod 0x00007fe930774d10
Event: 2864.225 Thread 0x00007fe948119f80 flushing  nmethod 0x00007fe938448610
Event: 2864.225 Thread 0x00007fe948119f80 flushing  nmethod 0x00007fe93824d490
Event: 2864.225 Thread 0x00007fe948119f80 flushing  nmethod 0x00007fe9307cc710
Event: 2864.225 Thread 0x00007fe948119f80 flushing  nmethod 0x00007fe930b6b890
Event: 2864.225 Thread 0x00007fe948119f80 flushing  nmethod 0x00007fe930b99210
Event: 2864.225 Thread 0x00007fe948119f80 flushing  nmethod 0x00007fe9308d5910
Event: 2864.225 Thread 0x00007fe948119f80 flushing  nmethod 0x00007fe93068bc90
Event: 2864.225 Thread 0x00007fe948119f80 flushing  nmethod 0x00007fe938561290
Event: 2864.225 Thread 0x00007fe948119f80 flushing  nmethod 0x00007fe938483490
Event: 2864.225 Thread 0x00007fe948119f80 flushing  nmethod 0x00007fe9381ee910
Event: 2864.225 Thread 0x00007fe948119f80 flushing  nmethod 0x00007fe930976310
Event: 2864.225 Thread 0x00007fe948119f80 flushing  nmethod 0x00007fe930c42410
Event: 2864.225 Thread 0x00007fe948119f80 flushing  nmethod 0x00007fe930c5e610
Event: 2864.225 Thread 0x00007fe948119f80 flushing  nmethod 0x00007fe930756b10
Event: 2864.225 Thread 0x00007fe948119f80 flushing  nmethod 0x00007fe938618e10
Event: 2864.225 Thread 0x00007fe948119f80 flushing  nmethod 0x00007fe9386a2090
Event: 2864.225 Thread 0x00007fe948119f80 flushing  nmethod 0x00007fe938652810
Event: 2864.225 Thread 0x00007fe948119f80 flushing  nmethod 0x00007fe9381b4190
Event: 2864.225 Thread 0x00007fe948119f80 flushing  nmethod 0x00007fe9308bc010
Event: 2864.225 Thread 0x00007fe948119f80 flushing  nmethod 0x00007fe93864ee90
Event: 2864.225 Thread 0x00007fe948119f80 flushing  nmethod 0x00007fe930743e10
Event: 2864.225 Thread 0x00007fe948119f80 flushing  nmethod 0x00007fe930696190
Event: 2864.225 Thread 0x00007fe948119f80 flushing  nmethod 0x00007fe930779610
Event: 2864.225 Thread 0x00007fe948119f80 flushing  nmethod 0x00007fe930a7ab10
Event: 2864.225 Thread 0x00007fe948119f80 flushing  nmethod 0x00007fe9308c1190
Event: 2864.225 Thread 0x00007fe948119f80 flushing  nmethod 0x00007fe93847b410
Event: 2864.225 Thread 0x00007fe948119f80 flushing  nmethod 0x00007fe9381a7790
Event: 2864.225 Thread 0x00007fe948119f80 flushing  nmethod 0x00007fe930c2f890
Event: 2864.225 Thread 0x00007fe948119f80 flushing  nmethod 0x00007fe93065e990
Event: 2864.225 Thread 0x00007fe948119f80 flushing  nmethod 0x00007fe9385fab10
Event: 2864.225 Thread 0x00007fe948119f80 flushing  nmethod 0x00007fe930b98d10
Event: 2864.225 Thread 0x00007fe948119f80 flushing  nmethod 0x00007fe93087b510
Event: 2864.225 Thread 0x00007fe948119f80 flushing  nmethod 0x00007fe930d7a710
Event: 2864.225 Thread 0x00007fe948119f80 flushing  nmethod 0x00007fe93825f710
Event: 2864.225 Thread 0x00007fe948119f80 flushing osr nmethod 0x00007fe930fc3f10
Event: 2864.225 Thread 0x00007fe948119f80 flushing  nmethod 0x00007fe9382c0990
Event: 2864.225 Thread 0x00007fe948119f80 flushing  nmethod 0x00007fe9383f7010
Event: 2864.225 Thread 0x00007fe948119f80 flushing  nmethod 0x00007fe938352590
Event: 2864.225 Thread 0x00007fe948119f80 flushing  nmethod 0x00007fe938528690
Event: 2864.225 Thread 0x00007fe948119f80 flushing  nmethod 0x00007fe930c74090
Event: 2864.225 Thread 0x00007fe948119f80 flushing  nmethod 0x00007fe938550690
Event: 2864.225 Thread 0x00007fe948119f80 flushing  nmethod 0x00007fe930772090
Event: 2864.225 Thread 0x00007fe948119f80 flushing  nmethod 0x00007fe9308e6310
Event: 2864.225 Thread 0x00007fe948119f80 flushing  nmethod 0x00007fe930763990
Event: 2864.225 Thread 0x00007fe948119f80 flushing  nmethod 0x00007fe930a21990
Event: 2864.225 Thread 0x00007fe948119f80 flushing  nmethod 0x00007fe930d7a310
Event: 2864.225 Thread 0x00007fe948119f80 flushing  nmethod 0x00007fe93064fb90
Event: 2864.225 Thread 0x00007fe948119f80 flushing  nmethod 0x00007fe938584410
Event: 2864.225 Thread 0x00007fe948119f80 flushing  nmethod 0x00007fe930a04e90
Event: 2864.225 Thread 0x00007fe948119f80 flushing  nmethod 0x00007fe9307d1290
Event: 2864.225 Thread 0x00007fe948119f80 flushing  nmethod 0x00007fe930690510
Event: 2864.225 Thread 0x00007fe948119f80 flushing  nmethod 0x00007fe9382d8410
Event: 2864.225 Thread 0x00007fe948119f80 flushing  nmethod 0x00007fe9384f2310
Event: 2864.225 Thread 0x00007fe948119f80 flushing  nmethod 0x00007fe930cbcf90
Event: 2864.225 Thread 0x00007fe948119f80 flushing  nmethod 0x00007fe938510b10
Event: 2864.225 Thread 0x00007fe948119f80 flushing  nmethod 0x00007fe930c48f10
Event: 2864.225 Thread 0x00007fe948119f80 flushing  nmethod 0x00007fe93065ed90
Event: 2864.225 Thread 0x00007fe948119f80 flushing  nmethod 0x00007fe93857ba90
Event: 2864.225 Thread 0x00007fe948119f80 flushing  nmethod 0x00007fe930715610
Event: 2864.225 Thread 0x00007fe948119f80 flushing  nmethod 0x00007fe930821190
Event: 2864.225 Thread 0x00007fe948119f80 flushing  nmethod 0x00007fe9385f3290
Event: 2864.225 Thread 0x00007fe948119f80 flushing  nmethod 0x00007fe930a73590
Event: 2864.225 Thread 0x00007fe948119f80 flushing  nmethod 0x00007fe930dfd690
Event: 2864.225 Thread 0x00007fe948119f80 flushing  nmethod 0x00007fe93857ec10
Event: 2864.225 Thread 0x00007fe948119f80 flushing  nmethod 0x00007fe9383a8d10
Event: 2864.225 Thread 0x00007fe948119f80 flushing  nmethod 0x00007fe93859fb10
Event: 2864.225 Thread 0x00007fe948119f80 flushing  nmethod 0x00007fe930751210
Event: 2864.225 Thread 0x00007fe948119f80 flushing  nmethod 0x00007fe930b8dd90
Event: 2864.225 Thread 0x00007fe948119f80 flushing  nmethod 0x00007fe9383a6890
Event: 2864.225 Thread 0x00007fe948119f80 flushing  nmethod 0x00007fe9383b9690
Event: 2864.225 Thread 0x00007fe948119f80 flushing  nmethod 0x00007fe9306d9310
Event: 2864.225 Thread 0x00007fe948119f80 flushing  nmethod 0x00007fe930657c10
Event: 2864.225 Thread 0x00007fe948119f80 flushing  nmethod 0x00007fe930982990
Event: 2864.225 Thread 0x00007fe948119f80 flushing  nmethod 0x00007fe930a9fb90
Event: 2864.225 Thread 0x00007fe948119f80 flushing  nmethod 0x00007fe9383a7c90
Event: 2864.225 Thread 0x00007fe948119f80 flushing  nmethod 0x00007fe9307cb890
Event: 2864.225 Thread 0x00007fe948119f80 flushing  nmethod 0x00007fe93078c090
Event: 2864.225 Thread 0x00007fe948119f80 flushing  nmethod 0x00007fe930aa0590
Event: 2864.225 Thread 0x00007fe948119f80 flushing  nmethod 0x00007fe9306f0590
Event: 2864.225 Thread 0x00007fe948119f80 flushing  nmethod 0x00007fe930607890
Event: 2864.225 Thread 0x00007fe948119f80 flushing  nmethod 0x00007fe9383adf90
Event: 2864.225 Thread 0x00007fe948119f80 flushing  nmethod 0x00007fe9382d8010
Event: 2864.225 Thread 0x00007fe948119f80 flushing  nmethod 0x00007fe930689110
Event: 2864.225 Thread 0x00007fe948119f80 flushing  nmethod 0x00007fe930be7e90
Event: 2864.225 Thread 0x00007fe948119f80 flushing  nmethod 0x00007fe9307c9690
Event: 2864.225 Thread 0x00007fe948119f80 flushing  nmethod 0x00007fe938252690
Event: 2864.225 Thread 0x00007fe948119f80 flushing  nmethod 0x00007fe930be4190
Event: 2864.225 Thread 0x00007fe948119f80 flushing  nmethod 0x00007fe930c2c310
Event: 2864.225 Thread 0x00007fe948119f80 flushing  nmethod 0x00007fe930b81990
Event: 2864.225 Thread 0x00007fe948119f80 flushing  nmethod 0x00007fe9306e5290
Event: 2864.225 Thread 0x00007fe948119f80 flushing  nmethod 0x00007fe938255710
Event: 2864.225 Thread 0x00007fe948119f80 flushing  nmethod 0x00007fe930644b10
Event: 2864.225 Thread 0x00007fe948119f80 flushing  nmethod 0x00007fe930b52a10
Event: 2864.225 Thread 0x00007fe948119f80 flushing  nmethod 0x00007fe930ceea90
Event: 2864.225 Thread 0x00007fe948119f80 flushing  nmethod 0x00007fe930a76a10
Event: 2864.225 Thread 0x00007fe948119f80 flushing  nmethod 0x00007fe9382d4e90
Event: 2864.225 Thread 0x00007fe948119f80 flushing  nmethod 0x00007fe930656790
Event: 2878.257 Thread 0x00007fe948119f80 flushing  nmethod 0x00007fe930bccc90
Event: 2894.338 Thread 0x00007fe948119f80 flushing  nmethod 0x00007fe930795d90
Event: 3009.551 Thread 0x00007fe948119f80 flushing  nmethod 0x00007fe930a2af10
Event: 3032.679 Thread 0x00007fe948119f80 flushing  nmethod 0x00007fe93863a090
Event: 3032.679 Thread 0x00007fe948119f80 flushing  nmethod 0x00007fe938656590
Event: 3032.679 Thread 0x00007fe948119f80 flushing  nmethod 0x00007fe9308b6210
Event: 3032.679 Thread 0x00007fe948119f80 flushing  nmethod 0x00007fe93087fd90
Event: 3032.679 Thread 0x00007fe948119f80 flushing  nmethod 0x00007fe93092ec90
Event: 3032.679 Thread 0x00007fe948119f80 flushing  nmethod 0x00007fe9308b9f10
Event: 3039.784 Thread 0x00007fe948119f80 flushing  nmethod 0x00007fe93081a690
Event: 3047.017 Thread 0x00007fe948119f80 flushing  nmethod 0x00007fe930c88210
Event: 3055.739 Thread 0x00007fe948119f80 flushing  nmethod 0x00007fe930a03d90
Event: 3109.167 Thread 0x00007fe948119f80 flushing  nmethod 0x00007fe930f07a10
Event: 3111.910 Thread 0x00007fe948119f80 flushing  nmethod 0x00007fe930e8dc90
Event: 3157.980 Thread 0x00007fe948119f80 flushing  nmethod 0x00007fe930d69810
Event: 3157.980 Thread 0x00007fe948119f80 flushing  nmethod 0x00007fe9308fc310
Event: 3170.818 Thread 0x00007fe948119f80 flushing  nmethod 0x00007fe930cd0e90
Event: 3198.794 Thread 0x00007fe948119f80 flushing  nmethod 0x00007fe930714c90
Event: 3207.461 Thread 0x00007fe948119f80 flushing  nmethod 0x00007fe930d3cf90
Event: 3240.163 Thread 0x00007fe948119f80 flushing  nmethod 0x00007fe930997090
Event: 3245.339 Thread 0x00007fe948119f80 flushing  nmethod 0x00007fe930cd5390
Event: 3271.867 Thread 0x00007fe948119f80 flushing  nmethod 0x00007fe930e1f010
Event: 3285.867 Thread 0x00007fe948119f80 flushing  nmethod 0x00007fe930e8cb90
Event: 3285.867 Thread 0x00007fe948119f80 flushing  nmethod 0x00007fe930dc8990
Event: 3285.867 Thread 0x00007fe948119f80 flushing  nmethod 0x00007fe930650c10
Event: 3324.640 Thread 0x00007fe948119f80 flushing  nmethod 0x00007fe930b0b990
Event: 3327.721 Thread 0x00007fe948119f80 flushing  nmethod 0x00007fe930dc0790
Event: 3343.809 Thread 0x00007fe948119f80 flushing  nmethod 0x00007fe930d50090
Event: 3343.809 Thread 0x00007fe948119f80 flushing  nmethod 0x00007fe930b6af90
Event: 3361.717 Thread 0x00007fe948119f80 flushing  nmethod 0x00007fe930c1dd10
Event: 3368.447 Thread 0x00007fe948119f80 flushing  nmethod 0x00007fe93063d390
Event: 3442.129 Thread 0x00007fe948119f80 flushing  nmethod 0x00007fe930833690
Event: 3445.973 Thread 0x00007fe948119f80 flushing  nmethod 0x00007fe930d13d90
Event: 3449.562 Thread 0x00007fe948119f80 flushing  nmethod 0x00007fe930e7ff10
Event: 3482.162 Thread 0x00007fe948119f80 flushing  nmethod 0x00007fe930cd7690
Event: 3482.162 Thread 0x00007fe948119f80 flushing  nmethod 0x00007fe93099f090
Event: 3575.319 Thread 0x00007fe948119f80 flushing  nmethod 0x00007fe93849af90
Event: 3575.319 Thread 0x00007fe948119f80 flushing  nmethod 0x00007fe930b17410
Event: 3581.149 Thread 0x00007fe948119f80 flushing  nmethod 0x00007fe930a4bb10
Event: 3581.149 Thread 0x00007fe948119f80 flushing  nmethod 0x00007fe930acc390
Event: 3581.149 Thread 0x00007fe948119f80 flushing  nmethod 0x00007fe930bd6910
Event: 3605.490 Thread 0x00007fe948119f80 flushing  nmethod 0x00007fe930a55d90
Event: 3605.490 Thread 0x00007fe948119f80 flushing  nmethod 0x00007fe930c0a690
Event: 3620.678 Thread 0x00007fe948119f80 flushing  nmethod 0x00007fe930db4c10
Event: 3651.954 Thread 0x00007fe948119f80 flushing  nmethod 0x00007fe93862f810
Event: 3651.954 Thread 0x00007fe948119f80 flushing  nmethod 0x00007fe930916f10
Event: 3651.954 Thread 0x00007fe948119f80 flushing  nmethod 0x00007fe93078bc10
Event: 3663.845 Thread 0x00007fe948119f80 flushing  nmethod 0x00007fe930999010
Event: 3670.175 Thread 0x00007fe948119f80 flushing  nmethod 0x00007fe930e6eb90
Event: 3696.411 Thread 0x00007fe948119f80 flushing  nmethod 0x00007fe93066a090
Event: 3696.411 Thread 0x00007fe948119f80 flushing  nmethod 0x00007fe930b22090
Event: 3696.411 Thread 0x00007fe948119f80 flushing  nmethod 0x00007fe9307c8290
Event: 3696.411 Thread 0x00007fe948119f80 flushing  nmethod 0x00007fe930d6fe10
Event: 3702.741 Thread 0x00007fe948119f80 flushing  nmethod 0x00007fe930dcd110
Event: 3713.426 Thread 0x00007fe948119f80 flushing  nmethod 0x00007fe930c39990
Event: 3713.426 Thread 0x00007fe948119f80 flushing  nmethod 0x00007fe930e8ad10
Event: 3721.809 Thread 0x00007fe948119f80 flushing  nmethod 0x00007fe930c81590
Event: 3736.668 Thread 0x00007fe948119f80 flushing  nmethod 0x00007fe930a28810
Event: 3736.668 Thread 0x00007fe948119f80 flushing  nmethod 0x00007fe930c60c90
Event: 3799.081 Thread 0x00007fe948119f80 flushing  nmethod 0x00007fe9308a6910
Event: 3808.315 Thread 0x00007fe948119f80 flushing  nmethod 0x00007fe930654110
Event: 3813.008 Thread 0x00007fe948119f80 flushing  nmethod 0x00007fe930651890
Event: 3820.155 Thread 0x00007fe948119f80 flushing  nmethod 0x00007fe930937610
Event: 3820.155 Thread 0x00007fe948119f80 flushing  nmethod 0x00007fe930c80c90
Event: 3824.368 Thread 0x00007fe948119f80 flushing  nmethod 0x00007fe930bd8410
Event: 3830.790 Thread 0x00007fe948119f80 flushing  nmethod 0x00007fe930d42510
Event: 3830.790 Thread 0x00007fe948119f80 flushing  nmethod 0x00007fe930cdc910
Event: 3830.790 Thread 0x00007fe948119f80 flushing  nmethod 0x00007fe930d68990
Event: 3835.925 Thread 0x00007fe948119f80 flushing  nmethod 0x00007fe930a3e410
Event: 3835.925 Thread 0x00007fe948119f80 flushing  nmethod 0x00007fe930e59310
Event: 3835.925 Thread 0x00007fe948119f80 flushing  nmethod 0x00007fe930e5ed90
Event: 3835.925 Thread 0x00007fe948119f80 flushing  nmethod 0x00007fe930cea910
Event: 3840.409 Thread 0x00007fe948119f80 flushing  nmethod 0x00007fe930e5e390
Event: 3840.409 Thread 0x00007fe948119f80 flushing  nmethod 0x00007fe930e68390
Event: 3844.607 Thread 0x00007fe948119f80 flushing  nmethod 0x00007fe930e6e690
Event: 3844.607 Thread 0x00007fe948119f80 flushing  nmethod 0x00007fe930a3db90
Event: 3844.607 Thread 0x00007fe948119f80 flushing  nmethod 0x00007fe930e7ab90
Event: 3844.607 Thread 0x00007fe948119f80 flushing  nmethod 0x00007fe930e6fa90
Event: 3906.772 Thread 0x00007fe948119f80 flushing  nmethod 0x00007fe9306c9e90
Event: 3923.774 Thread 0x00007fe948119f80 flushing  nmethod 0x00007fe930d4bc10
Event: 3928.769 Thread 0x00007fe948119f80 flushing  nmethod 0x00007fe930ea2010
Event: 3928.769 Thread 0x00007fe948119f80 flushing  nmethod 0x00007fe930e72910
Event: 3928.769 Thread 0x00007fe948119f80 flushing  nmethod 0x00007fe930d41a90
Event: 3974.005 Thread 0x00007fe948119f80 flushing  nmethod 0x00007fe9309aef10
Event: 3998.082 Thread 0x00007fe948119f80 flushing  nmethod 0x00007fe930c8fa10
Event: 4012.043 Thread 0x00007fe948119f80 flushing  nmethod 0x00007fe930ad2390
Event: 4018.844 Thread 0x00007fe948119f80 flushing  nmethod 0x00007fe930ea4b90
Event: 4056.700 Thread 0x00007fe948119f80 flushing  nmethod 0x00007fe930f2f810
Event: 4096.257 Thread 0x00007fe948119f80 flushing  nmethod 0x00007fe930a3ef10
Event: 4127.637 Thread 0x00007fe948119f80 flushing  nmethod 0x00007fe930bd5890
Event: 4134.483 Thread 0x00007fe948119f80 flushing  nmethod 0x00007fe930e81110
Event: 4143.071 Thread 0x00007fe948119f80 flushing  nmethod 0x00007fe930647010
Event: 4143.071 Thread 0x00007fe948119f80 flushing  nmethod 0x00007fe930647410
Event: 4143.071 Thread 0x00007fe948119f80 flushing  nmethod 0x00007fe930b0d890
Event: 4216.631 Thread 0x00007fe948119f80 flushing  nmethod 0x00007fe930ad0b10
Event: 4216.631 Thread 0x00007fe948119f80 flushing  nmethod 0x00007fe930fc1590
Event: 4260.076 Thread 0x00007fe948119f80 flushing  nmethod 0x00007fe930a32910
Event: 4260.076 Thread 0x00007fe948119f80 flushing  nmethod 0x00007fe930a30d10
Event: 4260.076 Thread 0x00007fe948119f80 flushing  nmethod 0x00007fe930c4c210
Event: 4265.279 Thread 0x00007fe948119f80 flushing  nmethod 0x00007fe930bd7a10
Event: 4272.818 Thread 0x00007fe948119f80 flushing  nmethod 0x00007fe930dce710
Event: 4287.899 Thread 0x00007fe948119f80 flushing  nmethod 0x00007fe930d6c210
Event: 4302.512 Thread 0x00007fe948119f80 flushing  nmethod 0x00007fe93866c090
Event: 4387.798 Thread 0x00007fe948119f80 flushing  nmethod 0x00007fe93087a490
Event: 4395.200 Thread 0x00007fe948119f80 flushing  nmethod 0x00007fe930cc9490

Events (177 events):
Event: 0.096 Thread 0x00007fe9480c8e10 Thread added: 0x00007fe9480c8e10
Event: 0.101 Thread 0x00007fe9480c8e10 Thread added: 0x00007fe94816c020
Event: 0.101 Thread 0x00007fe9480c8e10 Thread added: 0x00007fe94816da10
Event: 0.102 Thread 0x00007fe9480c8e10 Thread added: 0x00007fe94816f630
Event: 0.102 Thread 0x00007fe9480c8e10 Thread added: 0x00007fe9481710f0
Event: 0.103 Thread 0x00007fe9480c8e10 Thread added: 0x00007fe948172b10
Event: 0.103 Thread 0x00007fe9480c8e10 Thread added: 0x00007fe948174b50
Event: 0.105 Thread 0x00007fe9480c8e10 Thread added: 0x00007fe94817e680
Event: 0.125 Thread 0x00007fe9480c8e10 Thread added: 0x00007fe9481d12b0
Event: 0.127 Thread 0x00007fe9480c8e10 Thread added: 0x00007fe9481d4730
Event: 0.137 Thread 0x00007fe948174b50 Thread added: 0x00007fe46c0a7d90
Event: 0.155 Thread 0x00007fe94817e680 Thread added: 0x00007fe47004f280
Event: 0.184 Thread 0x00007fe94817e680 Thread added: 0x00007fe470053cc0
Event: 0.185 Thread 0x00007fe94817e680 Thread added: 0x00007fe470055450
Event: 0.312 Thread 0x00007fe9480c8e10 Thread added: 0x00007fe9482eb410
Event: 0.325 Thread 0x00007fe9480c8e10 Thread added: 0x00007fe9482fea70
Event: 0.329 Thread 0x00007fe9482fea70 Thread added: 0x00007fe450001920
Event: 0.391 Thread 0x00007fe450001920 Thread added: 0x00007fe44401c5e0
Event: 0.650 Thread 0x00007fe46c0a7d90 Thread added: 0x00007fe45c096f70
Event: 0.654 Thread 0x00007fe46c0a7d90 Thread added: 0x00007fe45c098710
Event: 0.793 Thread 0x00007fe9480c8e10 Thread added: 0x00007fe948588650
Event: 0.940 Thread 0x00007fe44401c5e0 Thread added: 0x00007fe4481db450
Event: 0.940 Thread 0x00007fe44401c5e0 Thread exited: 0x00007fe44401c5e0
Event: 0.981 Thread 0x00007fe450001920 Thread added: 0x00007fe44402d6d0
Event: 1.013 Thread 0x00007fe44402d6d0 Thread exited: 0x00007fe44402d6d0
Event: 1.332 Thread 0x00007fe9480c8e10 Thread added: 0x00007fe94859fd80
Event: 1.422 Thread 0x00007fe9480c8e10 Thread added: 0x00007fe948695390
Event: 1.476 Thread 0x00007fe9480c8e10 Thread added: 0x00007fe9486bb2b0
Event: 1.758 Thread 0x00007fe9480c8e10 Thread added: 0x00007fe948704600
Event: 1.942 Thread 0x00007fe45c098710 Thread exited: 0x00007fe45c098710
Event: 2.211 Thread 0x00007fe45c096f70 Thread exited: 0x00007fe45c096f70
Event: 2.212 Thread 0x00007fe46c0a7d90 Thread exited: 0x00007fe46c0a7d90
Event: 2.480 Thread 0x00007fe948174b50 Thread added: 0x00007fe46c3a3c20
Event: 2.711 Thread 0x00007fe46c3a3c20 Thread exited: 0x00007fe46c3a3c20
Event: 3.080 Thread 0x00007fe948704600 Thread added: 0x00007fe400002420
Event: 3.081 Thread 0x00007fe470055450 Thread exited: 0x00007fe470055450
Event: 3.081 Thread 0x00007fe470053cc0 Thread exited: 0x00007fe470053cc0
Event: 5.307 Thread 0x00007fe948704600 Thread added: 0x00007fe400004bb0
Event: 5.970 Thread 0x00007fe948704600 Thread added: 0x00007fe400006090
Event: 6.046 Thread 0x00007fe450001920 Thread exited: 0x00007fe450001920
Event: 7.138 Thread 0x00007fe948704600 Thread added: 0x00007fe400007290
Event: 7.139 Thread 0x00007fe47004f280 Thread exited: 0x00007fe47004f280
Event: 10.801 Thread 0x00007fe948174b50 Thread added: 0x00007fe46c2ff290
Event: 10.969 Thread 0x00007fe46c2ff290 Thread exited: 0x00007fe46c2ff290
Event: 15.805 Thread 0x00007fe94817e680 Thread added: 0x00007fe47003e750
Event: 15.808 Thread 0x00007fe94817e680 Thread added: 0x00007fe47003fa10
Event: 15.812 Thread 0x00007fe94817e680 Thread added: 0x00007fe470049600
Event: 16.100 Thread 0x00007fe47003e750 Thread exited: 0x00007fe47003e750
Event: 17.859 Thread 0x00007fe470049600 Thread exited: 0x00007fe470049600
Event: 17.859 Thread 0x00007fe47003fa10 Thread exited: 0x00007fe47003fa10
Event: 20.812 Thread 0x00007fe94817e680 Thread added: 0x00007fe47003f960
Event: 22.217 Thread 0x00007fe47003f960 Thread exited: 0x00007fe47003f960
Event: 25.801 Thread 0x00007fe948174b50 Thread added: 0x00007fe46c1ceb10
Event: 25.802 Thread 0x00007fe94817e680 Thread added: 0x00007fe4704d4dc0
Event: 25.806 Thread 0x00007fe94817e680 Thread added: 0x00007fe4704d5830
Event: 25.806 Thread 0x00007fe94817e680 Thread added: 0x00007fe4704d69f0
Event: 25.810 Thread 0x00007fe94817e680 Thread added: 0x00007fe4704d9050
Event: 25.970 Thread 0x00007fe4704d4dc0 Thread exited: 0x00007fe4704d4dc0
Event: 25.971 Thread 0x00007fe46c1ceb10 Thread exited: 0x00007fe46c1ceb10
Event: 28.987 Thread 0x00007fe4704d9050 Thread exited: 0x00007fe4704d9050
Event: 31.670 Thread 0x00007fe400004bb0 Thread added: 0x00007fe45402b9b0
Event: 31.671 Thread 0x00007fe400002420 Thread added: 0x00007fe45c0c2460
Event: 31.673 Thread 0x00007fe400004bb0 Thread added: 0x00007fe45402cc30
Event: 31.693 Thread 0x00007fe4704d5830 Thread added: 0x00007fe4600dff90
Event: 31.946 Thread 0x00007fe4600dff90 Thread exited: 0x00007fe4600dff90
Event: 32.143 Thread 0x00007fe948174b50 Thread added: 0x00007fe46c2e9150
Event: 34.555 Thread 0x00007fe46c2e9150 Thread exited: 0x00007fe46c2e9150
Event: 36.500 Thread 0x00007fe4704d69f0 Thread exited: 0x00007fe4704d69f0
Event: 40.090 Thread 0x00007fe4704d5830 Thread exited: 0x00007fe4704d5830
Event: 42.746 Thread 0x00007fe94817e680 Thread added: 0x00007fe470079b10
Event: 44.110 Thread 0x00007fe470079b10 Thread exited: 0x00007fe470079b10
Event: 118.725 Thread 0x00007fe94817e680 Thread added: 0x00007fe4704bcf80
Event: 120.351 Thread 0x00007fe4704bcf80 Thread exited: 0x00007fe4704bcf80
Event: 158.132 Thread 0x00007fe948174b50 Thread added: 0x00007fe46c2ed410
Event: 158.543 Thread 0x00007fe46c2ed410 Thread exited: 0x00007fe46c2ed410
Event: 175.970 Thread 0x00007fe94817e680 Thread added: 0x00007fe470241910
Event: 175.970 Thread 0x00007fe94817e680 Thread added: 0x00007fe470242960
Event: 175.970 Thread 0x00007fe94817e680 Thread added: 0x00007fe470243bf0
Event: 176.661 Thread 0x00007fe470243bf0 Thread exited: 0x00007fe470243bf0
Event: 177.768 Thread 0x00007fe470242960 Thread exited: 0x00007fe470242960
Event: 179.008 Thread 0x00007fe470241910 Thread exited: 0x00007fe470241910
Event: 266.937 Thread 0x00007fe94817e680 Thread added: 0x00007fe4700e9570
Event: 266.939 Thread 0x00007fe94817e680 Thread added: 0x00007fe4700ea850
Event: 266.943 Thread 0x00007fe94817e680 Thread added: 0x00007fe4700ebc30
Event: 267.482 Thread 0x00007fe4700ebc30 Thread exited: 0x00007fe4700ebc30
Event: 267.482 Thread 0x00007fe4700ea850 Thread exited: 0x00007fe4700ea850
Event: 270.331 Thread 0x00007fe4700e9570 Thread exited: 0x00007fe4700e9570
Event: 515.413 Thread 0x00007fe948174b50 Thread added: 0x00007fe46c91c8c0
Event: 515.796 Thread 0x00007fe46c91c8c0 Thread exited: 0x00007fe46c91c8c0
Event: 528.298 Thread 0x00007fe948174b50 Thread added: 0x00007fe46c97efd0
Event: 529.082 Thread 0x00007fe46c97efd0 Thread exited: 0x00007fe46c97efd0
Event: 540.969 Thread 0x00007fe94817e680 Thread added: 0x00007fe470719000
Event: 540.970 Thread 0x00007fe94817e680 Thread added: 0x00007fe470714b80
Event: 540.970 Thread 0x00007fe470719000 Thread added: 0x00007fe460025c40
Event: 541.723 Thread 0x00007fe460025c40 Thread exited: 0x00007fe460025c40
Event: 541.724 Thread 0x00007fe470714b80 Thread exited: 0x00007fe470714b80
Event: 542.903 Thread 0x00007fe470719000 Thread added: 0x00007fe46007f360
Event: 542.903 Thread 0x00007fe470719000 Thread added: 0x00007fe46007fab0
Event: 543.705 Thread 0x00007fe46007fab0 Thread exited: 0x00007fe46007fab0
Event: 544.983 Thread 0x00007fe46007f360 Thread exited: 0x00007fe46007f360
Event: 545.970 Thread 0x00007fe470719000 Thread exited: 0x00007fe470719000
Event: 550.976 Thread 0x00007fe94817e680 Thread added: 0x00007fe4707194c0
Event: 550.977 Thread 0x00007fe94817e680 Thread added: 0x00007fe470061930
Event: 550.979 Thread 0x00007fe94817e680 Thread added: 0x00007fe470062320
Event: 552.342 Thread 0x00007fe470062320 Thread exited: 0x00007fe470062320
Event: 555.797 Thread 0x00007fe470061930 Thread exited: 0x00007fe470061930
Event: 560.797 Thread 0x00007fe4707194c0 Thread exited: 0x00007fe4707194c0
Event: 634.946 Thread 0x00007fe94817e680 Thread added: 0x00007fe470062c40
Event: 634.946 Thread 0x00007fe94817e680 Thread added: 0x00007fe470035f10
Event: 635.797 Thread 0x00007fe470035f10 Thread exited: 0x00007fe470035f10
Event: 635.973 Thread 0x00007fe470062c40 Thread exited: 0x00007fe470062c40
Event: 722.912 Thread 0x00007fe94817e680 Thread added: 0x00007fe470062790
Event: 722.912 Thread 0x00007fe94817e680 Thread added: 0x00007fe4700360a0
Event: 722.912 Thread 0x00007fe94817e680 Thread added: 0x00007fe470454e10
Event: 725.972 Thread 0x00007fe470454e10 Thread exited: 0x00007fe470454e10
Event: 730.973 Thread 0x00007fe4700360a0 Thread exited: 0x00007fe4700360a0
Event: 731.842 Thread 0x00007fe470062790 Thread exited: 0x00007fe470062790
Event: 733.036 Thread 0x00007fe94817e680 Thread added: 0x00007fe4700626e0
Event: 733.036 Thread 0x00007fe94817e680 Thread added: 0x00007fe4700361e0
Event: 733.036 Thread 0x00007fe94817e680 Thread added: 0x00007fe470455060
Event: 735.469 Thread 0x00007fe470455060 Thread exited: 0x00007fe470455060
Event: 737.480 Thread 0x00007fe4700361e0 Thread exited: 0x00007fe4700361e0
Event: 739.524 Thread 0x00007fe4700626e0 Thread exited: 0x00007fe4700626e0
Event: 962.707 Thread 0x00007fe948174b50 Thread added: 0x00007fe46c47deb0
Event: 969.555 Thread 0x00007fe46c47deb0 Thread exited: 0x00007fe46c47deb0
Event: 1412.373 Thread 0x00007fe9482eb410 Thread added: 0x00007fe44c024960
Event: 1417.374 Thread 0x00007fe44c024960 Thread exited: 0x00007fe44c024960
Event: 1417.540 Thread 0x00007fe9482fea70 Thread added: 0x00007fe45002ffb0
Event: 1417.542 Thread 0x00007fe45002ffb0 Thread added: 0x00007fe4601f55d0
Event: 1417.554 Thread 0x00007fe94817e680 Thread added: 0x00007fe47003b200
Event: 1417.555 Thread 0x00007fe94817e680 Thread added: 0x00007fe47003b950
Event: 1417.557 Thread 0x00007fe94817e680 Thread added: 0x00007fe47003cbd0
Event: 1417.561 Thread 0x00007fe94817e680 Thread added: 0x00007fe470009150
Event: 1417.566 Thread 0x00007fe47003cbd0 Thread added: 0x00007fe3f4009c70
Event: 1417.577 Thread 0x00007fe4601f55d0 Thread exited: 0x00007fe4601f55d0
Event: 1418.321 Thread 0x00007fe470009150 Thread exited: 0x00007fe470009150
Event: 1418.321 Thread 0x00007fe3f4009c70 Thread exited: 0x00007fe3f4009c70
Event: 1418.321 Thread 0x00007fe47003cbd0 Thread exited: 0x00007fe47003cbd0
Event: 1418.546 Thread 0x00007fe47003b950 Thread exited: 0x00007fe47003b950
Event: 1419.344 Thread 0x00007fe47003b200 Thread exited: 0x00007fe47003b200
Event: 1422.608 Thread 0x00007fe45002ffb0 Thread exited: 0x00007fe45002ffb0
Event: 1439.526 Thread 0x00007fe9482eb410 Thread added: 0x00007fe44c024960
Event: 1444.528 Thread 0x00007fe44c024960 Thread exited: 0x00007fe44c024960
Event: 1482.859 Thread 0x00007fe9482fea70 Thread added: 0x00007fe45002ffb0
Event: 1482.860 Thread 0x00007fe45002ffb0 Thread added: 0x00007fe4601f55d0
Event: 1482.885 Thread 0x00007fe4601f55d0 Thread exited: 0x00007fe4601f55d0
Event: 1487.917 Thread 0x00007fe45002ffb0 Thread exited: 0x00007fe45002ffb0
Event: 1819.376 Thread 0x00007fe948174b50 Thread added: 0x00007fe46ccfb9b0
Event: 1820.116 Thread 0x00007fe46ccfb9b0 Thread exited: 0x00007fe46ccfb9b0
Event: 2652.050 Thread 0x00007fe94817e680 Thread added: 0x00007fe470433260
Event: 2652.050 Thread 0x00007fe94817e680 Thread added: 0x00007fe4704a97c0
Event: 2657.051 Thread 0x00007fe4704a97c0 Thread exited: 0x00007fe4704a97c0
Event: 2657.052 Thread 0x00007fe470433260 Thread exited: 0x00007fe470433260
Event: 2836.923 Thread 0x00007fe9482eb410 Thread added: 0x00007fe44c024960
Event: 2841.924 Thread 0x00007fe44c024960 Thread exited: 0x00007fe44c024960
Event: 2863.949 Thread 0x00007fe9482fea70 Thread added: 0x00007fe45002ffb0
Event: 2863.949 Thread 0x00007fe45002ffb0 Thread added: 0x00007fe46000cf60
Event: 2863.965 Thread 0x00007fe948174b50 Thread added: 0x00007fe46c249060
Event: 2863.965 Thread 0x00007fe948174b50 Thread added: 0x00007fe46cb10f40
Event: 2863.965 Thread 0x00007fe948174b50 Thread added: 0x00007fe46c29ca80
Event: 2863.974 Thread 0x00007fe46000cf60 Thread exited: 0x00007fe46000cf60
Event: 2868.972 Thread 0x00007fe46c29ca80 Thread exited: 0x00007fe46c29ca80
Event: 2868.974 Thread 0x00007fe46cb10f40 Thread exited: 0x00007fe46cb10f40
Event: 2869.005 Thread 0x00007fe45002ffb0 Thread exited: 0x00007fe45002ffb0
Event: 2873.972 Thread 0x00007fe46c249060 Thread exited: 0x00007fe46c249060
Event: 2956.512 Thread 0x00007fe9482eb410 Thread added: 0x00007fe44c024960
Event: 2961.514 Thread 0x00007fe44c024960 Thread exited: 0x00007fe44c024960
Event: 3029.702 Thread 0x00007fe9482fea70 Thread added: 0x00007fe45002ffb0
Event: 3029.703 Thread 0x00007fe45002ffb0 Thread added: 0x00007fe3f00019c0
Event: 3029.713 Thread 0x00007fe94817e680 Thread added: 0x00007fe470433260
Event: 3029.716 Thread 0x00007fe3f00019c0 Thread exited: 0x00007fe3f00019c0
Event: 3034.716 Thread 0x00007fe470433260 Thread exited: 0x00007fe470433260
Event: 3034.746 Thread 0x00007fe45002ffb0 Thread exited: 0x00007fe45002ffb0
Event: 3574.508 Thread 0x00007fe948174b50 Thread added: 0x00007fe46c249060
Event: 3574.878 Thread 0x00007fe46c249060 Thread exited: 0x00007fe46c249060
Event: 4306.323 Thread 0x00007fe94817e680 Thread added: 0x00007fe470433260
Event: 4309.884 Thread 0x00007fe470433260 Thread exited: 0x00007fe470433260


Dynamic libraries:
40000000000-40020000000 rw-s 00000000 00:01 1028                         /memfd:java_heap (deleted)
40020000000-40200000000 ---p 00000000 00:00 0 
5f6910268000-5f6910269000 r-xp 00000000 103:06 42209347                  /usr/lib/jvm/zulu21-ca-amd64/bin/java
5f691026a000-5f691026b000 r--p 00001000 103:06 42209347                  /usr/lib/jvm/zulu21-ca-amd64/bin/java
5f691026b000-5f691026c000 rw-p 00002000 103:06 42209347                  /usr/lib/jvm/zulu21-ca-amd64/bin/java
5f692d14e000-5f692d194000 rw-p 00000000 00:00 0                          [heap]
7fe3e8000000-7fe3e8065000 rw-p 00000000 00:00 0 
7fe3e8065000-7fe3ec000000 ---p 00000000 00:00 0 
7fe3ec000000-7fe3ec2d5000 rw-p 00000000 00:00 0 
7fe3ec2d5000-7fe3f0000000 ---p 00000000 00:00 0 
7fe3f0000000-7fe3f0457000 rw-p 00000000 00:00 0 
7fe3f0457000-7fe3f4000000 ---p 00000000 00:00 0 
7fe3f4000000-7fe3f40e4000 rw-p 00000000 00:00 0 
7fe3f40e4000-7fe3f8000000 ---p 00000000 00:00 0 
7fe3f8000000-7fe3f8021000 rw-p 00000000 00:00 0 
7fe3f8021000-7fe3fc000000 ---p 00000000 00:00 0 
7fe3fc000000-7fe3fc2a8000 rw-p 00000000 00:00 0 
7fe3fc2a8000-7fe400000000 ---p 00000000 00:00 0 
7fe400000000-7fe400021000 rw-p 00000000 00:00 0 
7fe400021000-7fe404000000 ---p 00000000 00:00 0 
7fe405ff6000-7fe408ff7000 rw-s 00000000 00:1d 858                        /dev/shm/aeron-market-7424/images/11.logbuffer
7fe408ff7000-7fe40bff8000 rw-s 00000000 00:1d 858                        /dev/shm/aeron-market-7424/images/11.logbuffer
7fe410000000-7fe410081000 rw-p 00000000 00:00 0 
7fe410081000-7fe414000000 ---p 00000000 00:00 0 
7fe417ffc000-7fe41affd000 rw-s 00000000 00:1d 850                        /dev/shm/aeron-market-7424/publications/4.logbuffer
7fe41affd000-7fe41dffe000 rw-s 00000000 00:1d 850                        /dev/shm/aeron-market-7424/publications/4.logbuffer
7fe424000000-7fe424021000 rw-p 00000000 00:00 0 
7fe424021000-7fe428000000 ---p 00000000 00:00 0 
7fe4291ff000-7fe42c000000 rw-s 00000000 00:1d 845                        /dev/shm/aeron-market-7424/cnc.dat
7fe42c000000-7fe42ca68000 rw-p 00000000 00:00 0 
7fe42ca68000-7fe430000000 ---p 00000000 00:00 0 
7fe4311ff000-7fe434000000 rw-s 00000000 00:1d 845                        /dev/shm/aeron-market-7424/cnc.dat
7fe434000000-7fe4343eb000 rw-p 00000000 00:00 0 
7fe4343eb000-7fe438000000 ---p 00000000 00:00 0 
7fe438000000-7fe438021000 rw-p 00000000 00:00 0 
7fe438021000-7fe43c000000 ---p 00000000 00:00 0 
7fe43c000000-7fe43cfc7000 rw-p 00000000 00:00 0 
7fe43cfc7000-7fe440000000 ---p 00000000 00:00 0 
7fe440000000-7fe4405de000 rw-p 00000000 00:00 0 
7fe4405de000-7fe444000000 ---p 00000000 00:00 0 
7fe444000000-7fe444045000 rw-p 00000000 00:00 0 
7fe444045000-7fe448000000 ---p 00000000 00:00 0 
7fe448000000-7fe4481e5000 rw-p 00000000 00:00 0 
7fe4481e5000-7fe44c000000 ---p 00000000 00:00 0 
7fe44c000000-7fe44c028000 rw-p 00000000 00:00 0 
7fe44c028000-7fe450000000 ---p 00000000 00:00 0 
7fe450000000-7fe450043000 rw-p 00000000 00:00 0 
7fe450043000-7fe454000000 ---p 00000000 00:00 0 
7fe454000000-7fe454212000 rw-p 00000000 00:00 0 
7fe454212000-7fe458000000 ---p 00000000 00:00 0 
7fe458000000-7fe4581f9000 rw-p 00000000 00:00 0 
7fe4581f9000-7fe45c000000 ---p 00000000 00:00 0 
7fe45c000000-7fe45d661000 rw-p 00000000 00:00 0 
7fe45d661000-7fe460000000 ---p 00000000 00:00 0 
7fe460000000-7fe4609da000 rw-p 00000000 00:00 0 
7fe4609da000-7fe464000000 ---p 00000000 00:00 0 
7fe464000000-7fe464021000 rw-p 00000000 00:00 0 
7fe464021000-7fe468000000 ---p 00000000 00:00 0 
7fe468000000-7fe468021000 rw-p 00000000 00:00 0 
7fe468021000-7fe46c000000 ---p 00000000 00:00 0 
7fe46c000000-7fe46e95b000 rw-p 00000000 00:00 0 
7fe46e95b000-7fe470000000 ---p 00000000 00:00 0 
7fe470000000-7fe470839000 rw-p 00000000 00:00 0 
7fe470839000-7fe474000000 ---p 00000000 00:00 0 
7fe474000000-7fe474021000 rw-p 00000000 00:00 0 
7fe474021000-7fe478000000 ---p 00000000 00:00 0 
7fe478000000-7fe478021000 rw-p 00000000 00:00 0 
7fe478021000-7fe47c000000 ---p 00000000 00:00 0 
7fe47c000000-7fe47c021000 rw-p 00000000 00:00 0 
7fe47c021000-7fe480000000 ---p 00000000 00:00 0 
7fe480000000-7fe480021000 rw-p 00000000 00:00 0 
7fe480021000-7fe484000000 ---p 00000000 00:00 0 
7fe484000000-7fe484021000 rw-p 00000000 00:00 0 
7fe484021000-7fe488000000 ---p 00000000 00:00 0 
7fe488000000-7fe488021000 rw-p 00000000 00:00 0 
7fe488021000-7fe48c000000 ---p 00000000 00:00 0 
7fe48c000000-7fe48c400000 rw-p 00000000 00:00 0 
7fe48c400000-7fe48c780000 rw-p 00000000 00:00 0 
7fe48c780000-7fe48c840000 rw-p 00000000 00:00 0 
7fe48c840000-7fe48c880000 rw-p 00000000 00:00 0 
7fe48c880000-7fe48c900000 rw-p 00000000 00:00 0 
7fe48c900000-7fe48cb00000 rw-p 00000000 00:00 0 
7fe48cb00000-7fe48cc00000 rw-p 00000000 00:00 0 
7fe48cc00000-7fe48cd00000 rw-p 00000000 00:00 0 
7fe48cd00000-7fe48ce00000 rw-p 00000000 00:00 0 
7fe48ce00000-7fe48d100000 rw-p 00000000 00:00 0 
7fe48d100000-7fe48d200000 rw-p 00000000 00:00 0 
7fe48d200000-7fe48d300000 rw-p 00000000 00:00 0 
7fe48d300000-7fe48d400000 rw-p 00000000 00:00 0 
7fe48d400000-7fe48d700000 rw-p 00000000 00:00 0 
7fe48d700000-7fe48d7c0000 rw-p 00000000 00:00 0 
7fe48d7c0000-7fe48d800000 ---p 00000000 00:00 0 
7fe48d800000-7fe48d950000 rw-p 00000000 00:00 0 
7fe48d950000-7fe490000000 ---p 00000000 00:00 0 
7fe490000000-7fe490021000 rw-p 00000000 00:00 0 
7fe490021000-7fe494000000 ---p 00000000 00:00 0 
7fe494a30000-7fe494a34000 ---p 00000000 00:00 0 
7fe494a34000-7fe494b30000 rw-p 00000000 00:00 0 
7fe494b30000-7fe494b34000 ---p 00000000 00:00 0 
7fe494b34000-7fe494c30000 rw-p 00000000 00:00 0 
7fe494c30000-7fe494c34000 ---p 00000000 00:00 0 
7fe494c34000-7fe494d30000 rw-p 00000000 00:00 0 
7fe494d30000-7fe494d34000 ---p 00000000 00:00 0 
7fe494d34000-7fe494e30000 rw-p 00000000 00:00 0 
7fe494e30000-7fe494e34000 ---p 00000000 00:00 0 
7fe494e34000-7fe494f30000 rw-p 00000000 00:00 0 
7fe494f30000-7fe494f34000 ---p 00000000 00:00 0 
7fe494f34000-7fe495030000 rw-p 00000000 00:00 0 
7fe495030000-7fe495034000 ---p 00000000 00:00 0 
7fe495034000-7fe495130000 rw-p 00000000 00:00 0 
7fe495130000-7fe495134000 ---p 00000000 00:00 0 
7fe495134000-7fe495230000 rw-p 00000000 00:00 0 
7fe495230000-7fe495234000 ---p 00000000 00:00 0 
7fe495234000-7fe495330000 rw-p 00000000 00:00 0 
7fe495330000-7fe495334000 ---p 00000000 00:00 0 
7fe495334000-7fe495430000 rw-p 00000000 00:00 0 
7fe495430000-7fe495530000 rw-s 00000000 00:1d 848                        /dev/shm/aeron-market-7424/loss-report.dat
7fe495530000-7fe495534000 ---p 00000000 00:00 0 
7fe495534000-7fe495630000 rw-p 00000000 00:00 0 
7fe495630000-7fe495634000 ---p 00000000 00:00 0 
7fe495634000-7fe495730000 rw-p 00000000 00:00 0 
7fe495730000-7fe495734000 ---p 00000000 00:00 0 
7fe495734000-7fe495830000 rw-p 00000000 00:00 0 
7fe495830000-7fe495834000 ---p 00000000 00:00 0 
7fe495834000-7fe495930000 rw-p 00000000 00:00 0 
7fe495930000-7fe495934000 ---p 00000000 00:00 0 
7fe495934000-7fe495a30000 rw-p 00000000 00:00 0 
7fe495a30000-7fe495a34000 ---p 00000000 00:00 0 
7fe495a34000-7fe495b30000 rw-p 00000000 00:00 0 
7fe495b30000-7fe495b34000 ---p 00000000 00:00 0 
7fe495b34000-7fe495c30000 rw-p 00000000 00:00 0 
7fe495c30000-7fe495c34000 ---p 00000000 00:00 0 
7fe495c34000-7fe495d30000 rw-p 00000000 00:00 0 
7fe495d30000-7fe495d34000 ---p 00000000 00:00 0 
7fe495d34000-7fe495e30000 rw-p 00000000 00:00 0 
7fe495e30000-7fe495e34000 ---p 00000000 00:00 0 
7fe495e34000-7fe495f30000 rw-p 00000000 00:00 0 
7fe495f30000-7fe495f34000 ---p 00000000 00:00 0 
7fe495f34000-7fe496030000 rw-p 00000000 00:00 0 
7fe496030000-7fe496034000 ---p 00000000 00:00 0 
7fe496034000-7fe496130000 rw-p 00000000 00:00 0 
7fe496130000-7fe496134000 ---p 00000000 00:00 0 
7fe496134000-7fe496230000 rw-p 00000000 00:00 0 
7fe496230000-7fe496234000 ---p 00000000 00:00 0 
7fe496234000-7fe496330000 rw-p 00000000 00:00 0 
7fe496330000-7fe496334000 ---p 00000000 00:00 0 
7fe496334000-7fe496430000 rw-p 00000000 00:00 0 
7fe496430000-7fe4964fe000 r-xp 00000000 103:06 42209345                  /usr/lib/jvm/zulu21-ca-amd64/lib/libjsvml.so
7fe4964fe000-7fe4964ff000 r--p 000cd000 103:06 42209345                  /usr/lib/jvm/zulu21-ca-amd64/lib/libjsvml.so
7fe4964ff000-7fe496500000 rw-p 000ce000 103:06 42209345                  /usr/lib/jvm/zulu21-ca-amd64/lib/libjsvml.so
7fe496500000-7fe496504000 ---p 00000000 00:00 0 
7fe496504000-7fe496600000 rw-p 00000000 00:00 0 
7fe496600000-7fe496604000 ---p 00000000 00:00 0 
7fe496604000-7fe496700000 rw-p 00000000 00:00 0 
7fe496700000-7fe496704000 ---p 00000000 00:00 0 
7fe496704000-7fe496800000 rw-p 00000000 00:00 0 
7fe496800000-7fe496804000 ---p 00000000 00:00 0 
7fe496804000-7fe496900000 rw-p 00000000 00:00 0 
7fe496900000-7fe496904000 ---p 00000000 00:00 0 
7fe496904000-7fe496a00000 rw-p 00000000 00:00 0 
7fe496a00000-7fe496f75000 r--p 00000000 103:06 41549904                  /usr/lib/locale/locale-archive
7fe497000000-7fe497cff000 rw-p 00001000 103:06 42209307                  /usr/lib/jvm/zulu21-ca-amd64/lib/server/classes_nocoops.jsa
7fe497cff000-7fe498000000 ---p 00000000 00:00 0 
7fe498000000-7fe498040000 rw-p 00000000 00:00 0 
7fe498040000-7fe498080000 rw-p 00000000 00:00 0 
7fe498080000-7fe4980c0000 rw-p 00000000 00:00 0 
7fe4980c0000-7fe498140000 rw-p 00000000 00:00 0 
7fe498140000-7fe498160000 rw-p 00000000 00:00 0 
7fe498160000-7fe4981c0000 rw-p 00000000 00:00 0 
7fe4981c0000-7fe4982c0000 rw-p 00000000 00:00 0 
7fe4982c0000-7fe4982d0000 rw-p 00000000 00:00 0 
7fe4982d0000-7fe498300000 ---p 00000000 00:00 0 
7fe498300000-7fe498340000 rw-p 00000000 00:00 0 
7fe498340000-7fe4d8000000 ---p 00000000 00:00 0 
7fe4d8000000-7fe4d8021000 rw-p 00000000 00:00 0 
7fe4d8021000-7fe4dc000000 ---p 00000000 00:00 0 
7fe4dc000000-7fe4dc021000 rw-p 00000000 00:00 0 
7fe4dc021000-7fe4e0000000 ---p 00000000 00:00 0 
7fe4e0000000-7fe4e0021000 rw-p 00000000 00:00 0 
7fe4e0021000-7fe4e4000000 ---p 00000000 00:00 0 
7fe4e4000000-7fe4e4021000 rw-p 00000000 00:00 0 
7fe4e4021000-7fe4e8000000 ---p 00000000 00:00 0 
7fe4e8000000-7fe4e8021000 rw-p 00000000 00:00 0 
7fe4e8021000-7fe4ec000000 ---p 00000000 00:00 0 
7fe4ec000000-7fe4ec021000 rw-p 00000000 00:00 0 
7fe4ec021000-7fe4f0000000 ---p 00000000 00:00 0 
7fe4f0000000-7fe4f11fe000 rw-p 00000000 00:00 0 
7fe4f11fe000-7fe4f4000000 ---p 00000000 00:00 0 
7fe4f4000000-7fe4f4021000 rw-p 00000000 00:00 0 
7fe4f4021000-7fe4f8000000 ---p 00000000 00:00 0 
7fe4f8000000-7fe4fa000000 rw-p 00000000 00:00 0 
7fe4fa000000-7fe6f8000000 ---p 00000000 00:00 0 
7fe6f8000000-7fe6f8078000 rw-p 00000000 00:00 0 
7fe6f8078000-7fe6fc000000 ---p 00000000 00:00 0 
7fe6fc000000-7fe6fc537000 rw-p 00000000 00:00 0 
7fe6fc537000-7fe700000000 ---p 00000000 00:00 0 
7fe700000000-7fe7000ab000 rw-p 00000000 00:00 0 
7fe7000ab000-7fe704000000 ---p 00000000 00:00 0 
7fe704000000-7fe704149000 rw-p 00000000 00:00 0 
7fe704149000-7fe708000000 ---p 00000000 00:00 0 
7fe708000000-7fe7080b6000 rw-p 00000000 00:00 0 
7fe7080b6000-7fe70c000000 ---p 00000000 00:00 0 
7fe70c000000-7fe70c137000 rw-p 00000000 00:00 0 
7fe70c137000-7fe710000000 ---p 00000000 00:00 0 
7fe710000000-7fe712000000 rw-p 00000000 00:00 0 
7fe712000000-7fe910000000 ---p 00000000 00:00 0 
7fe910000000-7fe9100a6000 rw-p 00000000 00:00 0 
7fe9100a6000-7fe914000000 ---p 00000000 00:00 0 
7fe914000000-7fe9140d7000 rw-p 00000000 00:00 0 
7fe9140d7000-7fe918000000 ---p 00000000 00:00 0 
7fe918000000-7fe91807f000 rw-p 00000000 00:00 0 
7fe91807f000-7fe91c000000 ---p 00000000 00:00 0 
7fe91c000000-7fe91c127000 rw-p 00000000 00:00 0 
7fe91c127000-7fe920000000 ---p 00000000 00:00 0 
7fe920000000-7fe9200b8000 rw-p 00000000 00:00 0 
7fe9200b8000-7fe924000000 ---p 00000000 00:00 0 
7fe924000000-7fe924021000 rw-p 00000000 00:00 0 
7fe924021000-7fe928000000 ---p 00000000 00:00 0 
7fe928035000-7fe928071000 rw-p 00000000 00:00 0 
7fe928071000-7fe928075000 ---p 00000000 00:00 0 
7fe928075000-7fe928171000 rw-p 00000000 00:00 0 
7fe928171000-7fe928172000 ---p 00000000 00:00 0 
7fe928172000-7fe928272000 rw-p 00000000 00:00 0 
7fe928272000-7fe928273000 ---p 00000000 00:00 0 
7fe928273000-7fe928373000 rw-p 00000000 00:00 0 
7fe928373000-7fe9283f4000 rw-p 00000000 00:00 0 
7fe9283f4000-7fe9283f5000 ---p 00000000 00:00 0 
7fe9283f5000-7fe9284f5000 rw-p 00000000 00:00 0 
7fe9284f5000-7fe9284f6000 ---p 00000000 00:00 0 
7fe9284f6000-7fe9285f6000 rw-p 00000000 00:00 0 
7fe9285f6000-7fe9285f7000 ---p 00000000 00:00 0 
7fe9285f7000-7fe9286f7000 rw-p 00000000 00:00 0 
7fe9286f7000-7fe9286f8000 ---p 00000000 00:00 0 
7fe9286f8000-7fe9287f8000 rw-p 00000000 00:00 0 
7fe9287f8000-7fe9287f9000 ---p 00000000 00:00 0 
7fe9287f9000-7fe9288f9000 rw-p 00000000 00:00 0 
7fe9288f9000-7fe9288fa000 ---p 00000000 00:00 0 
7fe9288fa000-7fe9289fa000 rw-p 00000000 00:00 0 
7fe9289fa000-7fe9289fb000 ---p 00000000 00:00 0 
7fe9289fb000-7fe928afb000 rw-p 00000000 00:00 0 
7fe928afb000-7fe928afc000 ---p 00000000 00:00 0 
7fe928afc000-7fe928bfc000 rw-p 00000000 00:00 0 
7fe928bfc000-7fe928bfd000 ---p 00000000 00:00 0 
7fe928bfd000-7fe928cfd000 rw-p 00000000 00:00 0 
7fe928cfd000-7fe928cfe000 ---p 00000000 00:00 0 
7fe928cfe000-7fe928dfe000 rw-p 00000000 00:00 0 
7fe928dfe000-7fe928dff000 ---p 00000000 00:00 0 
7fe928dff000-7fe928eff000 rw-p 00000000 00:00 0 
7fe928eff000-7fe928f00000 ---p 00000000 00:00 0 
7fe928f00000-7fe929000000 rw-p 00000000 00:00 0 
7fe929000000-7fe92c021000 rw-p 00000000 00:00 0 
7fe92c021000-7fe930000000 ---p 00000000 00:00 0 
7fe93001e000-7fe9300fb000 rw-p 00000000 00:00 0 
7fe9300fb000-7fe9300fc000 ---p 00000000 00:00 0 
7fe9300fc000-7fe9301fc000 rw-p 00000000 00:00 0 
7fe9301fc000-7fe9301fd000 ---p 00000000 00:00 0 
7fe9301fd000-7fe9302fd000 rw-p 00000000 00:00 0 
7fe9302fd000-7fe9302fe000 ---p 00000000 00:00 0 
7fe9302fe000-7fe9303fe000 rw-p 00000000 00:00 0 
7fe9303fe000-7fe9303ff000 ---p 00000000 00:00 0 
7fe9303ff000-7fe9304ff000 rw-p 00000000 00:00 0 
7fe9304ff000-7fe930500000 ---p 00000000 00:00 0 
7fe930500000-7fe930600000 rw-p 00000000 00:00 0 
7fe930600000-7fe931040000 rwxp 00000000 00:00 0 
7fe931040000-7fe937a5f000 ---p 00000000 00:00 0 
7fe937a5f000-7fe937dcf000 rwxp 00000000 00:00 0 
7fe937dcf000-7fe9381a0000 ---p 00000000 00:00 0 
7fe9381a0000-7fe938730000 rwxp 00000000 00:00 0 
7fe938730000-7fe93f600000 ---p 00000000 00:00 0 
7fe93f600000-7fe947ec9000 r--s 00000000 103:06 42209316                  /usr/lib/jvm/zulu21-ca-amd64/lib/modules
7fe947eff000-7fe947f00000 ---p 00000000 00:00 0 
7fe947f00000-7fe948000000 rw-p 00000000 00:00 0 
7fe948000000-7fe9487c7000 rw-p 00000000 00:00 0 
7fe9487c7000-7fe94c000000 ---p 00000000 00:00 0 
7fe94c013000-7fe94c014000 r--p 00000000 103:06 41561696                  /usr/lib/x86_64-linux-gnu/libnss_mdns4_minimal.so.2
7fe94c014000-7fe94c016000 r-xp 00001000 103:06 41561696                  /usr/lib/x86_64-linux-gnu/libnss_mdns4_minimal.so.2
7fe94c016000-7fe94c017000 r--p 00003000 103:06 41561696                  /usr/lib/x86_64-linux-gnu/libnss_mdns4_minimal.so.2
7fe94c017000-7fe94c018000 r--p 00003000 103:06 41561696                  /usr/lib/x86_64-linux-gnu/libnss_mdns4_minimal.so.2
7fe94c018000-7fe94c019000 rw-p 00004000 103:06 41561696                  /usr/lib/x86_64-linux-gnu/libnss_mdns4_minimal.so.2
7fe94c024000-7fe94c02b000 r--s 00000000 103:06 41568527                  /usr/lib/x86_64-linux-gnu/gconv/gconv-modules.cache
7fe94c02b000-7fe94c02c000 ---p 00000000 00:00 0 
7fe94c02c000-7fe94c12c000 rw-p 00000000 00:00 0 
7fe94c12c000-7fe94c12d000 ---p 00000000 00:00 0 
7fe94c12d000-7fe94c22d000 rw-p 00000000 00:00 0 
7fe94c22d000-7fe94c22e000 ---p 00000000 00:00 0 
7fe94c22e000-7fe94c32e000 rw-p 00000000 00:00 0 
7fe94c32e000-7fe94c33a000 rw-p 00000000 00:00 0 
7fe94c33a000-7fe94c417000 ---p 00000000 00:00 0 
7fe94c417000-7fe94c42c000 rw-p 00000000 00:00 0 
7fe94c42c000-7fe94c500000 ---p 00000000 00:00 0 
7fe94c500000-7fe94c504000 ---p 00000000 00:00 0 
7fe94c504000-7fe94c600000 rw-p 00000000 00:00 0 
7fe94c600000-7fe94da29000 r-xp 00000000 103:06 42209310                  /usr/lib/jvm/zulu21-ca-amd64/lib/server/libjvm.so
7fe94da29000-7fe94dafe000 r--p 01428000 103:06 42209310                  /usr/lib/jvm/zulu21-ca-amd64/lib/server/libjvm.so
7fe94dafe000-7fe94db2e000 rw-p 014fd000 103:06 42209310                  /usr/lib/jvm/zulu21-ca-amd64/lib/server/libjvm.so
7fe94db2e000-7fe94db95000 rw-p 00000000 00:00 0 
7fe94db9a000-7fe94db9f000 r-xp 00000000 103:06 42209324                  /usr/lib/jvm/zulu21-ca-amd64/lib/libmanagement_ext.so
7fe94db9f000-7fe94dba0000 r--p 00005000 103:06 42209324                  /usr/lib/jvm/zulu21-ca-amd64/lib/libmanagement_ext.so
7fe94dba0000-7fe94dba1000 rw-p 00006000 103:06 42209324                  /usr/lib/jvm/zulu21-ca-amd64/lib/libmanagement_ext.so
7fe94dba1000-7fe94dba5000 r-xp 00000000 103:06 42209343                  /usr/lib/jvm/zulu21-ca-amd64/lib/libmanagement.so
7fe94dba5000-7fe94dba6000 r--p 00003000 103:06 42209343                  /usr/lib/jvm/zulu21-ca-amd64/lib/libmanagement.so
7fe94dba6000-7fe94dba7000 rw-p 00004000 103:06 42209343                  /usr/lib/jvm/zulu21-ca-amd64/lib/libmanagement.so
7fe94dba7000-7fe94dbae000 r-xp 00000000 103:06 42209300                  /usr/lib/jvm/zulu21-ca-amd64/lib/libzip.so
7fe94dbae000-7fe94dbaf000 ---p 00007000 103:06 42209300                  /usr/lib/jvm/zulu21-ca-amd64/lib/libzip.so
7fe94dbaf000-7fe94dbb0000 r--p 00007000 103:06 42209300                  /usr/lib/jvm/zulu21-ca-amd64/lib/libzip.so
7fe94dbb0000-7fe94dbb1000 rw-p 00008000 103:06 42209300                  /usr/lib/jvm/zulu21-ca-amd64/lib/libzip.so
7fe94dbb1000-7fe94dbbd000 r-xp 00000000 103:06 42209301                  /usr/lib/jvm/zulu21-ca-amd64/lib/libnet.so
7fe94dbbd000-7fe94dbbe000 r--p 0000b000 103:06 42209301                  /usr/lib/jvm/zulu21-ca-amd64/lib/libnet.so
7fe94dbbe000-7fe94dbbf000 rw-p 0000c000 103:06 42209301                  /usr/lib/jvm/zulu21-ca-amd64/lib/libnet.so
7fe94dbbf000-7fe94dc00000 rw-p 00000000 00:00 0 
7fe94dc00000-7fe94dc28000 r--p 00000000 103:06 41569503                  /usr/lib/x86_64-linux-gnu/libc.so.6
7fe94dc28000-7fe94ddb0000 r-xp 00028000 103:06 41569503                  /usr/lib/x86_64-linux-gnu/libc.so.6
7fe94ddb0000-7fe94ddff000 r--p 001b0000 103:06 41569503                  /usr/lib/x86_64-linux-gnu/libc.so.6
7fe94ddff000-7fe94de03000 r--p 001fe000 103:06 41569503                  /usr/lib/x86_64-linux-gnu/libc.so.6
7fe94de03000-7fe94de05000 rw-p 00202000 103:06 41569503                  /usr/lib/x86_64-linux-gnu/libc.so.6
7fe94de05000-7fe94de12000 rw-p 00000000 00:00 0 
7fe94de15000-7fe94de29000 r-xp 00000000 103:06 42209331                  /usr/lib/jvm/zulu21-ca-amd64/lib/libnio.so
7fe94de29000-7fe94de2a000 r--p 00013000 103:06 42209331                  /usr/lib/jvm/zulu21-ca-amd64/lib/libnio.so
7fe94de2a000-7fe94de2b000 rw-p 00014000 103:06 42209331                  /usr/lib/jvm/zulu21-ca-amd64/lib/libnio.so
7fe94de2b000-7fe94de73000 rw-p 00000000 00:00 0 
7fe94de73000-7fe94de7b000 ---p 00000000 00:00 0 
7fe94de7b000-7fe94de9c000 r-xp 00000000 103:06 42209329                  /usr/lib/jvm/zulu21-ca-amd64/lib/libjava.so
7fe94de9c000-7fe94de9d000 r--p 00020000 103:06 42209329                  /usr/lib/jvm/zulu21-ca-amd64/lib/libjava.so
7fe94de9d000-7fe94de9e000 rw-p 00021000 103:06 42209329                  /usr/lib/jvm/zulu21-ca-amd64/lib/libjava.so
7fe94de9e000-7fe94dec0000 rw-p 00000000 00:00 0 
7fe94dec0000-7fe94dec3000 r--p 00000000 103:06 41561707                  /usr/lib/x86_64-linux-gnu/libnuma.so.1.0.0
7fe94dec3000-7fe94deca000 r-xp 00003000 103:06 41561707                  /usr/lib/x86_64-linux-gnu/libnuma.so.1.0.0
7fe94deca000-7fe94decc000 r--p 0000a000 103:06 41561707                  /usr/lib/x86_64-linux-gnu/libnuma.so.1.0.0
7fe94decc000-7fe94decd000 r--p 0000b000 103:06 41561707                  /usr/lib/x86_64-linux-gnu/libnuma.so.1.0.0
7fe94decd000-7fe94dece000 rw-p 0000c000 103:06 41561707                  /usr/lib/x86_64-linux-gnu/libnuma.so.1.0.0
7fe94dece000-7fe94dee9000 r-xp 00000000 103:06 42209333                  /usr/lib/jvm/zulu21-ca-amd64/lib/libjimage.so
7fe94dee9000-7fe94deea000 ---p 0001b000 103:06 42209333                  /usr/lib/jvm/zulu21-ca-amd64/lib/libjimage.so
7fe94deea000-7fe94deec000 r--p 0001b000 103:06 42209333                  /usr/lib/jvm/zulu21-ca-amd64/lib/libjimage.so
7fe94deec000-7fe94deed000 rw-p 0001d000 103:06 42209333                  /usr/lib/jvm/zulu21-ca-amd64/lib/libjimage.so
7fe94deed000-7fe94defd000 r--p 00000000 103:06 41569512                  /usr/lib/x86_64-linux-gnu/libm.so.6
7fe94defd000-7fe94df7c000 r-xp 00010000 103:06 41569512                  /usr/lib/x86_64-linux-gnu/libm.so.6
7fe94df7c000-7fe94dfd4000 r--p 0008f000 103:06 41569512                  /usr/lib/x86_64-linux-gnu/libm.so.6
7fe94dfd4000-7fe94dfd5000 r--p 000e7000 103:06 41569512                  /usr/lib/x86_64-linux-gnu/libm.so.6
7fe94dfd5000-7fe94dfd6000 rw-p 000e8000 103:06 41569512                  /usr/lib/x86_64-linux-gnu/libm.so.6
7fe94dfd6000-7fe94dfd7000 r--p 00000000 103:06 41570398                  /usr/lib/x86_64-linux-gnu/librt.so.1
7fe94dfd7000-7fe94dfd8000 r-xp 00001000 103:06 41570398                  /usr/lib/x86_64-linux-gnu/librt.so.1
7fe94dfd8000-7fe94dfd9000 r--p 00002000 103:06 41570398                  /usr/lib/x86_64-linux-gnu/librt.so.1
7fe94dfd9000-7fe94dfda000 r--p 00002000 103:06 41570398                  /usr/lib/x86_64-linux-gnu/librt.so.1
7fe94dfda000-7fe94dfdb000 rw-p 00003000 103:06 41570398                  /usr/lib/x86_64-linux-gnu/librt.so.1
7fe94dfdb000-7fe94dfdf000 rw-p 00000000 00:00 0 
7fe94dfdf000-7fe94dfe0000 r--p 00000000 103:06 41569505                  /usr/lib/x86_64-linux-gnu/libdl.so.2
7fe94dfe0000-7fe94dfe1000 r-xp 00001000 103:06 41569505                  /usr/lib/x86_64-linux-gnu/libdl.so.2
7fe94dfe1000-7fe94dfe2000 r--p 00002000 103:06 41569505                  /usr/lib/x86_64-linux-gnu/libdl.so.2
7fe94dfe2000-7fe94dfe3000 r--p 00002000 103:06 41569505                  /usr/lib/x86_64-linux-gnu/libdl.so.2
7fe94dfe3000-7fe94dfe4000 rw-p 00003000 103:06 41569505                  /usr/lib/x86_64-linux-gnu/libdl.so.2
7fe94dfe4000-7fe94dfe5000 r--p 00000000 103:06 41570396                  /usr/lib/x86_64-linux-gnu/libpthread.so.0
7fe94dfe5000-7fe94dfe6000 r-xp 00001000 103:06 41570396                  /usr/lib/x86_64-linux-gnu/libpthread.so.0
7fe94dfe6000-7fe94dfe7000 r--p 00002000 103:06 41570396                  /usr/lib/x86_64-linux-gnu/libpthread.so.0
7fe94dfe7000-7fe94dfe8000 r--p 00002000 103:06 41570396                  /usr/lib/x86_64-linux-gnu/libpthread.so.0
7fe94dfe8000-7fe94dfe9000 rw-p 00003000 103:06 41570396                  /usr/lib/x86_64-linux-gnu/libpthread.so.0
7fe94dfe9000-7fe94dff8000 r-xp 00000000 103:06 42209298                  /usr/lib/jvm/zulu21-ca-amd64/lib/libjli.so
7fe94dff8000-7fe94dff9000 ---p 0000f000 103:06 42209298                  /usr/lib/jvm/zulu21-ca-amd64/lib/libjli.so
7fe94dff9000-7fe94dffa000 r--p 0000f000 103:06 42209298                  /usr/lib/jvm/zulu21-ca-amd64/lib/libjli.so
7fe94dffa000-7fe94dffb000 rw-p 00010000 103:06 42209298                  /usr/lib/jvm/zulu21-ca-amd64/lib/libjli.so
7fe94dffb000-7fe94dffd000 r--p 00000000 103:06 41561978                  /usr/lib/x86_64-linux-gnu/libz.so.1.3
7fe94dffd000-7fe94e00f000 r-xp 00002000 103:06 41561978                  /usr/lib/x86_64-linux-gnu/libz.so.1.3
7fe94e00f000-7fe94e015000 r--p 00014000 103:06 41561978                  /usr/lib/x86_64-linux-gnu/libz.so.1.3
7fe94e015000-7fe94e016000 r--p 0001a000 103:06 41561978                  /usr/lib/x86_64-linux-gnu/libz.so.1.3
7fe94e016000-7fe94e017000 rw-p 0001b000 103:06 41561978                  /usr/lib/x86_64-linux-gnu/libz.so.1.3
7fe94e01a000-7fe94e01c000 r-xp 00000000 103:06 42209311                  /usr/lib/jvm/zulu21-ca-amd64/lib/libextnet.so
7fe94e01c000-7fe94e01d000 r--p 00001000 103:06 42209311                  /usr/lib/jvm/zulu21-ca-amd64/lib/libextnet.so
7fe94e01d000-7fe94e01e000 rw-p 00002000 103:06 42209311                  /usr/lib/jvm/zulu21-ca-amd64/lib/libextnet.so
7fe94e01e000-7fe94e026000 rw-p 00000000 00:00 0 
7fe94e026000-7fe94e027000 ---p 00000000 00:00 0 
7fe94e027000-7fe94e028000 r--p 00000000 00:00 0 
7fe94e028000-7fe94e029000 ---p 00000000 00:00 0 
7fe94e029000-7fe94e02b000 rw-p 00000000 00:00 0 
7fe94e02b000-7fe94e02f000 r--p 00000000 00:00 0                          [vvar]
7fe94e02f000-7fe94e031000 r--p 00000000 00:00 0                          [vvar_vclock]
7fe94e031000-7fe94e033000 r-xp 00000000 00:00 0                          [vdso]
7fe94e033000-7fe94e034000 r--p 00000000 103:06 41569369                  /usr/lib/x86_64-linux-gnu/ld-linux-x86-64.so.2
7fe94e034000-7fe94e05f000 r-xp 00001000 103:06 41569369                  /usr/lib/x86_64-linux-gnu/ld-linux-x86-64.so.2
7fe94e05f000-7fe94e069000 r--p 0002c000 103:06 41569369                  /usr/lib/x86_64-linux-gnu/ld-linux-x86-64.so.2
7fe94e069000-7fe94e06b000 r--p 00036000 103:06 41569369                  /usr/lib/x86_64-linux-gnu/ld-linux-x86-64.so.2
7fe94e06b000-7fe94e06d000 rw-p 00038000 103:06 41569369                  /usr/lib/x86_64-linux-gnu/ld-linux-x86-64.so.2
7ffc4cd5e000-7ffc4cd7f000 rw-p 00000000 00:00 0                          [stack]
ffffffffff600000-ffffffffff601000 --xp 00000000 00:00 0                  [vsyscall]
Total number of mappings: 382

JVMTI agents: none


VM Arguments:
jvm_args: -XX:+UseZGC -XX:+ZGenerational -XX:+UnlockDiagnosticVMOptions -XX:GuaranteedSafepointInterval=0 -XX:+UseNUMA -XX:+PerfDisableSharedMem -XX:+TieredCompilation -XX:TieredStopAtLevel=4 --add-opens=java.base/jdk.internal.misc=ALL-UNNAMED --add-opens=java.base/sun.nio.ch=ALL-UNNAMED -Xmx512m -Xms512m 
java_command: com.match.infrastructure.gateway.MarketGatewayMain
java_class_path (initial): match-gateway/target/match-gateway.jar
Launcher Type: SUN_STANDARD

[Global flags]
     intx CICompilerCount                          = 12                                        {product} {ergonomic}
     intx GuaranteedSafepointInterval              = 0                                      {diagnostic} {command line}
   size_t InitialHeapSize                          = 536870912                                 {product} {command line}
   size_t MaxHeapSize                              = 536870912                                 {product} {command line}
   size_t MinHeapDeltaBytes                        = 2097152                                   {product} {ergonomic}
   size_t MinHeapSize                              = 536870912                                 {product} {command line}
    uintx NonNMethodCodeHeapSize                   = 7602480                                {pd product} {ergonomic}
    uintx NonProfiledCodeHeapSize                  = 122027880                              {pd product} {ergonomic}
     bool PerfDisableSharedMem                     = true                                      {product} {command line}
    uintx ProfiledCodeHeapSize                     = 122027880                              {pd product} {ergonomic}
    uintx ReservedCodeCacheSize                    = 251658240                              {pd product} {ergonomic}
     bool SegmentedCodeCache                       = true                                      {product} {ergonomic}
   size_t SoftMaxHeapSize                          = 536870912                              {manageable} {ergonomic}
     bool THPStackMitigation                       = false                                  {diagnostic} {ergonomic}
     bool TieredCompilation                        = true                                   {pd product} {command line}
     intx TieredStopAtLevel                        = 4                                         {product} {command line}
     bool UnlockDiagnosticVMOptions                = true                                   {diagnostic} {command line}
     bool UseCompressedOops                        = false                          {product lp64_product} {ergonomic}
     bool UseNUMA                                  = false                                     {product} {command line}
     bool UseZGC                                   = true                                      {product} {command line}
     bool ZGenerational                            = true                                      {product} {command line}
     uint ZOldGCThreads                            = 5                                      {diagnostic} {ergonomic}
     bool ZUncommit                                = false                                     {product} {ergonomic}
     uint ZYoungGCThreads                          = 5                                      {diagnostic} {ergonomic}

Logging:
Log output configuration:
 #0: stdout all=warning uptime,level,tags foldmultilines=false
 #1: stderr all=off uptime,level,tags foldmultilines=false

Release file:
IMPLEMENTOR="Azul Systems, Inc."
IMPLEMENTOR_VERSION="Zulu21.50+19-CA"
JAVA_RUNTIME_VERSION="21.0.11+10-LTS"
JAVA_VERSION="21.0.11"
JAVA_VERSION_DATE="2026-04-21"
LIBC="gnu"
MODULES="java.base com.azul.tooling java.logging java.management java.security.sasl java.naming jdk.jfr com.azul.crs.client java.compiler java.datatransfer java.xml java.prefs java.desktop java.instrument java.rmi java.management.rmi java.net.http java.scripting java.security.jgss java.transaction.xa java.sql java.sql.rowset java.xml.crypto java.se java.smartcardio jdk.accessibility jdk.internal.jvmstat jdk.attach jdk.charsets jdk.internal.opt jdk.zipfs jdk.compiler jdk.crypto.ec jdk.crypto.cryptoki jdk.dynalink jdk.internal.ed jdk.editpad jdk.hotspot.agent jdk.httpserver jdk.incubator.vector jdk.internal.le jdk.internal.vm.ci jdk.internal.vm.compiler jdk.internal.vm.compiler.management jdk.jartool jdk.javadoc jdk.jcmd jdk.management jdk.management.agent jdk.jconsole jdk.jdeps jdk.jdwp.agent jdk.jdi jdk.jlink jdk.jpackage jdk.jshell jdk.jsobject jdk.jstatd jdk.localedata jdk.management.jfr jdk.naming.dns jdk.naming.rmi jdk.net jdk.nio.mapmode jdk.random jdk.sctp jdk.security.auth jdk.security.jgss jdk.unsupported jdk.unsupported.desktop jdk.xml.dom"
OS_ARCH="x86_64"
OS_NAME="Linux"
SOURCE=".:git:ffff125054c5"

Environment Variables:
PATH=/usr/local/sbin:/usr/local/bin:/usr/sbin:/usr/bin:/sbin:/bin:/usr/games:/usr/local/games:/snap/bin:/snap/bin
SHELL=/bin/bash
LANG=en_US.UTF-8

Active Locale:
LC_ALL=en_US.UTF-8
LC_COLLATE=en_US.UTF-8
LC_CTYPE=en_US.UTF-8
LC_MESSAGES=en_US.UTF-8
LC_MONETARY=en_US.UTF-8
LC_NUMERIC=en_US.UTF-8
LC_TIME=en_US.UTF-8

Signal Handlers:
   SIGSEGV: crash_handler in libjvm.so, mask=11100100010111111101111111111110, flags=SA_RESTART|SA_SIGINFO, unblocked
    SIGBUS: crash_handler in libjvm.so, mask=11100100010111111101111111111110, flags=SA_RESTART|SA_SIGINFO, unblocked
    SIGFPE: crash_handler in libjvm.so, mask=11100100010111111101111111111110, flags=SA_RESTART|SA_SIGINFO, unblocked
   SIGPIPE: javaSignalHandler in libjvm.so, mask=11100100010111111101111111111110, flags=SA_RESTART|SA_SIGINFO, blocked
   SIGXFSZ: javaSignalHandler in libjvm.so, mask=11100100010111111101111111111110, flags=SA_RESTART|SA_SIGINFO, blocked
    SIGILL: crash_handler in libjvm.so, mask=11100100010111111101111111111110, flags=SA_RESTART|SA_SIGINFO, unblocked
   SIGUSR2: SR_handler in libjvm.so, mask=00000000000000000000000000000000, flags=SA_RESTART|SA_SIGINFO, blocked
    SIGHUP: UserHandler in libjvm.so, mask=11100100010111111101111111111110, flags=SA_RESTART|SA_SIGINFO, blocked
    SIGINT: UserHandler in libjvm.so, mask=11100100010111111101111111111110, flags=SA_RESTART|SA_SIGINFO, blocked
   SIGTERM: UserHandler in libjvm.so, mask=11100100010111111101111111111110, flags=SA_RESTART|SA_SIGINFO, blocked
   SIGQUIT: UserHandler in libjvm.so, mask=11100100010111111101111111111110, flags=SA_RESTART|SA_SIGINFO, blocked
   SIGTRAP: crash_handler in libjvm.so, mask=11100100010111111101111111111110, flags=SA_RESTART|SA_SIGINFO, unblocked


Periodic native trim disabled

---------------  S Y S T E M  ---------------

OS:
DISTRIB_ID=Ubuntu
DISTRIB_RELEASE=24.04
DISTRIB_CODENAME=noble
DISTRIB_DESCRIPTION="Ubuntu 24.04.3 LTS"
uname: Linux 7.0.0-28-generic #28~24.04.1-Ubuntu SMP PREEMPT_DYNAMIC Wed Jul  1 15:50:57 UTC 2 x86_64
OS uptime: 0 days 1:15 hours
libc: glibc 2.39 NPTL 2.39 
rlimit (soft/hard): STACK 8192k/infinity , CORE 0k/infinity , NPROC 115710/115710 , NOFILE 1048576/1048576 , AS infinity/infinity , CPU infinity/infinity , DATA infinity/infinity , FSIZE infinity/infinity , MEMLOCK 4076856k/4076856k
load average: 34.43 37.95 37.44

/proc/meminfo:
MemTotal:       32614852 kB
MemFree:         1242768 kB
MemAvailable:   11962520 kB
Buffers:          232796 kB
Cached:         21892964 kB
SwapCached:            0 kB
Active:         15715680 kB
Inactive:       12259712 kB
Active(anon):   14800180 kB
Inactive(anon):  2403836 kB
Active(file):     915500 kB
Inactive(file):  9855876 kB
Unevictable:       17516 kB
Mlocked:              48 kB
SwapTotal:       8388604 kB
SwapFree:        8388604 kB
Zswap:                 0 kB
Zswapped:              0 kB
Dirty:              2344 kB
Writeback:           156 kB
AnonPages:       5867892 kB
Mapped:         10164348 kB
Shmem:          11354228 kB
KReclaimable:     287268 kB
Slab:             594764 kB
SReclaimable:     287268 kB
SUnreclaim:       307496 kB
KernelStack:       37848 kB
PageTables:       105904 kB
SecPageTables:         0 kB
NFS_Unstable:          0 kB
Bounce:                0 kB
WritebackTmp:          0 kB
CommitLimit:    23647452 kB
Committed_AS:   39088892 kB
VmallocTotal:   34359738367 kB
VmallocUsed:      151820 kB
VmallocChunk:          0 kB
Percpu:            22368 kB
HardwareCorrupted:     0 kB
AnonHugePages:         0 kB
ShmemHugePages:    14336 kB
ShmemPmdMapped:        0 kB
FileHugePages:      2048 kB
FilePmdMapped:         0 kB
CmaTotal:              0 kB
CmaFree:          494352 kB
Unaccepted:            0 kB
Balloon:               0 kB
HugePages_Total:    1024
HugePages_Free:      953
HugePages_Rsvd:        1
HugePages_Surp:        0
Hugepagesize:       2048 kB
Hugetlb:         2097152 kB
DirectMap4k:      848856 kB
DirectMap2M:    14637056 kB
DirectMap1G:    17825792 kB

/sys/kernel/mm/transparent_hugepage/enabled: always madvise [never]
/sys/kernel/mm/transparent_hugepage/hpage_pmd_size: 2097152
/sys/kernel/mm/transparent_hugepage/defrag (defrag/compaction efforts parameter): always defer defer+madvise madvise [never]

Process Memory:
Virtual Size: 30721472K (peak: 30721544K)
Resident Set Size: 840220K (peak: 840220K) (anon: 200920K, file: 24428K, shmem: 614872K)
Swapped out: 0K
C-Heap outstanding allocations: 46639K, retained: 138248K
glibc malloc tunables: (default)

/proc/sys/kernel/threads-max (system-wide limit on the number of threads): 231420
/proc/sys/vm/max_map_count (maximum number of memory map areas a process may have): 1048576
/proc/sys/vm/swappiness (control to define how aggressively the kernel swaps out anonymous memory): 0
/proc/sys/kernel/pid_max (system-wide limit on number of process identifiers): 4194304

container information not found.
Steal ticks since vm start: 0
Steal ticks percentage since vm start:  0.000

CPU: total 24 (initial active 24) (12 cores per cpu, 2 threads per core) family 6 model 183 stepping 1 microcode 0x133, cx8, cmov, fxsr, ht, mmx, 3dnowpref, sse, sse2, sse3, ssse3, sse4.1, sse4.2, popcnt, lzcnt, tsc, tscinvbit, avx, avx2, aes, erms, clmul, bmi1, bmi2, adx, sha, fma, vzeroupper, clflush, clflushopt, clwb, serialize, rdtscp, rdpid, fsrm, f16c, pku, ospke, cet_ibt, cet_ss
CPU Model and flags from /proc/cpuinfo:
model name	: 13th Gen Intel(R) Core(TM) i7-13700K
flags		: fpu vme de pse tsc msr pae mce cx8 apic sep mtrr pge mca cmov pat pse36 clflush dts acpi mmx fxsr sse sse2 ss ht tm pbe syscall nx pdpe1gb rdtscp lm constant_tsc art arch_perfmon pebs bts rep_good nopl xtopology nonstop_tsc cpuid aperfmperf tsc_known_freq pni pclmulqdq dtes64 monitor ds_cpl vmx smx est tm2 ssse3 sdbg fma cx16 xtpr pdcm pcid sse4_1 sse4_2 x2apic movbe popcnt tsc_deadline_timer aes xsave avx f16c rdrand lahf_lm abm 3dnowprefetch cpuid_fault ssbd ibrs ibpb stibp ibrs_enhanced tpr_shadow flexpriority ept vpid ept_ad fsgsbase tsc_adjust bmi1 avx2 smep bmi2 erms invpcid rdseed adx smap clflushopt clwb intel_pt sha_ni xsaveopt xsavec xgetbv1 xsaves split_lock_detect user_shstk avx_vnni dtherm ida arat pln pts hwp hwp_notify hwp_act_window hwp_epp hwp_pkg_req hfi vnmi umip pku ospke waitpkg gfni vaes vpclmulqdq rdpid movdiri movdir64b fsrm md_clear serialize pconfig arch_lbr ibt flush_l1d arch_capabilities

Online cpus: 0-23
Offline cpus: 
BIOS frequency limitation: <Not Available>
Frequency switch latency (ns): 0
Available cpu frequencies: <Not Available>
Current governor: powersave
Core performance/turbo boost: <Not Available>

Memory: 4k page, physical 32614852k(11962520k free), swap 8388604k(8388604k free)
Page Sizes: 4k

vm_info: OpenJDK 64-Bit Server VM (21.0.11+10-LTS) for linux-amd64 JRE (21.0.11+10-LTS) (Zulu21.50+19-CA), built on 2026-04-17T20:39:03Z by "zulu_re" with gcc 11.2.0

END.
