#
# A fatal error has been detected by the Java Runtime Environment:
#
#  SIGSEGV (0xb) at pc=0x000074affc12c3a0, pid=566322, tid=566402
#
# JRE version: OpenJDK Runtime Environment Zulu21.50+19-CA (21.0.11+10) (build 21.0.11+10-LTS)
# Java VM: OpenJDK 64-Bit Server VM Zulu21.50+19-CA (21.0.11+10-LTS, mixed mode, sharing, tiered, compressed class ptrs, z gc, linux-amd64)
# Problematic frame:
# J 2027 c2 io.aeron.driver.media.ControlTransportPoller.pollTransports()I (90 bytes) @ 0x000074affc288dea [0x000074affc288ce0+0x000000000000010a]
#
# Core dump will be written. Default location: Core dumps may be processed with "/usr/share/apport/apport -p%p -s%s -c%c -d%d -P%P -u%u -g%g -F%F -- %E" (or dumping to /home/emre/Apps/openexchange/match/core.566322)
#
# If you would like to submit a bug report, please visit:
#   http://www.azul.com/support/
#

---------------  S U M M A R Y ------------

Command Line: -XX:+UseZGC -XX:+ZGenerational -XX:+UnlockDiagnosticVMOptions -XX:GuaranteedSafepointInterval=0 -XX:+UseNUMA -XX:+PerfDisableSharedMem -XX:+TieredCompilation -XX:TieredStopAtLevel=4 --add-opens=java.base/jdk.internal.misc=ALL-UNNAMED --add-opens=java.base/sun.nio.ch=ALL-UNNAMED -Xmx768m -Xms768m match-cluster/target/match-cluster.jar

Host: 13th Gen Intel(R) Core(TM) i7-13700K, 24 cores, 31G, Ubuntu 24.04.3 LTS
Time: Mon Jul 20 15:26:12 2026 +03 elapsed time: 133417.105571 seconds (1d 13h 3m 37s)

---------------  T H R E A D  ---------------

Current thread (0x000074b00c49ef50):  JavaThread "sender"           [_thread_in_Java, id=566402, stack(0x000074afd5330000,0x000074afd5430000) (1024K)]

Stack: [0x000074afd5330000,0x000074afd5430000],  sp=0x000074afd542e708,  free space=1017k
Native frames: (J=compiled Java code, j=interpreted, Vv=VM code, C=native code)
J 2027 c2 io.aeron.driver.media.ControlTransportPoller.pollTransports()I (90 bytes) @ 0x000074affc288dea [0x000074affc288ce0+0x000000000000010a]

[error occurred during error reporting (printing native stack (with source info)), id 0xb, SIGSEGV (0xb) at pc=0x000074b0139756b6]

Retrying call stack printing without source information...
Native frames: (J=compiled Java code, j=interpreted, Vv=VM code, C=native code)
J 2027 c2 io.aeron.driver.media.ControlTransportPoller.pollTransports()I (90 bytes) @ 0x000074affc288dea [0x000074affc288ce0+0x000000000000010a]

[error occurred during error reporting (retry printing native stack (no source info)), id 0xb, SIGSEGV (0xb) at pc=0x000074b0139756b6]

siginfo: si_signo: 11 (SIGSEGV), si_code: 2 (SEGV_ACCERR), si_addr: 0x000074affc12c3a0

Registers:
RAX=0x00000000fffffffe, RBX=0x0000040020600000, RCX=0x000074aaf4000ec0, RDX=0x0000000000010101
RSP=0x000074afd542e700, RBP=0x000074afd542e778, RSI=0x000000000000000b, RDI=0x0000040020600000
R8 =0x000000000000000a, R9 =0x0000000000000000, R10=0x0000000000000001, R11=0x0000040020600950
R12=0x000074aaf4000ec0, R13=0x000074afd542f9c8, R14=0x000074afd542e758, R15=0x000074b00c49ef50
RIP=0x000074affc12c3a0, EFLAGS=0x0000000000010212, CSGSFS=0x002b000000000033, ERR=0x0000000000000014
  TRAPNO=0x000000000000000e

XMM[0]=0x0000000000000000 0x000004001ac008a8
XMM[1]=0x0000000000000000 0x00035dc223d26c2f
XMM[2]=0x0000000000000000 0x000004001ac01360
XMM[3]=0x0000000000002a30 0x0000000000002a30
XMM[4]=0x0000000000002a30 0x0000000000002a30
XMM[5]=0x0000000000002a30 0x0000000000002a30
XMM[6]=0x0000000000002a30 0x0000000000002a30
XMM[7]=0x0000000000002a30 0x0000000000002a30
XMM[8]=0x0000000000002a30 0x0000000000002a30
XMM[9]=0x0000000000000000 0x3c847415793ce429
XMM[10]=0x0000000000000000 0x000000003cb87014
XMM[11]=0x0000000000000000 0xfbdc87e175196c0a
XMM[12]=0x0000000000000000 0x00000000793ce429
XMM[13]=0x0000000000000000 0x0000000000000000
XMM[14]=0x0000000000000000 0x0000000000000000
XMM[15]=0x0000000000000000 0x0000000000000000
  MXCSR=0x00001fa2


Register to memory mapping:

RAX=0x00000000fffffffe is an unknown value
RBX=0x0000040020600000 is a zaddress: java.lang.Thread 
{0x0000040020600000} - klass: 'java/lang/Thread'
 - ---- fields (total size 22 words):
 - 'threadLocalRandomProbe' 'I' @12  0 (0x00000000)
 - private volatile 'eetop' 'J' @16  128299469238096 (0x000074b00c49ef50)
 - private final 'tid' 'J' @24  53 (0x0000000000000035)
 - 'threadLocalRandomSeed' 'J' @32  0 (0x0000000000000000)
 - injected 'jvmti_thread_state' 'J' @40  0 (0x0000000000000000)
 - 'threadLocalRandomSecondarySeed' 'I' @48  0 (0x00000000)
 - injected 'jvmti_VTMS_transition_disable_count' 'I' @52  0 (0x00000000)
 - injected 'jfr_epoch' 'S' @56  0 (0x0000)
 - volatile 'interrupted' 'Z' @58  false (0x00)
 - injected 'jvmti_is_in_VTMS_transition' 'Z' @59  false (0x00)
 - private volatile 'name' 'Ljava/lang/String;' @64  "sender"{0x0000040009fb0490} (0x040009fb04908a30)
 - private volatile 'contextClassLoader' 'Ljava/lang/ClassLoader;' @72  a 'jdk/internal/loader/ClassLoaders$AppClassLoader'{0x0000040020600348} (0x0400206003488a30)
 - private 'inheritedAccessControlContext' 'Ljava/security/AccessControlContext;' @80  a 'java/security/AccessControlContext'{0x0000040009fb0450} (0x040009fb04508a30)
 - private final 'holder' 'Ljava/lang/Thread$FieldHolder;' @88  a 'java/lang/Thread$FieldHolder'{0x0000040009fb0408} (0x040009fb04088a30)
 - 'threadLocals' 'Ljava/lang/ThreadLocal$ThreadLocalMap;' @96  null (0x0000000000008a30)
 - 'inheritableThreadLocals' 'Ljava/lang/ThreadLocal$ThreadLocalMap;' @104  null (0x0000000000008a30)
 - private 'scopedValueBindings' 'Ljava/lang/Object;' @112  a 'java/lang/Class'{0x0000040020600630} = 'java/lang/Thread' (0x0400206006308a30)
 - final 'interruptLock' 'Ljava/lang/Object;' @120  a 'java/lang/Object'{0x0000040009fb03f8} (0x040009fb03f88a30)
 - private volatile 'parkBlocker' 'Ljava/lang/Object;' @128  null (0x0000000000008a30)
 - volatile 'nioBlocker' 'Lsun/nio/ch/Interruptible;' @136  null (0x0000000000008a30)
 - private 'cont' 'Ljdk/internal/vm/Continuation;' @144  null (0x0000000000008a30)
 - private volatile 'uncaughtExceptionHandler' 'Ljava/lang/Thread$UncaughtExceptionHandler;' @152  null (0x0000000000008a30)
 - private 'container' 'Ljdk/internal/vm/ThreadContainer;' @160  null (0x0000000000008a30)
 - private volatile 'headStackableScopes' 'Ljdk/internal/vm/StackableScope;' @168  null (0x0000000000008a30)
RCX=0x000074aaf4000ec0 points into unknown readable memory: 0x0000040018608088 | 88 80 60 18 00 04 00 00
RDX=0x0000000000010101 is an unknown value
RSP=0x000074afd542e700 is pointing into the stack for thread: 0x000074b00c49ef50
RBP=0x000074afd542e778 is pointing into the stack for thread: 0x000074b00c49ef50
RSI=0x000000000000000b is an unknown value
RDI=0x0000040020600000 is a zaddress: java.lang.Thread 
{0x0000040020600000} - klass: 'java/lang/Thread'
 - ---- fields (total size 22 words):
 - 'threadLocalRandomProbe' 'I' @12  0 (0x00000000)
 - private volatile 'eetop' 'J' @16  128299469238096 (0x000074b00c49ef50)
 - private final 'tid' 'J' @24  53 (0x0000000000000035)
 - 'threadLocalRandomSeed' 'J' @32  0 (0x0000000000000000)
 - injected 'jvmti_thread_state' 'J' @40  0 (0x0000000000000000)
 - 'threadLocalRandomSecondarySeed' 'I' @48  0 (0x00000000)
 - injected 'jvmti_VTMS_transition_disable_count' 'I' @52  0 (0x00000000)
 - injected 'jfr_epoch' 'S' @56  0 (0x0000)
 - volatile 'interrupted' 'Z' @58  false (0x00)
 - injected 'jvmti_is_in_VTMS_transition' 'Z' @59  false (0x00)
 - private volatile 'name' 'Ljava/lang/String;' @64  "sender"{0x0000040009fb0490} (0x040009fb04908a30)
 - private volatile 'contextClassLoader' 'Ljava/lang/ClassLoader;' @72  a 'jdk/internal/loader/ClassLoaders$AppClassLoader'{0x0000040020600348} (0x0400206003488a30)
 - private 'inheritedAccessControlContext' 'Ljava/security/AccessControlContext;' @80  a 'java/security/AccessControlContext'{0x0000040009fb0450} (0x040009fb04508a30)
 - private final 'holder' 'Ljava/lang/Thread$FieldHolder;' @88  a 'java/lang/Thread$FieldHolder'{0x0000040009fb0408} (0x040009fb04088a30)
 - 'threadLocals' 'Ljava/lang/ThreadLocal$ThreadLocalMap;' @96  null (0x0000000000008a30)
 - 'inheritableThreadLocals' 'Ljava/lang/ThreadLocal$ThreadLocalMap;' @104  null (0x0000000000008a30)
 - private 'scopedValueBindings' 'Ljava/lang/Object;' @112  a 'java/lang/Class'{0x0000040020600630} = 'java/lang/Thread' (0x0400206006308a30)
 - final 'interruptLock' 'Ljava/lang/Object;' @120  a 'java/lang/Object'{0x0000040009fb03f8} (0x040009fb03f88a30)
 - private volatile 'parkBlocker' 'Ljava/lang/Object;' @128  null (0x0000000000008a30)
 - volatile 'nioBlocker' 'Lsun/nio/ch/Interruptible;' @136  null (0x0000000000008a30)
 - private 'cont' 'Ljdk/internal/vm/Continuation;' @144  null (0x0000000000008a30)
 - private volatile 'uncaughtExceptionHandler' 'Ljava/lang/Thread$UncaughtExceptionHandler;' @152  null (0x0000000000008a30)
 - private 'container' 'Ljdk/internal/vm/ThreadContainer;' @160  null (0x0000000000008a30)
 - private volatile 'headStackableScopes' 'Ljdk/internal/vm/StackableScope;' @168  null (0x0000000000008a30)
R8 =0x000000000000000a is an unknown value
R9 =0x0 is null
R10=0x0000000000000001 is an unknown value
R11=0x0000040020600950 is a zaddress: java.util.ArrayList 
{0x0000040020600950} - klass: 'java/util/ArrayList'
 - ---- fields (total size 4 words):
 - protected transient 'modCount' 'I' @12  7 (0x00000007)
 - private 'size' 'I' @16  3 (0x00000003)
 - transient 'elementData' '[Ljava/lang/Object;' @24  a 'java/lang/Object'[10] {0x000004001ac00238} (0x04001ac002388a30)
R12=0x000074aaf4000ec0 points into unknown readable memory: 0x0000040018608088 | 88 80 60 18 00 04 00 00
R13=0x000074afd542f9c8 is pointing into the stack for thread: 0x000074b00c49ef50
R14=0x000074afd542e758 is pointing into the stack for thread: 0x000074b00c49ef50
R15=0x000074b00c49ef50 is a thread

Top of Stack: (sp=0x000074afd542e700)
0x000074afd542e700:   000074affc288dea 000074b00c49ef50   ..(..t..P.I..t..
0x000074afd542e710:   000074afd542e770 000074affc20e092   p.B..t.... ..t..
0x000074afd542e720:   0000000000000001 000004001ac01738   ........8.......
0x000074afd542e730:   000004001ac012b0 00000400001c5100   .........Q......
0x000074afd542e740:   001c50c0001c50c0 000004001ac00038   .P...P..8.......
0x000074afd542e750:   0000000000000001 000004001ac00238   ........8.......
0x000074afd542e760:   0000000000000000 000074afd542e758   ........X.B..t..
0x000074afd542e770:   000074b00c49ef50 0000000000000000   P.I..t..........
0x000074afd542e780:   0000040020600730 0000040020600000   0.` ......` ....
0x000074afd542e790:   0000000000000000 0000000000000001   ................
0x000074afd542e7a0:   0000000000000007 0000040020600950   ........P.` ....
0x000074afd542e7b0:   0000040020600970 000004001ac014e0   p.` ............
0x000074afd542e7c0:   000004001ac015b0 0000000100000000   ................
0x000074afd542e7d0:   000074afd542e7e0 000074b014aec96d   ..B..t..m....t..
0x000074afd542e7e0:   000074afd542e800 000074b014122096   ..B..t... ...t..
0x000074afd542e7f0:   0000000000000001 000000001409722f   ......../r......
0x000074afd542e800:   0000000000000000 000074affc2684fc   ..........&..t..
0x000074afd542e810:   0000000000000000 0000040020600400   ..........` ....
0x000074afd542e820:   00035dc34dd85e2f 0000000000000000   /^.M.]..........
0x000074afd542e830:   0000000000000003 0000040020600428   ........(.` ....
0x000074afd542e840:   0000000000000002 0000040020600000   ..........` ....
0x000074afd542e850:   000074aaf4000ec0 0000000000000001   .....t..........
0x000074afd542e860:   0002e55a8c358aa0 0000000000000202   ..5.Z...........
0x000074afd542e870:   0000040020600530 000074affc20bcb0   0.` ...... ..t..
0x000074afd542e880:   0000040020600000 0000040020600428   ..` ....(.` ....
0x000074afd542e890:   00000400206005f8 000074ab407158d8   ..` .....Xq@.t..
0x000074afd542e8a0:   0000040002fbf918 000074ab406ce750   ........P.l@.t..
0x000074afd542e8b0:   0000000000000000 000074afd542e8d0   ..........B..t..
0x000074afd542e8c0:   000074afd542e938 000074affba66e80   8.B..t...n...t..
0x000074afd542e8d0:   0000040002f9a810 0000040002bb1290   ................
0x000074afd542e8e0:   0000040002fc06b0 0000040002fc06b0   ................
0x000074afd542e8f0:   000074afd542e8f0 000074ab406ce167   ..B..t..g.l@.t..

Instructions: (pc=0x000074affc288dea)
0x000074affc288cea:   ab 74 00 00 4d 03 d3 49 3b c2 0f 85 86 40 82 ff
0x000074affc288cfa:   66 90 0f 1f 40 00 89 84 24 00 c0 fe ff 55 48 81
0x000074affc288d0a:   ec 80 00 00 00 90 41 81 7f 58 20 8a 00 00 0f 85
0x000074affc288d1a:   10 1f 00 00 48 89 34 24 c7 46 0c 00 00 00 00 4c
0x000074affc288d2a:   8b 5e 68 49 c1 eb 10 0f 87 1d 14 00 00 45 8b 53
0x000074affc288d3a:   10 41 83 fa 05 0f 8f 7f 0c 00 00 45 85 d2 0f 84
0x000074affc288d4a:   d8 04 00 00 45 8b 53 0c 44 89 54 24 20 41 b9 ff
0x000074affc288d5a:   ff ff ff 4d 8b 97 90 03 00 00 49 8b 12 48 c1 ea
0x000074affc288d6a:   10 0f 87 10 14 00 00 44 8b 42 08 49 ba 00 00 00
0x000074affc288d7a:   4b ab 74 00 00 4d 03 d0 4d 8b 52 40 4c 89 54 24
0x000074affc288d8a:   10 45 33 d2 66 90 45 8b 63 0c 44 3b 64 24 20 0f
0x000074affc288d9a:   85 fd 0c 00 00 41 8b 6b 10 44 3b d5 0f 8d 1c 0d
0x000074affc288daa:   00 00 4d 8b 63 18 49 c1 ec 10 0f 87 06 14 00 00
0x000074affc288dba:   45 8b 44 24 0c 45 3b d0 0f 8d 38 0d 00 00 41 8d
0x000074affc288dca:   4a 01 89 4c 24 18 45 3b d0 0f 83 81 08 00 00 4b
0x000074affc288dda:   8b 6c d4 10 48 c1 ed 10 0f 87 21 14 00 00 44 8b
0x000074affc288dea:   4d 08 41 81 f9 00 68 0f 01 0f 85 97 0f 00 00 4c
0x000074affc288dfa:   8b 04 24 49 8b 78 20 48 c1 ef 10 0f 87 49 14 00
0x000074affc288e0a:   00 4c 8b 75 10 49 c1 ee 10 0f 87 8d 14 00 00 4d
0x000074affc288e1a:   85 f6 0f 84 62 08 00 00 44 8b 47 08 41 81 f8 c8
0x000074affc288e2a:   07 1e 00 0f 85 29 0a 00 00 c7 47 18 00 00 00 00
0x000074affc288e3a:   c7 47 0c ff ff ff ff 44 8b 47 20 44 89 47 1c 4d
0x000074affc288e4a:   8b 46 38 49 c1 e8 10 0f 87 a4 14 00 00 41 0f b6
0x000074affc288e5a:   68 0c 85 ed 0f 85 7c 0b 00 00 4d 8b 4e 38 49 c1
0x000074affc288e6a:   e9 10 4d 85 c9 0f 84 47 08 00 00 4d 8b 81 b0 00
0x000074affc288e7a:   00 00 49 c1 e8 10 0f 87 ca 14 00 00 4d 85 c0 0f
0x000074affc288e8a:   84 69 08 00 00 49 8b 68 10 48 c1 ed 10 0f 87 16
0x000074affc288e9a:   15 00 00 48 85 ed 0f 84 96 08 00 00 33 c0 be 01
0x000074affc288eaa:   00 00 00 f0 0f b1 75 0c 40 0f 94 c6 40 0f b6 f6
0x000074affc288eba:   85 f6 0f 84 8b 04 00 00 f7 45 10 d0 75 00 00 0f
0x000074affc288eca:   85 4d 15 00 00 4c 8b c2 49 c1 e0 10 49 81 c8 20
0x000074affc288eda:   8a 00 00 4c 89 45 10 45 0f b6 61 0d 45 8b ec 41


Stack slot to memory mapping:

stack at sp + 0 slots: 0x000074b00c49ef50 is a thread
stack at sp + 1 slots: 0x000074afd542e770 is pointing into the stack for thread: 0x000074b00c49ef50
stack at sp + 2 slots: 0x000074affc20e092 is at entry_point+242 in (nmethod*)0x000074affc20de10
Compiled method (n/a) 133417106 1205     n 0       sun.nio.ch.DatagramChannelImpl::receive0 (native)
 total in heap  [0x000074affc20de10,0x000074affc20e1a0] = 912
 relocation     [0x000074affc20df68,0x000074affc20dfa0] = 56
 main code      [0x000074affc20dfa0,0x000074affc20e19d] = 509
 stub code      [0x000074affc20e19d,0x000074affc20e1a0] = 3
0x000074affc20e046:   48 be f0 a5 14 40 ab 74 00 00 49 8b ff 40 f6 c4
0x000074affc20e056:   0f 0f 84 12 00 00 00 48 83 ec 08 e8 1a 56 fc 17
0x000074affc20e066:   48 83 c4 08 e9 05 00 00 00 e8 0c 56 fc 17 41 59
0x000074affc20e076:   41 58 59 5a 5e 49 8d bf c8 03 00 00 41 c7 87 54
0x000074affc20e086:   04 00 00 04 00 00 00 e8 ae 32 e1 13 c5 f8 77 41
0x000074affc20e096:   c7 87 54 04 00 00 05 00 00 00 f0 83 44 24 c0 00
0x000074affc20e0a6:   49 3b af 58 04 00 00 0f 87 0e 00 00 00 41 83 bf
0x000074affc20e0b6:   50 04 00 00 00 0f 84 21 00 00 00 c5 f8 77 48 89
0x000074affc20e0c6:   45 f8 49 8b ff 4c 8b e4 48 83 ec 00 48 83 e4 f0
stack at sp + 3 slots: 0x0000000000000001 is an unknown value
stack at sp + 4 slots: 0x000004001ac01738 is a zaddress: java.io.FileDescriptor 
{0x000004001ac01738} - klass: 'java/io/FileDescriptor'
 - ---- fields (total size 7 words):
 - private 'fd' 'I' @12  33 (0x00000021)
 - private 'handle' 'J' @16  -1 (0xffffffffffffffff)
 - private 'closed' 'Z' @24  false (0x00)
 - private 'append' 'Z' @25  false (0x00)
 - private 'parent' 'Ljava/io/Closeable;' @32  null (0x0000000000008a30)
 - private 'otherParents' 'Ljava/util/List;' @40  null (0x0000000000008a30)
 - private 'cleanup' 'Ljdk/internal/ref/PhantomCleanable;' @48  null (0x0000000000008a30)
stack at sp + 5 slots: 0x000004001ac012b0 is a zaddress: org.agrona.concurrent.UnsafeBuffer 
{0x000004001ac012b0} - klass: 'org/agrona/concurrent/UnsafeBuffer'
 - ---- fields (total size 6 words):
 - protected 'capacity' 'I' @12  16777216 (0x01000000)
 - protected 'addressOffset' 'J' @16  128274785095680 (0x000074aa4cffd000)
 - protected 'byteArray' '[B' @24  null (0x0000000000008a30)
 - private 'wrapAdjustment' 'I' @32  0 (0x00000000)
 - private 'byteBuffer' 'Ljava/nio/ByteBuffer;' @40  a 'java/nio/DirectByteBuffer'{0x0000040014597c18} (0x040014597c188a30)
stack at sp + 6 slots: 0x00000400001c5100 is a zaddress: Internal address
0x00000400001c5060 is a zaddress: com.match.application.publisher.PublishEvent 
{0x00000400001c5060} - klass: 'com/match/application/publisher/PublishEvent'
 - ---- fields (total size 35 words):
 - private 'eventType' 'I' @12  0 (0x00000000)
 - private 'timestamp' 'J' @16  1784548976354 (0x0000019f7f6866e2)
 - private 'tradeId' 'J' @24  6642700 (0x0000000000655c0c)
 - private 'takerOrderId' 'J' @32  12057972 (0x0000000000b7fd74)
 - private 'takerUserId' 'J' @40  900036 (0x00000000000dbbc4)
 - private 'makerOrderId' 'J' @48  12057732 (0x0000000000b7fc84)
 - private 'makerUserId' 'J' @56  900033 (0x00000000000dbbc1)
 - private 'price' 'J' @64  210800000 (0x000000000c908d80)
 - private 'quantity' 'J' @72  1367195061 (0x00000000517dbdb5)
 - private 'takerOmsOrderId' 'J' @80  337565036442550273 (0x04af459cb5c00001)
 - private 'makerOmsOrderId' 'J' @88  337565012291747840 (0x04af459716400000)
 - private 'updatePrice' 'J' @96  0 (0x0000000000000000)
 - private 'updateQuantity' 'J' @104  0 (0x0000000000000000)
 - private 'orderId' 'J' @112  11697252 (0x0000000000b27c64)
 - private 'userId' 'J' @120  900032 (0x00000000000dbbc0)
 - private 'remainingQty' 'J' @128  6120577372 (0x000000016cd0995c)
 - private 'filledQty' 'J' @136  0 (0x0000000000000000)
 - private 'orderPrice' 'J' @144  209900000 (0x000000000c82d1e0)
 - private 'omsOrderId' 'J' @152  337522681719029760 (0x04af1f173b800000)
 - private 'egressSeq' 'J' @160  2165951616 (0x000000008119cc80)
 - private 'p1' 'J' @168  0 (0x0000000000000000)
 - private 'p2' 'J' @176  0 (0x0000000000000000)
 - private 'p3' 'J' @184  0 (0x0000000000000000)
 - private 'p4' 'J' @192  0 (0x0000000000000000)
 - private 'marketId' 'I' @200  4 (0x00000004)
 - private 'bidLevelCount' 'I' @204  0 (0x00000000)
 - private 'askLevelCount' 'I' @208  0 (0x00000000)
 - private 'updateOrderCount' 'I' @212  0 (0x00000000)
 - private 'orderStatus' 'I' @216  0 (0x00000000)
 - private 'rejectReason' 'I' @220  0 (0x00000000)
 - private 'takerIsBuy' 'Z' @224  false (0x00)
 - private 'updateIsBid' 'Z' @225  false (0x00)
 - private 'isSnapshot' 'Z' @226  false (0x00)
 - private 'orderIsBuy' 'Z' @227  false (0x00)
 - private final 'bidPrices' '[J' @232  [J{0x00000400001c5178} (0x0400001c51788a30)
 - private final 'bidQuantities' '[J' @240  [J{0x00000400001c51d8} (0x0400001c51d88a30)
 - private final 'bidOrderCounts' '[I' @248  [I{0x00000400001c5238} (0x0400001c52388a30)
 - private final 'askPrices' '[J' @256  [J{0x00000400001c5270} (0x0400001c52708a30)
 - private final 'askQuantities' '[J' @264  [J{0x00000400001c52d0} (0x0400001c52d08a30)
 - private final 'askOrderCounts' '[I' @272  [I{0x00000400001c5330} (0x0400001c53308a30)
stack at sp + 7 slots: 0x001c50c0001c50c0 is an unknown value


---------------  P R O C E S S  ---------------

Threads class SMR info:
_java_thread_list=0x000074aaf0389a30, length=35, elements={
0x000074b00c0e9970, 0x000074b00c192600, 0x000074b00c193ff0, 0x000074b00c195c30,
0x000074b00c1976f0, 0x000074b00c199110, 0x000074b00c19b150, 0x000074b00c19cc90,
0x000074b00c1f89c0, 0x000074b00c1fba30, 0x000074b00c49c350, 0x000074b00c49ddc0,
0x000074b00c49ef50, 0x000074b00c4a09b0, 0x000074b00c616f60, 0x000074aadc0012b0,
0x000074aadc002970, 0x000074b00c69ab50, 0x000074b00c7fb740, 0x000074b00c80ca70,
0x000074aaa4001990, 0x000074b00c80f110, 0x000074b00c84f8a0, 0x000074aa68694620,
0x000074aa68696080, 0x000074aa686977c0, 0x000074aa68698ef0, 0x000074aa6869a500,
0x000074aa6869bb10, 0x000074aa6869d440, 0x000074aa6869ebb0, 0x000074aa686a0310,
0x000074aa686a1a70, 0x000074aa686b8df0, 0x000074aa686bd420
}

Java Threads: ( => current thread )
  0x000074b00c0e9970 JavaThread "main"                              [_thread_blocked, id=566324, stack(0x000074b013217000,0x000074b013317000) (1024K)]
  0x000074b00c192600 JavaThread "Reference Handler"          daemon [_thread_blocked, id=566381, stack(0x000074afd6300000,0x000074afd6400000) (1024K)]
  0x000074b00c193ff0 JavaThread "Finalizer"                  daemon [_thread_blocked, id=566382, stack(0x000074afd6200000,0x000074afd6300000) (1024K)]
  0x000074b00c195c30 JavaThread "Signal Dispatcher"          daemon [_thread_blocked, id=566383, stack(0x000074afd6100000,0x000074afd6200000) (1024K)]
  0x000074b00c1976f0 JavaThread "Service Thread"             daemon [_thread_blocked, id=566384, stack(0x000074afd6000000,0x000074afd6100000) (1024K)]
  0x000074b00c199110 JavaThread "Monitor Deflation Thread"   daemon [_thread_blocked, id=566385, stack(0x000074afd5f00000,0x000074afd6000000) (1024K)]
  0x000074b00c19b150 JavaThread "C2 CompilerThread0"         daemon [_thread_blocked, id=566386, stack(0x000074afd5e00000,0x000074afd5f00000) (1024K)]
  0x000074b00c19cc90 JavaThread "C1 CompilerThread0"         daemon [_thread_blocked, id=566387, stack(0x000074afd5d00000,0x000074afd5e00000) (1024K)]
  0x000074b00c1f89c0 JavaThread "Notification Thread"        daemon [_thread_blocked, id=566392, stack(0x000074afd5930000,0x000074afd5a30000) (1024K)]
  0x000074b00c1fba30 JavaThread "Common-Cleaner"             daemon [_thread_blocked, id=566393, stack(0x000074afd5830000,0x000074afd5930000) (1024K)]
  0x000074b00c49c350 JavaThread "aeron-md-nra"                      [_thread_blocked, id=566400, stack(0x000074afd5530000,0x000074afd5630000) (1024K)]
  0x000074b00c49ddc0 JavaThread "driver-conductor"                  [_thread_in_native, id=566401, stack(0x000074afd5430000,0x000074afd5530000) (1024K)]
=>0x000074b00c49ef50 JavaThread "sender"                            [_thread_in_Java, id=566402, stack(0x000074afd5330000,0x000074afd5430000) (1024K)]
  0x000074b00c4a09b0 JavaThread "receiver"                          [_thread_blocked, id=566403, stack(0x000074afd5230000,0x000074afd5330000) (1024K)]
  0x000074b00c616f60 JavaThread "archive-conductor"                 [_thread_blocked, id=566408, stack(0x000074afd4b2e000,0x000074afd4c2e000) (1024K)]
  0x000074aadc0012b0 JavaThread "archive-recorder"                  [_thread_in_native, id=566409, stack(0x000074afd4a2e000,0x000074afd4b2e000) (1024K)]
  0x000074aadc002970 JavaThread "archive-replayer"                  [_thread_blocked, id=566410, stack(0x000074afd492e000,0x000074afd4a2e000) (1024K)]
  0x000074b00c69ab50 JavaThread "consensus-module-0-1"              [_thread_in_native, id=566411, stack(0x000074afd456a000,0x000074afd466a000) (1024K)]
  0x000074b00c7fb740 JavaThread "archive-conductor"                 [_thread_blocked, id=566435, stack(0x000074afd4268000,0x000074afd4368000) (1024K)]
  0x000074b00c80ca70 JavaThread "settlement-journal-writer"         [_thread_blocked, id=566436, stack(0x000074afd4168000,0x000074afd4268000) (1024K)]
  0x000074aaa4001990 JavaThread "aeron-client"                      [_thread_blocked, id=566437, stack(0x000074afd4068000,0x000074afd4168000) (1024K)]
  0x000074b00c80f110 JavaThread "aeron-client"                      [_thread_blocked, id=566438, stack(0x000074ab090fe000,0x000074ab091fe000) (1024K)]
  0x000074b00c84f8a0 JavaThread "clustered-service-0-0"             [_thread_in_native, id=566442, stack(0x000074ab08c0b000,0x000074ab08d0b000) (1024K)]
  0x000074aa68694620 JavaThread "market-flush-2"             daemon [_thread_blocked, id=566465, stack(0x000074ab08a48000,0x000074ab08b48000) (1024K)]
  0x000074aa68696080 JavaThread "publisher-market-2"         daemon [_thread_in_Java, id=566473, stack(0x000074ab08948000,0x000074ab08a48000) (1024K)]
  0x000074aa686977c0 JavaThread "market-flush-3"             daemon [_thread_blocked, id=566474, stack(0x000074ab08848000,0x000074ab08948000) (1024K)]
  0x000074aa68698ef0 JavaThread "publisher-market-3"         daemon [_thread_in_Java, id=566475, stack(0x000074ab08748000,0x000074ab08848000) (1024K)]
  0x000074aa6869a500 JavaThread "market-flush-1"             daemon [_thread_blocked, id=566476, stack(0x000074ab08648000,0x000074ab08748000) (1024K)]
  0x000074aa6869bb10 JavaThread "publisher-market-1"         daemon [_thread_in_Java, id=566477, stack(0x000074ab08548000,0x000074ab08648000) (1024K)]
  0x000074aa6869d440 JavaThread "market-flush-5"             daemon [_thread_blocked, id=566480, stack(0x000074ab08448000,0x000074ab08548000) (1024K)]
  0x000074aa6869ebb0 JavaThread "publisher-market-5"         daemon [_thread_in_Java, id=566481, stack(0x000074ab08348000,0x000074ab08448000) (1024K)]
  0x000074aa686a0310 JavaThread "market-flush-4"             daemon [_thread_blocked, id=566482, stack(0x000074ab08248000,0x000074ab08348000) (1024K)]
  0x000074aa686a1a70 JavaThread "publisher-market-4"         daemon [_thread_in_Java, id=566483, stack(0x000074ab08148000,0x000074ab08248000) (1024K)]
  0x000074aa686b8df0 JavaThread "idle-timeout-task"          daemon [_thread_blocked, id=566487, stack(0x000074ab08048000,0x000074ab08148000) (1024K)]
  0x000074aa686bd420 JavaThread "HTTP-Dispatcher"                   [_thread_in_native, id=566488, stack(0x000074aad90ff000,0x000074aad91ff000) (1024K)]
Total: 35

Other Threads:
  0x000074b00c185d70 VMThread "VM Thread"                           [id=566380, stack(0x000074afd69fb000,0x000074afd6afb000) (1024K)]
  0x000074b00c153f30 WatcherThread "VM Periodic Task Thread"        [id=566379, stack(0x000074afd6afc000,0x000074afd6bfc000) (1024K)]
  0x000074b00c1157c0 ConcurrentGCThread "ZDirector"                 [id=566369, stack(0x000074aff4500000,0x000074aff4600000) (1024K)]
  0x000074b00c13dff0 ConcurrentGCThread "ZDriverMajor"              [id=566368, stack(0x000074b00bf00000,0x000074b00c000000) (1024K)]
  0x000074b00c13ca20 ConcurrentGCThread "ZDriverMinor"              [id=566367, stack(0x000074b010072000,0x000074b010172000) (1024K)]
  0x000074b00c140450 ConcurrentGCThread "ZStat"                     [id=566370, stack(0x000074aff43ff000,0x000074aff44ff000) (1024K)]
  0x000074b00c10c780 ConcurrentGCThread "ZUnmapper"                 [id=566329, stack(0x000074b012f04000,0x000074b013004000) (1024K)]
  0x000074b00c000e10 ConcurrentGCThread "ZUncommitter"              [id=566330, stack(0x000074b012e03000,0x000074b012f03000) (1024K)]
  0x000074b00c135bd0 WorkerThread "ZWorkerYoung#0"                  [id=566337, stack(0x000074b0106fa000,0x000074b0107fa000) (1024K)]
  0x000074b00c136e10 WorkerThread "ZWorkerYoung#1"                  [id=566338, stack(0x000074b0105f9000,0x000074b0106f9000) (1024K)]
  0x000074b00c138050 WorkerThread "ZWorkerYoung#2"                  [id=566339, stack(0x000074b0104f8000,0x000074b0105f8000) (1024K)]
  0x000074b00c139290 WorkerThread "ZWorkerYoung#3"                  [id=566340, stack(0x000074b0103f7000,0x000074b0104f7000) (1024K)]
  0x000074b00c13a4d0 WorkerThread "ZWorkerYoung#4"                  [id=566341, stack(0x000074b0102f6000,0x000074b0103f6000) (1024K)]
  0x000074b00c13b710 WorkerThread "ZWorkerYoung#5"                  [id=566342, stack(0x000074b0101f5000,0x000074b0102f5000) (1024K)]
  0x000074b00c12e010 WorkerThread "ZWorkerOld#0"                    [id=566331, stack(0x000074b010d00000,0x000074b010e00000) (1024K)]
  0x000074b00c130160 WorkerThread "ZWorkerOld#1"                    [id=566332, stack(0x000074b010bff000,0x000074b010cff000) (1024K)]
  0x000074b00c131290 WorkerThread "ZWorkerOld#2"                    [id=566333, stack(0x000074b010afe000,0x000074b010bfe000) (1024K)]
  0x000074b00c1324d0 WorkerThread "ZWorkerOld#3"                    [id=566334, stack(0x000074b0109fd000,0x000074b010afd000) (1024K)]
  0x000074b00c133710 WorkerThread "ZWorkerOld#4"                    [id=566335, stack(0x000074b0108fc000,0x000074b0109fc000) (1024K)]
  0x000074b00c134950 WorkerThread "ZWorkerOld#5"                    [id=566336, stack(0x000074b0107fb000,0x000074b0108fb000) (1024K)]
  0x000074b00c141750 WorkerThread "RuntimeWorker#0"                 [id=566371, stack(0x000074aff42fe000,0x000074aff43fe000) (1024K)]
  0x000074b00c142990 WorkerThread "RuntimeWorker#1"                 [id=566372, stack(0x000074aff41fd000,0x000074aff42fd000) (1024K)]
  0x000074b00c143bd0 WorkerThread "RuntimeWorker#2"                 [id=566373, stack(0x000074aff40fc000,0x000074aff41fc000) (1024K)]
  0x000074b00c144e10 WorkerThread "RuntimeWorker#3"                 [id=566374, stack(0x000074afd6f00000,0x000074afd7000000) (1024K)]
  0x000074b00c146050 WorkerThread "RuntimeWorker#4"                 [id=566375, stack(0x000074afd6dff000,0x000074afd6eff000) (1024K)]
  0x000074b00c147290 WorkerThread "RuntimeWorker#5"                 [id=566376, stack(0x000074afd6cfe000,0x000074afd6dfe000) (1024K)]
  0x000074b00c1484d0 WorkerThread "RuntimeWorker#6"                 [id=566377, stack(0x000074afd6bfd000,0x000074afd6cfd000) (1024K)]
Total: 27

Threads with active compile tasks:
Total: 0

VM state: not at safepoint (normal execution)

VM Mutex/Monitor currently owned by a thread: None

CDS archive(s) mapped at: [0x000074ab4b000000-0x000074ab4bcff000-0x000074ab4bcff000), size 13627392, SharedBaseAddress: 0x000074ab4b000000, ArchiveRelocationMode: 1.
Compressed class space mapped at: 0x000074ab4c000000-0x000074ab8c000000, reserved size: 1073741824
Narrow klass base: 0x000074ab4b000000, Narrow klass shift: 0, Narrow klass range: 0x100000000

GC Precious Log:
 NUMA Support: Disabled
 CPUs: 24 total, 24 available
 Memory: 31853M
 Large Page Support: Disabled
 Address Space Type: Contiguous/Unrestricted/Complete
 Address Space Size: 12288M
 Heap Backing File: /memfd:java_heap
 Heap Backing Filesystem: tmpfs (0x1021994)
 Min Capacity: 768M
 Initial Capacity: 768M
 Max Capacity: 768M
 Soft Max Capacity: 768M
 Medium Page Size: 16M
 Pre-touch: Disabled
 Available space on backing filesystem: N/A
 Uncommit: Implicitly Disabled (-Xms equals -Xmx)
 GC Workers for Old Generation: 6 (dynamic)
 GC Workers for Young Generation: 6 (dynamic)
 GC Workers Max: 6 (dynamic)
 Runtime Workers: 7

ZGC Globals:
 Young Collection:   Relocate/454
 Old Collection:     Relocate/452
 Offset Max:         4096G (0x0000040000000000)
 Page Size Small:    2M
 Page Size Medium:   16M

ZGC Metadata Bits:
 LoadGood:           0x0000000000008000
 LoadBad:            0x0000000000007000
 MarkGood:           0x0000000000008a00
 MarkBad:            0x00000000000075c0
 StoreGood:          0x0000000000008a20
 StoreBad:           0x00000000000075d0
 ------------------- 
 Remapped:           0x0000000000008000
 RemappedYoung:      0x000000000000a000
 RemappedOld:        0x000000000000c000
 MarkedYoung:        0x0000000000000200
 MarkedOld:          0x0000000000000800
 Remembered:         0x0000000000000020

Heap:
 ZHeap           used 368M, capacity 768M, max capacity 768M
 Metaspace       used 16584K, committed 17024K, reserved 1114112K
  class space    used 1234K, committed 1472K, reserved 1048576K

ZGC Page Table:
 Small   0x0000000000000000 0x0000000000200000 0x0000000000200000 O/5     Relocatable
 Small   0x0000000000200000 0x0000000000400000 0x0000000000400000 O/5     Relocatable
 Small   0x0000000001400000 0x00000000015e0198 0x0000000001600000 O/4     Relocatable
 Small   0x0000000001600000 0x00000000017f01f8 0x0000000001800000 O/4     Relocatable
 Small   0x0000000001800000 0x00000000019f0190 0x0000000001a00000 O/4     Relocatable
 Small   0x0000000001a00000 0x0000000001bf01d8 0x0000000001c00000 O/4     Relocatable
 Small   0x0000000001c00000 0x0000000001de01b8 0x0000000001e00000 O/4     Relocatable
 Small   0x0000000001e00000 0x0000000001ff01a8 0x0000000002000000 O/4     Relocatable
 Small   0x0000000002000000 0x00000000021f01c8 0x0000000002200000 O/4     Relocatable
 Small   0x0000000002200000 0x0000000002400000 0x0000000002400000 O/4     Relocatable
 Small   0x0000000002400000 0x0000000002600000 0x0000000002600000 O/4     Relocatable
 Large   0x0000000002600000 0x0000000002a00000 0x0000000002a00000 O/4     Relocatable
 Small   0x0000000002a00000 0x0000000002c00000 0x0000000002c00000 O/4     Relocatable
 Small   0x0000000002c00000 0x0000000002e00000 0x0000000002e00000 O/4     Relocatable
 Small   0x0000000002e00000 0x0000000003000000 0x0000000003000000 O/4     Relocatable
 Small   0x0000000003000000 0x0000000003200000 0x0000000003200000 O/4     Relocatable
 Small   0x0000000003200000 0x0000000003400000 0x0000000003400000 O/4     Relocatable
 Small   0x0000000003400000 0x0000000003600000 0x0000000003600000 O/4     Relocatable
 Small   0x0000000003600000 0x0000000003800000 0x0000000003800000 O/4     Relocatable
 Small   0x0000000003800000 0x0000000003a00000 0x0000000003a00000 O/4     Relocatable
 Small   0x0000000003a00000 0x0000000003c00000 0x0000000003c00000 O/4     Relocatable
 Small   0x0000000003c00000 0x0000000003e00000 0x0000000003e00000 O/4     Relocatable
 Small   0x0000000004000000 0x0000000004200000 0x0000000004200000 O/4     Relocatable
 Small   0x0000000004200000 0x0000000004400000 0x0000000004400000 O/4     Relocatable
 Small   0x0000000004400000 0x0000000004600000 0x0000000004600000 O/7     Relocatable
 Small   0x0000000004600000 0x0000000004800000 0x0000000004800000 Y/454   Allocating 
 Small   0x0000000004800000 0x0000000004a00000 0x0000000004a00000 O/4     Relocatable
 Small   0x0000000004a00000 0x0000000004c00000 0x0000000004c00000 O/5     Relocatable
 Small   0x0000000004c00000 0x0000000004e00000 0x0000000004e00000 O/4     Relocatable
 Small   0x0000000004e00000 0x0000000004ffffd0 0x0000000005000000 O/16    Relocatable
 Small   0x0000000005000000 0x0000000005200000 0x0000000005200000 O/5     Relocatable
 Small   0x0000000005200000 0x0000000005400000 0x0000000005400000 O/5     Relocatable
 Small   0x0000000006400000 0x0000000006600000 0x0000000006600000 O/4     Relocatable
 Small   0x0000000006600000 0x0000000006800000 0x0000000006800000 O/4     Relocatable
 Small   0x0000000006800000 0x0000000006a00000 0x0000000006a00000 O/4     Relocatable
 Small   0x0000000006a00000 0x0000000006c00000 0x0000000006c00000 O/4     Relocatable
 Small   0x0000000006c00000 0x0000000006e00000 0x0000000006e00000 O/4     Relocatable
 Small   0x0000000006e00000 0x0000000007000000 0x0000000007000000 O/4     Relocatable
 Small   0x0000000007000000 0x0000000007200000 0x0000000007200000 O/4     Relocatable
 Small   0x0000000007200000 0x0000000007400000 0x0000000007400000 O/4     Relocatable
 Small   0x0000000007400000 0x0000000007600000 0x0000000007600000 O/4     Relocatable
 Small   0x0000000007600000 0x0000000007800000 0x0000000007800000 O/4     Relocatable
 Small   0x0000000007800000 0x0000000007a00000 0x0000000007a00000 O/4     Relocatable
 Small   0x0000000007a00000 0x0000000007c00000 0x0000000007c00000 O/4     Relocatable
 Small   0x0000000007c00000 0x0000000007e00000 0x0000000007e00000 O/4     Relocatable
 Small   0x0000000007e00000 0x0000000008000000 0x0000000008000000 O/4     Relocatable
 Small   0x0000000008000000 0x0000000008200000 0x0000000008200000 O/4     Relocatable
 Small   0x0000000008200000 0x0000000008400000 0x0000000008400000 O/4     Relocatable
 Small   0x0000000008400000 0x0000000008600000 0x0000000008600000 O/4     Relocatable
 Small   0x0000000008600000 0x0000000008800000 0x0000000008800000 O/4     Relocatable
 Small   0x0000000008800000 0x0000000008a00000 0x0000000008a00000 O/4     Relocatable
 Small   0x0000000008a00000 0x0000000008c00000 0x0000000008c00000 O/4     Relocatable
 Small   0x0000000008c00000 0x0000000008e00000 0x0000000008e00000 O/4     Relocatable
 Small   0x0000000008e00000 0x0000000009000000 0x0000000009000000 O/4     Relocatable
 Small   0x0000000009000000 0x0000000009200000 0x0000000009200000 O/4     Relocatable
 Small   0x0000000009200000 0x0000000009400000 0x0000000009400000 O/4     Relocatable
 Small   0x0000000009400000 0x0000000009600000 0x0000000009600000 O/4     Relocatable
 Small   0x0000000009600000 0x0000000009800000 0x0000000009800000 O/4     Relocatable
 Small   0x0000000009800000 0x0000000009a00000 0x0000000009a00000 O/4     Relocatable
 Small   0x0000000009a00000 0x0000000009c00000 0x0000000009c00000 O/4     Relocatable
 Small   0x0000000009c00000 0x0000000009dffff8 0x0000000009e00000 O/5     Relocatable
 Small   0x0000000009e00000 0x0000000009ffffc8 0x000000000a000000 O/7     Relocatable
 Small   0x000000000a000000 0x000000000a200000 0x000000000a200000 O/5     Relocatable
 Small   0x000000000a200000 0x000000000a400000 0x000000000a400000 O/5     Relocatable
 Small   0x000000000a400000 0x000000000a600000 0x000000000a600000 O/5     Relocatable
 Small   0x000000000a600000 0x000000000a800000 0x000000000a800000 O/5     Relocatable
 Small   0x000000000a800000 0x000000000aa00000 0x000000000aa00000 O/5     Relocatable
 Small   0x000000000ba00000 0x000000000bc00000 0x000000000bc00000 O/5     Relocatable
 Small   0x000000000bc00000 0x000000000be00000 0x000000000be00000 O/5     Relocatable
 Small   0x000000000be00000 0x000000000c000000 0x000000000c000000 O/5     Relocatable
 Small   0x000000000c000000 0x000000000c200000 0x000000000c200000 O/5     Relocatable
 Small   0x000000000c200000 0x000000000c400000 0x000000000c400000 O/5     Relocatable
 Small   0x000000000c400000 0x000000000c600000 0x000000000c600000 O/5     Relocatable
 Small   0x000000000c600000 0x000000000c800000 0x000000000c800000 O/5     Relocatable
 Small   0x000000000c800000 0x000000000ca00000 0x000000000ca00000 O/5     Relocatable
 Small   0x000000000ca00000 0x000000000cc00000 0x000000000cc00000 O/5     Relocatable
 Small   0x000000000cc00000 0x000000000ce00000 0x000000000ce00000 O/5     Relocatable
 Small   0x000000000ce00000 0x000000000d000000 0x000000000d000000 O/5     Relocatable
 Small   0x000000000d000000 0x000000000d200000 0x000000000d200000 O/5     Relocatable
 Small   0x000000000d200000 0x000000000d400000 0x000000000d400000 O/5     Relocatable
 Small   0x000000000d400000 0x000000000d600000 0x000000000d600000 O/5     Relocatable
 Small   0x000000000d600000 0x000000000d800000 0x000000000d800000 O/5     Relocatable
 Small   0x000000000d800000 0x000000000da00000 0x000000000da00000 O/5     Relocatable
 Small   0x000000000da00000 0x000000000dc00000 0x000000000dc00000 O/5     Relocatable
 Small   0x000000000dc00000 0x000000000de00000 0x000000000de00000 O/5     Relocatable
 Small   0x000000000de00000 0x000000000e000000 0x000000000e000000 O/5     Relocatable
 Small   0x000000000e000000 0x000000000e200000 0x000000000e200000 O/5     Relocatable
 Small   0x000000000e200000 0x000000000e400000 0x000000000e400000 O/5     Relocatable
 Small   0x000000000e400000 0x000000000e600000 0x000000000e600000 O/5     Relocatable
 Small   0x000000000e600000 0x000000000e800000 0x000000000e800000 O/5     Relocatable
 Small   0x000000000e800000 0x000000000ea00000 0x000000000ea00000 O/5     Relocatable
 Small   0x000000000ea00000 0x000000000ec00000 0x000000000ec00000 O/5     Relocatable
 Small   0x000000000ec00000 0x000000000edfff38 0x000000000ee00000 O/15    Relocatable
 Small   0x000000000ee00000 0x000000000f000000 0x000000000f000000 O/5     Relocatable
 Small   0x0000000010600000 0x0000000010800000 0x0000000010800000 O/19    Relocatable
 Medium  0x0000000010a00000 0x000000001104f800 0x0000000011a00000 O/6     Relocatable
 Small   0x0000000011c00000 0x0000000011e00000 0x0000000011e00000 O/5     Relocatable
 Small   0x0000000011e00000 0x0000000012000000 0x0000000012000000 O/5     Relocatable
 Small   0x0000000012000000 0x0000000012200000 0x0000000012200000 O/5     Relocatable
 Small   0x0000000012200000 0x0000000012400000 0x0000000012400000 O/5     Relocatable
 Small   0x0000000012400000 0x0000000012600000 0x0000000012600000 O/5     Relocatable
 Small   0x0000000012600000 0x0000000012800000 0x0000000012800000 O/5     Relocatable
 Small   0x0000000012800000 0x0000000012a00000 0x0000000012a00000 O/5     Relocatable
 Small   0x0000000012a00000 0x0000000012c00000 0x0000000012c00000 O/5     Relocatable
 Small   0x0000000012c00000 0x0000000012e00000 0x0000000012e00000 O/5     Relocatable
 Small   0x0000000012e00000 0x0000000013000000 0x0000000013000000 O/5     Relocatable
 Small   0x0000000013000000 0x0000000013200000 0x0000000013200000 O/5     Relocatable
 Small   0x0000000013200000 0x0000000013400000 0x0000000013400000 O/5     Relocatable
 Small   0x0000000013400000 0x0000000013600000 0x0000000013600000 O/5     Relocatable
 Small   0x0000000013600000 0x0000000013800000 0x0000000013800000 O/5     Relocatable
 Small   0x0000000013800000 0x0000000013a00000 0x0000000013a00000 O/5     Relocatable
 Small   0x0000000013a00000 0x0000000013c00000 0x0000000013c00000 O/5     Relocatable
 Small   0x0000000013c00000 0x0000000013e00000 0x0000000013e00000 O/5     Relocatable
 Small   0x0000000013e00000 0x0000000014000000 0x0000000014000000 O/5     Relocatable
 Small   0x0000000014000000 0x0000000014200000 0x0000000014200000 O/5     Relocatable
 Small   0x0000000014400000 0x00000000145f9228 0x0000000014600000 O/7     Relocatable
 Small   0x0000000014600000 0x0000000014800000 0x0000000014800000 O/5     Relocatable
 Small   0x0000000014800000 0x0000000014a00000 0x0000000014a00000 O/5     Relocatable
 Small   0x0000000014a00000 0x0000000014c00000 0x0000000014c00000 O/5     Relocatable
 Small   0x0000000014c00000 0x0000000014e00000 0x0000000014e00000 O/5     Relocatable
 Small   0x0000000014e00000 0x0000000015000000 0x0000000015000000 O/5     Relocatable
 Small   0x0000000015000000 0x0000000015200000 0x0000000015200000 O/5     Relocatable
 Small   0x0000000015200000 0x0000000015400000 0x0000000015400000 O/5     Relocatable
 Small   0x0000000015400000 0x0000000015600000 0x0000000015600000 O/5     Relocatable
 Small   0x0000000015600000 0x0000000015800000 0x0000000015800000 O/5     Relocatable
 Small   0x0000000015800000 0x0000000015a00000 0x0000000015a00000 O/5     Relocatable
 Small   0x0000000015a00000 0x0000000015c00000 0x0000000015c00000 O/5     Relocatable
 Small   0x0000000015c00000 0x0000000015e00000 0x0000000015e00000 O/5     Relocatable
 Small   0x0000000015e00000 0x0000000016000000 0x0000000016000000 O/5     Relocatable
 Small   0x0000000016000000 0x0000000016200000 0x0000000016200000 O/5     Relocatable
 Small   0x0000000016200000 0x0000000016400000 0x0000000016400000 O/5     Relocatable
 Small   0x0000000016400000 0x0000000016600000 0x0000000016600000 O/5     Relocatable
 Small   0x0000000016600000 0x0000000016800000 0x0000000016800000 O/5     Relocatable
 Small   0x0000000016800000 0x0000000016a00000 0x0000000016a00000 O/5     Relocatable
 Small   0x0000000016a00000 0x0000000016c00000 0x0000000016c00000 O/5     Relocatable
 Small   0x0000000016c00000 0x0000000016e00000 0x0000000016e00000 O/5     Relocatable
 Small   0x0000000016e00000 0x0000000017000000 0x0000000017000000 O/5     Relocatable
 Small   0x0000000017000000 0x0000000017200000 0x0000000017200000 O/5     Relocatable
 Small   0x0000000017200000 0x0000000017400000 0x0000000017400000 O/5     Relocatable
 Small   0x0000000017800000 0x00000000179fffe8 0x0000000017a00000 O/14    Relocatable
 Small   0x0000000017a00000 0x0000000017bfffc0 0x0000000017c00000 O/15    Relocatable
 Small   0x0000000017e00000 0x0000000017fb1de0 0x0000000018000000 O/4     Relocatable
 Small   0x0000000018200000 0x00000000183ffff8 0x0000000018400000 O/14    Relocatable
 Small   0x0000000018c00000 0x0000000018dfffb8 0x0000000018e00000 O/22    Relocatable
 Small   0x0000000018e00000 0x0000000018ffffc0 0x0000000019000000 O/27    Relocatable
 Small   0x0000000019200000 0x0000000019240000 0x0000000019400000 Y/454   Allocating 
 Small   0x0000000019600000 0x00000000197ffe98 0x0000000019800000 O/18    Relocatable
 Small   0x0000000019800000 0x00000000199fffc8 0x0000000019a00000 O/15    Relocatable
 Small   0x0000000019e00000 0x0000000019f97dc0 0x000000001a000000 O/440   Relocatable
 Small   0x000000001a200000 0x000000001a3fff78 0x000000001a400000 O/26    Relocatable
 Small   0x000000001ac00000 0x000000001adfffa0 0x000000001ae00000 O/23    Relocatable
 Small   0x000000001b000000 0x000000001b0000b0 0x000000001b200000 O/452   Allocating 
 Small   0x000000001b600000 0x000000001b6000b0 0x000000001b800000 Y/454   Allocating 
 Small   0x000000001be00000 0x000000001bffff38 0x000000001c000000 O/18    Relocatable
 Small   0x000000001c400000 0x000000001c5ffff8 0x000000001c600000 O/7     Relocatable
 Small   0x000000001c600000 0x000000001c7b1d88 0x000000001c800000 O/12    Relocatable
 Small   0x000000001ce00000 0x000000001d000000 0x000000001d000000 O/5     Relocatable
 Small   0x000000001d000000 0x000000001d200000 0x000000001d200000 Y/454   Allocating 
 Small   0x000000001d400000 0x000000001d5fff70 0x000000001d600000 O/16    Relocatable
 Small   0x000000001d800000 0x000000001d9fff78 0x000000001da00000 O/20    Relocatable
 Small   0x000000001da00000 0x000000001da000b0 0x000000001dc00000 Y/454   Allocating 
 Small   0x000000001dc00000 0x000000001de00000 0x000000001de00000 O/20    Relocatable
 Small   0x000000001e200000 0x000000001e3fffd8 0x000000001e400000 O/22    Relocatable
 Small   0x000000001e600000 0x000000001e7ffff8 0x000000001e800000 O/24    Relocatable
 Small   0x000000001e800000 0x000000001e9fff50 0x000000001ea00000 O/26    Relocatable
 Small   0x000000001ea00000 0x000000001ec00000 0x000000001ec00000 O/24    Relocatable
 Small   0x000000001ec00000 0x000000001edfffe8 0x000000001ee00000 O/25    Relocatable
 Small   0x000000001ee00000 0x000000001effff90 0x000000001f000000 O/26    Relocatable
 Small   0x000000001f000000 0x000000001f1fff30 0x000000001f200000 O/26    Relocatable
 Small   0x000000001f400000 0x000000001f4000b0 0x000000001f600000 Y/454   Allocating 
 Small   0x000000001f600000 0x000000001f7fffb8 0x000000001f800000 O/26    Relocatable
 Small   0x000000001fa00000 0x000000001fa000b0 0x000000001fc00000 Y/454   Allocating 
 Small   0x000000001fe00000 0x000000001fe016a8 0x0000000020000000 Y/454   Allocating 
 Small   0x0000000020000000 0x00000000200000b0 0x0000000020200000 Y/454   Allocating 
 Small   0x0000000020400000 0x0000000020596298 0x0000000020600000 O/452   Allocating 
 Small   0x0000000020600000 0x0000000020603160 0x0000000020800000 O/452   Allocating 

ZBarrierSet

Polling page: 0x000074b014c5f000

Metaspace:

Usage:
  Non-class:     14.99 MB used.
      Class:      1.21 MB used.
       Both:     16.20 MB used.

Virtual space:
  Non-class space:       64.00 MB reserved,      15.19 MB ( 24%) committed,  1 nodes.
      Class space:        1.00 GB reserved,       1.44 MB ( <1%) committed,  1 nodes.
             Both:        1.06 GB reserved,      16.62 MB (  2%) committed. 

Chunk freelists:
   Non-Class:  140.00 KB
       Class:  14.50 MB
        Both:  14.63 MB

MaxMetaspaceSize: unlimited
CompressedClassSpaceSize: 1.00 GB
Initial GC threshold: 21.00 MB
Current GC threshold: 27.62 MB
CDS: on
 - commit_granule_bytes: 65536.
 - commit_granule_words: 8192.
 - virtual_space_node_default_size: 8388608.
 - enlarge_chunks_in_place: 1.
 - use_allocation_guard: 0.


Internal statistics:

num_allocs_failed_limit: 0.
num_arena_births: 732.
num_arena_deaths: 260.
num_vsnodes_births: 2.
num_vsnodes_deaths: 0.
num_space_committed: 266.
num_space_uncommitted: 0.
num_chunks_returned_to_freelist: 309.
num_chunks_taken_from_freelist: 1469.
num_chunk_merges: 59.
num_chunk_splits: 867.
num_chunks_enlarged: 525.
num_inconsistent_stats: 0.

CodeHeap 'non-profiled nmethods': size=119168Kb used=4180Kb max_used=4180Kb free=114987Kb
 bounds [0x000074affc1a0000, 0x000074affc5c0000, 0x000074b003600000]
CodeHeap 'profiled nmethods': size=119164Kb used=3450Kb max_used=5932Kb free=115713Kb
 bounds [0x000074aff4600000, 0x000074aff4bd0000, 0x000074affba5f000]
CodeHeap 'non-nmethods': size=7428Kb used=1665Kb max_used=3440Kb free=5762Kb
 bounds [0x000074affba5f000, 0x000074affbdcf000, 0x000074affc1a0000]
CodeCache: size=245760Kb, used=9295Kb, max_used=13552Kb, free=236462Kb
 total_blobs=3770, nmethods=2923, adapters=750, full_count=0
Compilation: enabled, stopped_count=0, restarted_count=0

Compilation events (250 events):
Event: 88427.453 Thread 0x000074b00c19b150 6863       4       io.aeron.logbuffer.LogBufferDescriptor::checkTermLength (62 bytes)
Event: 88427.453 Thread 0x000074b00c19b150 nmethod 6863 0x000074affc587890 code [0x000074affc587a20, 0x000074affc587ae8]
Event: 88727.259 Thread 0x000074b00c19b150 6864       4       io.aeron.driver.IpcPublication::cleanBufferTo (93 bytes)
Event: 88727.262 Thread 0x000074b00c19b150 nmethod 6864 0x000074affc587c10 code [0x000074affc587de0, 0x000074affc5884c8]
Event: 89027.007 Thread 0x000074b00c19b150 6865       4       org.agrona.collections.Object2ObjectHashMap::put (119 bytes)
Event: 89027.010 Thread 0x000074b00c19b150 nmethod 6865 0x000074affc588a90 code [0x000074affc588ca0, 0x000074affc589548]
Event: 89027.016 Thread 0x000074b00c19b150 6866       4       org.agrona.collections.LongHashSet::add (110 bytes)
Event: 89027.017 Thread 0x000074b00c19b150 nmethod 6866 0x000074affc589990 code [0x000074affc589b20, 0x000074affc589d90]
Event: 89027.230 Thread 0x000074b00c19b150 6867       4       java.lang.invoke.DirectMethodHandle$Holder::invokeStatic (17 bytes)
Event: 89027.230 Thread 0x000074b00c19b150 nmethod 6867 0x000074affc589f10 code [0x000074affc58a0a0, 0x000074affc58a1d8]
Event: 89629.962 Thread 0x000074b00c19b150 6868       4       io.aeron.logbuffer.LogBufferDescriptor::positionBitsToShift (222 bytes)
Event: 89629.962 Thread 0x000074b00c19b150 nmethod 6868 0x000074affc58a310 code [0x000074affc58a480, 0x000074affc58a528]
Event: 92927.363 Thread 0x000074b00c19b150 6869       4       io.aeron.archive.status.RecordingPos::isActive (52 bytes)
Event: 92927.364 Thread 0x000074b00c19b150 nmethod 6869 0x000074affc58a610 code [0x000074affc58a800, 0x000074affc58ade8]
Event: 93827.014 Thread 0x000074b00c19b150 6870       4       org.agrona.UnsafeApi::getAndSetReference (10 bytes)
Event: 93827.014 Thread 0x000074b00c19b150 nmethod 6870 0x000074affc58b290 code [0x000074affc58b420, 0x000074affc58b508]
Event: 93827.115 Thread 0x000074b00c19b150 6871       4       org.agrona.UnsafeApi::compareAndSetReference (12 bytes)
Event: 93827.115 Thread 0x000074b00c19b150 nmethod 6871 0x000074affc58b590 code [0x000074affc58b720, 0x000074affc58b828]
Event: 94127.518 Thread 0x000074b00c19b150 6872       4       io.aeron.driver.DriverConductor::onRemovePublication (115 bytes)
Event: 94127.538 Thread 0x000074b00c19b150 nmethod 6872 0x000074affc58b890 code [0x000074affc58bba0, 0x000074affc58d478]
Event: 95626.947 Thread 0x000074b00c19b150 6873       4       org.agrona.collections.Object2ObjectHashMap$AbstractIterator::findNext (98 bytes)
Event: 95626.948 Thread 0x000074b00c19b150 nmethod 6873 0x000074affc58e010 code [0x000074affc58e1c0, 0x000074affc58e538]
Event: 95627.114 Thread 0x000074b00c19cc90 6874       3       io.aeron.archive.ControlSession$$Lambda/0x000074ab4c136fd0::<init> (39 bytes)
Event: 95627.114 Thread 0x000074b00c19cc90 nmethod 6874 0x000074aff489dc10 code [0x000074aff489ddc0, 0x000074aff489e028]
Event: 95627.201 Thread 0x000074b00c19b150 6875       4       org.agrona.UnsafeApi::putLongVolatile (10 bytes)
Event: 95627.201 Thread 0x000074b00c19b150 nmethod 6875 0x000074affc58e710 code [0x000074affc58e880, 0x000074affc58e8f8]
Event: 95927.328 Thread 0x000074b00c19cc90 6876       3       org.agrona.collections.Long2LongHashMap$EntryIterator::getLongKey (13 bytes)
Event: 95927.328 Thread 0x000074b00c19cc90 nmethod 6876 0x000074aff4681210 code [0x000074aff46813c0, 0x000074aff4681638]
Event: 95929.956 Thread 0x000074b00c19b150 6877       4       io.aeron.command.CounterMessageFlyweight::labelLengthOffset (12 bytes)
Event: 95929.957 Thread 0x000074b00c19b150 nmethod 6877 0x000074affc58ea10 code [0x000074affc58eba0, 0x000074affc58ed78]
Event: 98586.143 Thread 0x000074b00c19b150 6878       4       java.util.HashMap::newNode (13 bytes)
Event: 98586.144 Thread 0x000074b00c19b150 nmethod 6878 0x000074affc58ef10 code [0x000074affc58f0a0, 0x000074affc58f1d8]
Event: 98586.166 Thread 0x000074b00c19cc90 6880       3       java.util.HashMap::putVal (300 bytes)
Event: 98586.166 Thread 0x000074b00c19b150 6879       4       java.util.HashMap::afterNodeInsertion (1 bytes)
Event: 98586.166 Thread 0x000074b00c19b150 nmethod 6879 0x000074affc58f290 code [0x000074affc58f400, 0x000074affc58f488]
Event: 98586.166 Thread 0x000074b00c19cc90 nmethod 6880 0x000074aff47e6910 code [0x000074aff47e6c00, 0x000074aff47e7ec0]
Event: 98589.786 Thread 0x000074b00c19b150 6881       4       java.util.HashMap::putVal (300 bytes)
Event: 98589.791 Thread 0x000074b00c19b150 nmethod 6881 0x000074affc58f590 code [0x000074affc58f820, 0x000074affc590548]
Event: 98626.976 Thread 0x000074b00c19b150 6882       4       java.lang.reflect.Constructor::newInstanceWithCaller (51 bytes)
Event: 98626.977 Thread 0x000074b00c19b150 nmethod 6882 0x000074affc3bf510 code [0x000074affc3bf720, 0x000074affc3bfbc8]
Event: 98627.124 Thread 0x000074b00c19cc90 6883       3       io.aeron.archive.client.AeronArchive$Configuration$$Lambda/0x000074ab4c02b810::onSignal (14 bytes)
Event: 98627.124 Thread 0x000074b00c19cc90 nmethod 6883 0x000074aff4b02b90 code [0x000074aff4b02d20, 0x000074aff4b02e78]
Event: 98629.856 Thread 0x000074b00c19b150 6884   !   4       sun.nio.fs.UnixPath::encode (31 bytes)
Event: 98629.856 Thread 0x000074b00c19b150 nmethod 6884 0x000074affc3bef90 code [0x000074affc3bf120, 0x000074affc3bf358]
Event: 98629.857 Thread 0x000074b00c19b150 6885       4       sun.nio.fs.UnixFileSystem::getPath (110 bytes)
Event: 98629.864 Thread 0x000074b00c19b150 nmethod 6885 0x000074affc590c10 code [0x000074affc590e00, 0x000074affc591500]
Event: 98929.963 Thread 0x000074b00c19b150 6886       4       sun.nio.fs.UnixFileModeAttribute::toUnixMode (113 bytes)
Event: 98929.963 Thread 0x000074b00c19b150 nmethod 6886 0x000074affc3bea10 code [0x000074affc3beb80, 0x000074affc3bec20]
Event: 98929.968 Thread 0x000074b00c19b150 6887       4       java.nio.channels.FileChannel::open (18 bytes)
Event: 98929.979 Thread 0x000074b00c19b150 nmethod 6887 0x000074affc591a10 code [0x000074affc591c60, 0x000074affc5925a0]
Event: 98929.979 Thread 0x000074b00c19b150 6888       4       sun.nio.fs.UnixChannelFactory::newFileChannel (9 bytes)
Event: 98929.986 Thread 0x000074b00c19b150 nmethod 6888 0x000074affc592e90 code [0x000074affc5930c0, 0x000074affc5938c0]
Event: 99226.901 Thread 0x000074b00c19b150 6889       4       sun.nio.ch.FileChannelImpl::map (171 bytes)
Event: 99226.913 Thread 0x000074b00c19b150 nmethod 6889 0x000074affc594010 code [0x000074affc594300, 0x000074affc595378]
Event: 99226.913 Thread 0x000074b00c19b150 6890       4       sun.nio.ch.FileChannelImpl$DefaultUnmapper::<init> (17 bytes)
Event: 99226.914 Thread 0x000074b00c19b150 nmethod 6890 0x000074affc595c90 code [0x000074affc595e20, 0x000074affc596120]
Event: 99528.366 Thread 0x000074b00c19b150 6891   !   4       sun.nio.ch.FileChannelImpl$Closer::run (28 bytes)
Event: 99528.367 Thread 0x000074b00c19b150 nmethod 6891 0x000074affc596210 code [0x000074affc5963e0, 0x000074affc596888]
Event: 99826.948 Thread 0x000074b00c19b150 6892       4       io.aeron.logbuffer.LogBufferDescriptor::initialTermId (8 bytes)
Event: 99826.949 Thread 0x000074b00c19b150 nmethod 6892 0x000074affc596a90 code [0x000074affc596c20, 0x000074affc596d48]
Event: 100128.204 Thread 0x000074b00c19b150 6893   !   4       sun.nio.ch.FileChannelImpl$Unmapper::unmap (44 bytes)
Event: 100128.205 Thread 0x000074b00c19b150 nmethod 6893 0x000074affc596e90 code [0x000074affc597040, 0x000074affc5973a0]
Event: 100128.205 Thread 0x000074b00c19b150 6894   !   4       sun.nio.ch.FileChannelImpl$DefaultUnmapper::decrementStats (46 bytes)
Event: 100128.206 Thread 0x000074b00c19b150 nmethod 6894 0x000074affc597510 code [0x000074affc5976a0, 0x000074affc5978f0]
Event: 100128.206 Thread 0x000074b00c19b150 6895       4       jdk.internal.misc.Unsafe::invokeCleaner (59 bytes)
Event: 100128.208 Thread 0x000074b00c19b150 nmethod 6895 0x000074affc597990 code [0x000074affc597bc0, 0x000074affc598440]
Event: 101330.029 Thread 0x000074b00c19b150 6896   !   4       sun.nio.fs.UnixNativeDispatcher::open (72 bytes)
Event: 101330.034 Thread 0x000074b00c19b150 nmethod 6896 0x000074affc598710 code [0x000074affc598a20, 0x000074affc599c68]
Event: 101627.012 Thread 0x000074b00c19b150 6897       4       java.lang.invoke.LambdaForm$MH/0x000074ab4c18dc00::invoke (184 bytes)
Event: 101627.016 Thread 0x000074b00c19b150 nmethod 6897 0x000074affc59a810 code [0x000074affc59aa60, 0x000074affc59b708]
Event: 101627.016 Thread 0x000074b00c19b150 6898       4       java.nio.DirectByteBuffer::<init> (35 bytes)
Event: 101627.019 Thread 0x000074b00c19b150 nmethod 6898 0x000074affc59bf10 code [0x000074affc59c100, 0x000074affc59ca28]
Event: 101927.151 Thread 0x000074b00c19b150 6899       4       io.aeron.driver.DriverConductor::onRemoveSubscription (109 bytes)
Event: 101927.181 Thread 0x000074b00c19b150 nmethod 6899 0x000074affc59cd10 code [0x000074affc59d100, 0x000074affc59f160]
Event: 102527.115 Thread 0x000074b00c19b150 6900       4       java.lang.invoke.DirectMethodHandle$Holder::invokeStatic (17 bytes)
Event: 102527.116 Thread 0x000074b00c19b150 nmethod 6900 0x000074affc5a0290 code [0x000074affc5a0420, 0x000074affc5a0558]
Event: 102527.116 Thread 0x000074b00c19b150 6901       4       java.lang.StringConcatHelper::mix (11 bytes)
Event: 102527.117 Thread 0x000074b00c19b150 nmethod 6901 0x000074affc5a0690 code [0x000074affc5a0800, 0x000074affc5a09e8]
Event: 102527.117 Thread 0x000074b00c19b150 6902       4       java.lang.invoke.LambdaForm$MH/0x000074ab4c08c800::invoke (32 bytes)
Event: 102527.118 Thread 0x000074b00c19b150 nmethod 6902 0x000074affc5a0a90 code [0x000074affc5a0c40, 0x000074affc5a0e48]
Event: 102527.118 Thread 0x000074b00c19b150 6903       4       java.lang.invoke.DirectMethodHandle$Holder::invokeStatic (21 bytes)
Event: 102527.118 Thread 0x000074b00c19b150 nmethod 6903 0x000074affc5a0f90 code [0x000074affc5a1120, 0x000074affc5a1280]
Event: 103730.263 Thread 0x000074b00c19b150 6904       4       io.aeron.driver.DriverConductor::findClient (53 bytes)
Event: 103730.264 Thread 0x000074b00c19b150 nmethod 6904 0x000074affc5a1390 code [0x000074affc5a1520, 0x000074affc5a1770]
Event: 105827.395 Thread 0x000074b00c19cc90 6905       3       java.util.ArrayList::add (65 bytes)
Event: 105827.396 Thread 0x000074b00c19cc90 nmethod 6905 0x000074aff4703e10 code [0x000074aff4704020, 0x000074aff47046f8]
Event: 105827.396 Thread 0x000074b00c19cc90 6906       3       io.aeron.archive.client.ArchiveProxy::listRecording (42 bytes)
Event: 105827.396 Thread 0x000074b00c19cc90 nmethod 6906 0x000074aff46c0490 code [0x000074aff46c06a0, 0x000074aff46c0a60]
Event: 106126.901 Thread 0x000074b00c19cc90 6907       3       io.aeron.archive.client.AeronArchive$Context::conclude (319 bytes)
Event: 106126.902 Thread 0x000074b00c19cc90 nmethod 6907 0x000074aff461a210 code [0x000074aff461a7c0, 0x000074aff461d588]
Event: 108830.220 Thread 0x000074b00c19cc90 6908       3       io.aeron.driver.IpcPublication::revoke (9 bytes)
Event: 108830.221 Thread 0x000074b00c19cc90 nmethod 6908 0x000074aff4784790 code [0x000074aff4784940, 0x000074aff4784bc8]
Event: 110026.954 Thread 0x000074b00c19cc90 6909       3       io.aeron.archive.codecs.AuthConnectRequestEncoder::responseChannel (90 bytes)
Event: 110026.954 Thread 0x000074b00c19cc90 nmethod 6909 0x000074aff4705a90 code [0x000074aff4705cc0, 0x000074aff47063d0]
Event: 110026.954 Thread 0x000074b00c19cc90 6910       3       io.aeron.archive.codecs.AuthConnectRequestEncoder::putEncodedCredentials (78 bytes)
Event: 110026.955 Thread 0x000074b00c19cc90 nmethod 6910 0x000074aff4619790 code [0x000074aff46199a0, 0x000074aff4619f48]
Event: 110026.955 Thread 0x000074b00c19cc90 6911       3       io.aeron.archive.codecs.AuthConnectRequestEncoder::clientInfo (90 bytes)
Event: 110026.955 Thread 0x000074b00c19cc90 nmethod 6911 0x000074aff49ea710 code [0x000074aff49ea940, 0x000074aff49eb050]
Event: 110327.150 Thread 0x000074b00c19cc90 6912       3       io.aeron.cluster.service.ClusteredServiceAgent::awaitRecordingCounter (53 bytes)
Event: 110327.151 Thread 0x000074b00c19cc90 nmethod 6912 0x000074aff4710a10 code [0x000074aff4710c20, 0x000074aff4711160]
Event: 111827.004 Thread 0x000074b00c19cc90 6913   !   3       io.aeron.ClientConductor::doWork (63 bytes)
Event: 111827.004 Thread 0x000074b00c19cc90 nmethod 6913 0x000074aff4b15a90 code [0x000074aff4b15ca0, 0x000074aff4b16288]
Event: 111827.483 Thread 0x000074b00c19cc90 6914   !   3       java.util.concurrent.locks.AbstractQueuedSynchronizer::acquire (424 bytes)
Event: 111827.484 Thread 0x000074b00c19cc90 nmethod 6914 0x000074aff483ce10 code [0x000074aff483d200, 0x000074aff483eda0]
Event: 111828.102 Thread 0x000074b00c19b150 6915   !   4       io.aeron.ClientConductor::doWork (63 bytes)
Event: 111828.104 Thread 0x000074b00c19b150 nmethod 6915 0x000074affc5a1910 code [0x000074affc5a1b40, 0x000074affc5a21c8]
Event: 111847.446 Thread 0x000074b00c19b150 6916   !   4       java.util.concurrent.locks.AbstractQueuedSynchronizer::acquire (424 bytes)
Event: 111847.455 Thread 0x000074b00c19b150 nmethod 6916 0x000074affc5a2510 code [0x000074affc5a27c0, 0x000074affc5a37e0]
Event: 113326.928 Thread 0x000074b00c19b150 6917       4       io.aeron.driver.DriverConductor::getOrAddClient (116 bytes)
Event: 113326.945 Thread 0x000074b00c19b150 nmethod 6917 0x000074affc5a3f10 code [0x000074affc5a4260, 0x000074affc5a59f0]
Event: 113627.021 Thread 0x000074b00c19b150 6918       4       org.agrona.collections.Object2ObjectHashMap$EntryIterator::next (5 bytes)
Event: 113627.022 Thread 0x000074b00c19b150 nmethod 6918 0x000074affc304290 code [0x000074affc304440, 0x000074affc3047c0]
Event: 114230.056 Thread 0x000074b00c19b150 6919       4       java.lang.CharacterDataLatin1::isDigit (18 bytes)
Event: 114230.057 Thread 0x000074b00c19b150 nmethod 6919 0x000074affc303e90 code [0x000074affc304000, 0x000074affc3040a8]
Event: 114230.069 Thread 0x000074b00c19b150 6920       4       org.agrona.SystemUtil::validateNonNegative (48 bytes)
Event: 114230.070 Thread 0x000074b00c19b150 nmethod 6920 0x000074affc302f90 code [0x000074affc303120, 0x000074affc3032a8]
Event: 114526.975 Thread 0x000074b00c19b150 6921       4       org.agrona.SystemUtil::parseSize (219 bytes)
Event: 114526.986 Thread 0x000074b00c19b150 nmethod 6921 0x000074affc5a6790 code [0x000074affc5a6ae0, 0x000074affc5a8268]
Event: 114527.004 Thread 0x000074b00c19cc90 6922       3       io.aeron.archive.client.AeronArchive::<init> (97 bytes)
Event: 114527.004 Thread 0x000074b00c19cc90 nmethod 6922 0x000074aff495f610 code [0x000074aff495f840, 0x000074aff4960028]
Event: 114527.177 Thread 0x000074b00c19cc90 6923       3       io.aeron.cluster.ServiceAck::pollServiceAcks (85 bytes)
Event: 114527.177 Thread 0x000074b00c19cc90 nmethod 6923 0x000074aff476ca10 code [0x000074aff476cc40, 0x000074aff476d4b0]
Event: 114527.177 Thread 0x000074b00c19cc90 6924   !   3       io.aeron.cluster.ConsensusModuleAgent::snapshotOnServiceAck (176 bytes)
Event: 114527.177 Thread 0x000074b00c19cc90 nmethod 6924 0x000074aff47e6590 code [0x000074aff47e6900, 0x000074aff47e7b88]
Event: 114527.359 Thread 0x000074b00c19cc90 6925       3       io.aeron.cluster.RecordingLog$RecoveryPlan::<init> (39 bytes)
Event: 114527.359 Thread 0x000074b00c19cc90 nmethod 6925 0x000074aff492ef10 code [0x000074aff492f0c0, 0x000074aff492f388]
Event: 114827.169 Thread 0x000074b00c19cc90 6926       3       io.aeron.cluster.service.ClusteredServiceAgent::snapshotState (107 bytes)
Event: 114827.170 Thread 0x000074b00c19cc90 nmethod 6926 0x000074aff481a810 code [0x000074aff481aac0, 0x000074aff481ba60]
Event: 114827.170 Thread 0x000074b00c19cc90 6927       3       com.match.infrastructure.persistence.AppClusteredService::onTakeSnapshot (205 bytes)
Event: 114827.172 Thread 0x000074b00c19cc90 nmethod 6927 0x000074aff4abfd90 code [0x000074aff4ac06a0, 0x000074aff4ac5a50]
Event: 114827.172 Thread 0x000074b00c19cc90 6928       3       io.aeron.cluster.service.ClusteredServiceAgent::awaitRecordingComplete (56 bytes)
Event: 114827.172 Thread 0x000074b00c19cc90 nmethod 6928 0x000074aff468e710 code [0x000074aff468e9a0, 0x000074aff468f558]
Event: 114827.372 Thread 0x000074b00c19cc90 6929       3       io.aeron.cluster.ConsensusModuleAgent::snapshotState (190 bytes)
Event: 114827.373 Thread 0x000074b00c19cc90 nmethod 6929 0x000074aff4971710 code [0x000074aff49719c0, 0x000074aff4972670]
Event: 114827.373 Thread 0x000074b00c19cc90 6930       3       io.aeron.cluster.RecordingLog::getTermEntry (41 bytes)
Event: 114827.373 Thread 0x000074b00c19cc90 nmethod 6930 0x000074aff4b3cf10 code [0x000074aff4b3d120, 0x000074aff4b3d770]
Event: 115127.265 Thread 0x000074b00c19cc90 6931   !   3       io.aeron.archive.client.AeronArchive::findLastMatchingRecording (99 bytes)
Event: 115127.265 Thread 0x000074b00c19cc90 nmethod 6931 0x000074aff49de690 code [0x000074aff49de980, 0x000074aff49df670]
Event: 115127.267 Thread 0x000074b00c19cc90 6932       3       io.aeron.archive.client.ArchiveProxy::findLastMatchingRecording (57 bytes)
Event: 115127.267 Thread 0x000074ab240b18a0 6933       3       io.aeron.archive.codecs.FindLastMatchingRecordingRequestEncoder::wrapAndApplyHeader (37 bytes)
Event: 115127.267 Thread 0x000074b00c19cc90 nmethod 6932 0x000074aff4822a10 code [0x000074aff4822c60, 0x000074aff48233d0]
Event: 115127.267 Thread 0x000074b00c19cc90 6934       3       io.aeron.archive.codecs.FindLastMatchingRecordingRequestEncoder::wrap (28 bytes)
Event: 115127.267 Thread 0x000074b00c19cc90 nmethod 6934 0x000074aff47ea210 code [0x000074aff47ea3c0, 0x000074aff47ea5c0]
Event: 115127.267 Thread 0x000074b00c19cc90 6935       3       io.aeron.archive.codecs.FindLastMatchingRecordingRequestEncoder::controlSessionId (21 bytes)
Event: 115127.267 Thread 0x000074ab240b18a0 nmethod 6933 0x000074aff4af3f90 code [0x000074aff4af41e0, 0x000074aff4af4c48]
Event: 115127.267 Thread 0x000074b00c19cc90 nmethod 6935 0x000074aff465a010 code [0x000074aff465a1c0, 0x000074aff465a418]
Event: 115127.267 Thread 0x000074b00c19cc90 6936       3       io.aeron.archive.codecs.FindLastMatchingRecordingRequestEncoder::correlationId (22 bytes)
Event: 115127.267 Thread 0x000074b00c19cc90 nmethod 6936 0x000074aff48d9290 code [0x000074aff48d9440, 0x000074aff48d9698]
Event: 115127.267 Thread 0x000074b00c19cc90 6937       3       io.aeron.archive.codecs.FindLastMatchingRecordingRequestEncoder::minRecordingId (22 bytes)
Event: 115127.267 Thread 0x000074b00c19cc90 nmethod 6937 0x000074aff4a26810 code [0x000074aff4a269c0, 0x000074aff4a26c18]
Event: 115127.267 Thread 0x000074b00c19cc90 6938       3       io.aeron.archive.codecs.FindLastMatchingRecordingRequestEncoder::sessionId (22 bytes)
Event: 115127.267 Thread 0x000074b00c19cc90 nmethod 6938 0x000074aff4af3910 code [0x000074aff4af3ac0, 0x000074aff4af3d18]
Event: 115127.267 Thread 0x000074b00c19cc90 6939       3       io.aeron.archive.codecs.FindLastMatchingRecordingRequestEncoder::streamId (22 bytes)
Event: 115127.267 Thread 0x000074b00c19cc90 nmethod 6939 0x000074aff4afcb10 code [0x000074aff4afccc0, 0x000074aff4afcf18]
Event: 115127.267 Thread 0x000074b00c19cc90 6940       3       io.aeron.archive.codecs.FindLastMatchingRecordingRequestEncoder::channel (90 bytes)
Event: 115127.267 Thread 0x000074ab240b18a0 6941       3       io.aeron.archive.codecs.FindLastMatchingRecordingRequestEncoder::encodedLength (10 bytes)
Event: 115127.267 Thread 0x000074ab240b18a0 nmethod 6941 0x000074aff46bc610 code [0x000074aff46bc7a0, 0x000074aff46bc8a8]
Event: 115127.267 Thread 0x000074b00c19cc90 nmethod 6940 0x000074aff4bc9d90 code [0x000074aff4bc9fc0, 0x000074aff4bca6d0]
Event: 115127.430 Thread 0x000074ab240b18a0 6942       3       io.aeron.cluster.codecs.ConsensusModuleEncoder::wrapAndApplyHeader (37 bytes)
Event: 115127.431 Thread 0x000074ab240b18a0 nmethod 6942 0x000074aff4a06f10 code [0x000074aff4a07160, 0x000074aff4a07bc8]
Event: 115127.431 Thread 0x000074ab240b18a0 6943       3       io.aeron.cluster.codecs.ConsensusModuleEncoder::wrap (28 bytes)
Event: 115127.431 Thread 0x000074ab240b18a0 nmethod 6943 0x000074aff4822590 code [0x000074aff4822740, 0x000074aff4822940]
Event: 115127.431 Thread 0x000074ab240b18a0 6944       3       io.aeron.cluster.codecs.ConsensusModuleEncoder::nextSessionId (21 bytes)
Event: 115127.431 Thread 0x000074ab240b18a0 nmethod 6944 0x000074aff48ddc90 code [0x000074aff48dde40, 0x000074aff48de098]
Event: 115127.431 Thread 0x000074ab240b18a0 6945       3       io.aeron.cluster.codecs.ConsensusModuleEncoder::nextServiceSessionId (22 bytes)
Event: 115127.431 Thread 0x000074ab240b18a0 nmethod 6945 0x000074aff4aee310 code [0x000074aff4aee4c0, 0x000074aff4aee718]
Event: 115127.431 Thread 0x000074ab240b18a0 6946       3       io.aeron.cluster.codecs.ConsensusModuleEncoder::logServiceSessionId (22 bytes)
Event: 115127.431 Thread 0x000074ab240b18a0 nmethod 6946 0x000074aff4b37d10 code [0x000074aff4b37ec0, 0x000074aff4b38118]
Event: 115127.431 Thread 0x000074ab240b18a0 6947       3       io.aeron.cluster.codecs.ConsensusModuleEncoder::pendingMessageCapacity (22 bytes)
Event: 115127.431 Thread 0x000074ab240b18a0 nmethod 6947 0x000074aff4a06a10 code [0x000074aff4a06bc0, 0x000074aff4a06e18]
Event: 115127.431 Thread 0x000074ab240b18a0 6948       3       org.agrona.DeadlineTimerWheel::deadline (51 bytes)
Event: 115127.431 Thread 0x000074ab240b18a0 nmethod 6948 0x000074aff4b15f10 code [0x000074aff4b160c0, 0x000074aff4b16380]
Event: 115127.431 Thread 0x000074ab240b18a0 6949       3       io.aeron.cluster.ConsensusModuleSnapshotTaker::snapshotTimer (85 bytes)
Event: 115127.431 Thread 0x000074ab240b18a0 nmethod 6949 0x000074aff4bc2590 code [0x000074aff4bc2860, 0x000074aff4bc36f0]
Event: 115127.431 Thread 0x000074ab240b18a0 6950       3       io.aeron.cluster.codecs.TimerEncoder::wrapAndApplyHeader (37 bytes)
Event: 115127.432 Thread 0x000074b00c19cc90 6951       3       io.aeron.cluster.codecs.TimerEncoder::wrap (28 bytes)
Event: 115127.432 Thread 0x000074b00c19cc90 nmethod 6951 0x000074aff4a06590 code [0x000074aff4a06740, 0x000074aff4a06940]
Event: 115127.432 Thread 0x000074b00c19cc90 6952       3       io.aeron.cluster.codecs.TimerEncoder::correlationId (21 bytes)
Event: 115127.432 Thread 0x000074b00c19cc90 nmethod 6952 0x000074aff4bc9890 code [0x000074aff4bc9a40, 0x000074aff4bc9c98]
Event: 115127.432 Thread 0x000074b00c19cc90 6953       3       io.aeron.cluster.codecs.TimerEncoder::deadline (22 bytes)
Event: 115127.432 Thread 0x000074b00c19cc90 nmethod 6953 0x000074aff4bc9310 code [0x000074aff4bc94c0, 0x000074aff4bc9718]
Event: 115127.432 Thread 0x000074b00c19cc90 6954       3       io.aeron.cluster.ConsensusModuleSnapshotTaker::correctNextServiceSessionId (72 bytes)
Event: 115127.432 Thread 0x000074b00c19cc90 nmethod 6954 0x000074aff47a5a10 code [0x000074aff47a5c00, 0x000074aff47a6118]
Event: 115127.432 Thread 0x000074b00c19cc90 6955       3       org.agrona.ExpandableRingBuffer::isEmpty (18 bytes)
Event: 115127.432 Thread 0x000074b00c19cc90 nmethod 6955 0x000074aff46f3c90 code [0x000074aff46f3e20, 0x000074aff46f3f80]
Event: 115127.432 Thread 0x000074b00c19cc90 6956       3       io.aeron.cluster.codecs.PendingMessageTrackerEncoder::wrapAndApplyHeader (37 bytes)
Event: 115127.432 Thread 0x000074b00c19cc90 nmethod 6956 0x000074aff490b610 code [0x000074aff490b860, 0x000074aff490c2c8]
Event: 115127.432 Thread 0x000074b00c19cc90 6957       3       io.aeron.cluster.codecs.PendingMessageTrackerEncoder::wrap (28 bytes)
Event: 115127.432 Thread 0x000074b00c19cc90 nmethod 6957 0x000074aff4b15a90 code [0x000074aff4b15c40, 0x000074aff4b15e40]
Event: 115127.432 Thread 0x000074b00c19cc90 6958       3       io.aeron.cluster.codecs.PendingMessageTrackerEncoder::nextServiceSessionId (21 bytes)
Event: 115127.432 Thread 0x000074b00c19cc90 nmethod 6958 0x000074aff47a5490 code [0x000074aff47a5640, 0x000074aff47a5898]
Event: 115127.432 Thread 0x000074b00c19cc90 6959       3       io.aeron.cluster.codecs.PendingMessageTrackerEncoder::logServiceSessionId (22 bytes)
Event: 115127.432 Thread 0x000074b00c19cc90 nmethod 6959 0x000074aff490b110 code [0x000074aff490b2c0, 0x000074aff490b518]
Event: 115127.432 Thread 0x000074b00c19cc90 6960       3       io.aeron.cluster.codecs.PendingMessageTrackerEncoder::pendingMessageCapacity (22 bytes)
Event: 115127.432 Thread 0x000074b00c19cc90 nmethod 6960 0x000074aff490ac10 code [0x000074aff490adc0, 0x000074aff490b018]
Event: 115127.432 Thread 0x000074b00c19cc90 6961       3       io.aeron.cluster.codecs.PendingMessageTrackerEncoder::serviceId (22 bytes)
Event: 115127.432 Thread 0x000074b00c19cc90 nmethod 6961 0x000074aff48f2910 code [0x000074aff48f2ac0, 0x000074aff48f2d18]
Event: 115127.433 Thread 0x000074b00c19cc90 6962       3       io.aeron.cluster.RecordingLog::createRecoveryPlan (178 bytes)
Event: 115127.433 Thread 0x000074b00c19cc90 nmethod 6962 0x000074aff48f1710 code [0x000074aff48f1960, 0x000074aff48f2490]
Event: 115127.433 Thread 0x000074ab240b18a0 nmethod 6950 0x000074aff47a6310 code [0x000074aff47a6560, 0x000074aff47a6fc8]
Event: 115427.231 Thread 0x000074b00c19cc90 6963       3       io.aeron.archive.codecs.FindLastMatchingRecordingRequestDecoder::streamId (20 bytes)
Event: 115427.231 Thread 0x000074b00c19cc90 nmethod 6963 0x000074aff48f1210 code [0x000074aff48f13c0, 0x000074aff48f1600]
Event: 115427.231 Thread 0x000074b00c19cc90 6964       3       io.aeron.archive.ControlSession::onFindLastMatchingRecording (31 bytes)
Event: 115427.232 Thread 0x000074b00c19cc90 nmethod 6964 0x000074aff46bfc90 code [0x000074aff46bfe60, 0x000074aff46c02f8]
Event: 116329.806 Thread 0x000074b00c19b150 6965       4       java.util.EnumMap::isValidKey (36 bytes)
Event: 116329.806 Thread 0x000074b00c19b150 nmethod 6965 0x000074affc302b90 code [0x000074affc302d20, 0x000074affc302e98]
Event: 118130.089 Thread 0x000074b00c19b150 6966   !   4       sun.nio.fs.UnixChannelFactory::open (475 bytes)
Event: 118130.091 Thread 0x000074b00c19b150 nmethod 6966 0x000074affc301d10 code [0x000074affc301f00, 0x000074affc302670]
Event: 118427.006 Thread 0x000074b00c19b150 6967   !   4       sun.nio.ch.FileChannelImpl::mapInternal (673 bytes)
Event: 118427.022 Thread 0x000074b00c19b150 nmethod 6967 0x000074affc5a9610 code [0x000074affc5a9a00, 0x000074affc5abc10]
Event: 118427.022 Thread 0x000074b00c19b150 6968       4       sun.nio.ch.FileChannelImpl::checkMode (76 bytes)
Event: 118427.022 Thread 0x000074b00c19b150 nmethod 6968 0x000074affc5ad410 code [0x000074affc5ad5a0, 0x000074affc5ad700]
Event: 118427.022 Thread 0x000074b00c19b150 6969       4       sun.nio.ch.UnixFileDispatcherImpl::map (11 bytes)
Event: 118427.022 Thread 0x000074b00c19b150 nmethod 6969 0x000074affc301990 code [0x000074affc301b20, 0x000074affc301be0]
Event: 118726.882 Thread 0x000074b00c19cc90 6970       3       io.aeron.ChannelUri::hasControlModeResponse (14 bytes)
Event: 118726.882 Thread 0x000074b00c19cc90 nmethod 6970 0x000074aff47d8990 code [0x000074aff47d8b60, 0x000074aff47d8f38]
Event: 121126.947 Thread 0x000074b00c19cc90 6971       3       io.aeron.ExclusivePublication::offer (139 bytes)
Event: 121126.948 Thread 0x000074b00c19cc90 nmethod 6971 0x000074aff46bec90 code [0x000074aff46bef00, 0x000074aff46bf7f8]
Event: 125327.188 Thread 0x000074b00c19b150 6972       4       org.agrona.ExpandableArrayBuffer::calculateExpansion (37 bytes)
Event: 125327.189 Thread 0x000074b00c19b150 nmethod 6972 0x000074affc57c390 code [0x000074affc57c500, 0x000074affc57c5d8]
Event: 125627.037 Thread 0x000074b00c19b150 6973       4       io.aeron.driver.CommandProxy::offer (52 bytes)
Event: 125627.037 Thread 0x000074b00c19b150 nmethod 6973 0x000074affc57be10 code [0x000074affc57bfa0, 0x000074affc57c230]
Event: 126227.275 Thread 0x000074b00c19cc90 6974       3       io.aeron.archive.codecs.RecordingDescriptorDecoder::strippedChannel (84 bytes)
Event: 126227.275 Thread 0x000074b00c19cc90 nmethod 6974 0x000074aff46be290 code [0x000074aff46be480, 0x000074aff46bea80]
Event: 126227.275 Thread 0x000074b00c19cc90 6975       3       io.aeron.archive.codecs.RecordingDescriptorDecoder::originalChannel (84 bytes)
Event: 126227.275 Thread 0x000074b00c19cc90 nmethod 6975 0x000074aff4b2b290 code [0x000074aff4b2b480, 0x000074aff4b2ba80]
Event: 126227.275 Thread 0x000074b00c19cc90 6976       3       io.aeron.archive.codecs.RecordingDescriptorDecoder::sourceIdentity (84 bytes)
Event: 126227.275 Thread 0x000074b00c19cc90 nmethod 6976 0x000074aff46e7790 code [0x000074aff46e7980, 0x000074aff46e7f80]
Event: 126227.275 Thread 0x000074b00c19cc90 6977       3       io.aeron.cluster.RecordingExtent::onRecordingDescriptor (43 bytes)
Event: 126227.275 Thread 0x000074b00c19cc90 nmethod 6977 0x000074aff476c690 code [0x000074aff476c820, 0x000074aff476c958]
Event: 128627.021 Thread 0x000074b00c19b150 6978   !   4       io.aeron.LogBuffers::<init> (439 bytes)
Event: 128627.107 Thread 0x000074b00c19b150 nmethod 6978 0x000074affc5ad810 code [0x000074affc5add80, 0x000074affc5b1d38]
Event: 129227.315 Thread 0x000074b00c19b150 6979       4       io.aeron.LogBuffers::duplicateTermBuffers (45 bytes)
Event: 129227.331 Thread 0x000074b00c19b150 nmethod 6979 0x000074affc5b4410 code [0x000074affc5b46c0, 0x000074affc5b5d58]
Event: 129905.725 Thread 0x000074b00c19b150 6980       4       java.lang.invoke.VarHandle::releaseFence (7 bytes)
Event: 129905.725 Thread 0x000074b00c19b150 nmethod 6980 0x000074affc57bb10 code [0x000074affc57bc80, 0x000074affc57bce8]
Event: 131627.231 Thread 0x000074b00c19b150 6981       4       java.nio.CharBuffer::arrayOffset (35 bytes)
Event: 131627.231 Thread 0x000074b00c19b150 nmethod 6981 0x000074affc57b790 code [0x000074affc57b920, 0x000074affc57ba18]
Event: 133291.269 Thread 0x000074b00c19cc90 6982       3       io.aeron.ConcurrentPublication::handleEndOfLog (73 bytes)
Event: 133291.269 Thread 0x000074b00c19cc90 nmethod 6982 0x000074aff4a21710 code [0x000074aff4a21920, 0x000074aff4a21fc0]
Event: 133291.269 Thread 0x000074b00c19cc90 6983       3       io.aeron.logbuffer.LogBufferDescriptor::casRawTail (20 bytes)
Event: 133291.270 Thread 0x000074b00c19cc90 nmethod 6983 0x000074aff46bde10 code [0x000074aff46bdfc0, 0x000074aff46be168]
Event: 133291.270 Thread 0x000074b00c19cc90 6984       3       io.aeron.logbuffer.LogBufferDescriptor::casActiveTermCount (10 bytes)
Event: 133291.270 Thread 0x000074b00c19cc90 nmethod 6984 0x000074aff48f0d90 code [0x000074aff48f0f40, 0x000074aff48f10f8]
Event: 133291.270 Thread 0x000074b00c19cc90 6985       3       org.agrona.concurrent.UnsafeBuffer::compareAndSetInt (29 bytes)
Event: 133291.270 Thread 0x000074b00c19cc90 nmethod 6985 0x000074aff47af790 code [0x000074aff47af960, 0x000074aff47afce8]
Event: 133291.270 Thread 0x000074b00c19cc90 6986       3       org.agrona.UnsafeApi::compareAndSetInt (12 bytes)
Event: 133291.270 Thread 0x000074b00c19cc90 nmethod 6986 0x000074aff4973390 code [0x000074aff4973520, 0x000074aff4973620]
Event: 133291.270 Thread 0x000074b00c19cc90 6987       3       io.aeron.cluster.service.ConsensusModuleProxy::checkResult (62 bytes)
Event: 133291.270 Thread 0x000074b00c19cc90 nmethod 6987 0x000074aff46e6e10 code [0x000074aff46e7020, 0x000074aff46e7570]

GC Heap History (250 events):
Event: 114962.943 GC heap before
{Heap before GC invocations=391 (full 389):
 ZHeap           used 370M, capacity 768M, max capacity 768M
 Metaspace       used 16565K, committed 17024K, reserved 1114112K
  class space    used 1234K, committed 1472K, reserved 1048576K
}
Event: 114963.067 GC heap after
{Heap after GC invocations=391 (full 389):
 ZHeap           used 368M, capacity 768M, max capacity 768M
 Metaspace       used 16565K, committed 17024K, reserved 1114112K
  class space    used 1234K, committed 1472K, reserved 1048576K
}
Event: 115256.133 GC heap before
{Heap before GC invocations=391 (full 389):
 ZHeap           used 446M, capacity 768M, max capacity 768M
 Metaspace       used 16583K, committed 17024K, reserved 1114112K
  class space    used 1234K, committed 1472K, reserved 1048576K
}
Event: 115256.139 GC heap after
{Heap after GC invocations=392 (full 390):
 ZHeap           used 368M, capacity 768M, max capacity 768M
 Metaspace       used 16583K, committed 17024K, reserved 1114112K
  class space    used 1234K, committed 1472K, reserved 1048576K
}
Event: 115256.139 GC heap before
{Heap before GC invocations=392 (full 390):
 ZHeap           used 368M, capacity 768M, max capacity 768M
 Metaspace       used 16583K, committed 17024K, reserved 1114112K
  class space    used 1234K, committed 1472K, reserved 1048576K
}
Event: 115256.302 GC heap after
{Heap after GC invocations=392 (full 390):
 ZHeap           used 368M, capacity 768M, max capacity 768M
 Metaspace       used 16583K, committed 17024K, reserved 1114112K
  class space    used 1234K, committed 1472K, reserved 1048576K
}
Event: 115556.312 GC heap before
{Heap before GC invocations=392 (full 390):
 ZHeap           used 444M, capacity 768M, max capacity 768M
 Metaspace       used 16583K, committed 17024K, reserved 1114112K
  class space    used 1234K, committed 1472K, reserved 1048576K
}
Event: 115556.316 GC heap after
{Heap after GC invocations=393 (full 391):
 ZHeap           used 368M, capacity 768M, max capacity 768M
 Metaspace       used 16583K, committed 17024K, reserved 1114112K
  class space    used 1234K, committed 1472K, reserved 1048576K
}
Event: 115556.316 GC heap before
{Heap before GC invocations=393 (full 391):
 ZHeap           used 368M, capacity 768M, max capacity 768M
 Metaspace       used 16583K, committed 17024K, reserved 1114112K
  class space    used 1234K, committed 1472K, reserved 1048576K
}
Event: 115556.464 GC heap after
{Heap after GC invocations=393 (full 391):
 ZHeap           used 368M, capacity 768M, max capacity 768M
 Metaspace       used 16583K, committed 17024K, reserved 1114112K
  class space    used 1234K, committed 1472K, reserved 1048576K
}
Event: 115856.470 GC heap before
{Heap before GC invocations=393 (full 391):
 ZHeap           used 442M, capacity 768M, max capacity 768M
 Metaspace       used 16583K, committed 17024K, reserved 1114112K
  class space    used 1234K, committed 1472K, reserved 1048576K
}
Event: 115856.473 GC heap after
{Heap after GC invocations=394 (full 392):
 ZHeap           used 368M, capacity 768M, max capacity 768M
 Metaspace       used 16583K, committed 17024K, reserved 1114112K
  class space    used 1234K, committed 1472K, reserved 1048576K
}
Event: 115856.473 GC heap before
{Heap before GC invocations=394 (full 392):
 ZHeap           used 368M, capacity 768M, max capacity 768M
 Metaspace       used 16583K, committed 17024K, reserved 1114112K
  class space    used 1234K, committed 1472K, reserved 1048576K
}
Event: 115856.745 GC heap after
{Heap after GC invocations=394 (full 392):
 ZHeap           used 368M, capacity 768M, max capacity 768M
 Metaspace       used 16583K, committed 17024K, reserved 1114112K
  class space    used 1234K, committed 1472K, reserved 1048576K
}
Event: 116142.952 GC heap before
{Heap before GC invocations=394 (full 392):
 ZHeap           used 446M, capacity 768M, max capacity 768M
 Metaspace       used 16583K, committed 17024K, reserved 1114112K
  class space    used 1234K, committed 1472K, reserved 1048576K
}
Event: 116142.961 GC heap after
{Heap after GC invocations=395 (full 393):
 ZHeap           used 368M, capacity 768M, max capacity 768M
 Metaspace       used 16583K, committed 17024K, reserved 1114112K
  class space    used 1234K, committed 1472K, reserved 1048576K
}
Event: 116142.961 GC heap before
{Heap before GC invocations=395 (full 393):
 ZHeap           used 368M, capacity 768M, max capacity 768M
 Metaspace       used 16583K, committed 17024K, reserved 1114112K
  class space    used 1234K, committed 1472K, reserved 1048576K
}
Event: 116143.178 GC heap after
{Heap after GC invocations=395 (full 393):
 ZHeap           used 368M, capacity 768M, max capacity 768M
 Metaspace       used 16583K, committed 17024K, reserved 1114112K
  class space    used 1234K, committed 1472K, reserved 1048576K
}
Event: 116443.180 GC heap before
{Heap before GC invocations=395 (full 393):
 ZHeap           used 444M, capacity 768M, max capacity 768M
 Metaspace       used 16583K, committed 17024K, reserved 1114112K
  class space    used 1234K, committed 1472K, reserved 1048576K
}
Event: 116443.184 GC heap after
{Heap after GC invocations=396 (full 394):
 ZHeap           used 368M, capacity 768M, max capacity 768M
 Metaspace       used 16583K, committed 17024K, reserved 1114112K
  class space    used 1234K, committed 1472K, reserved 1048576K
}
Event: 116443.184 GC heap before
{Heap before GC invocations=396 (full 394):
 ZHeap           used 368M, capacity 768M, max capacity 768M
 Metaspace       used 16583K, committed 17024K, reserved 1114112K
  class space    used 1234K, committed 1472K, reserved 1048576K
}
Event: 116443.314 GC heap after
{Heap after GC invocations=396 (full 394):
 ZHeap           used 366M, capacity 768M, max capacity 768M
 Metaspace       used 16583K, committed 17024K, reserved 1114112K
  class space    used 1234K, committed 1472K, reserved 1048576K
}
Event: 116741.547 GC heap before
{Heap before GC invocations=396 (full 394):
 ZHeap           used 444M, capacity 768M, max capacity 768M
 Metaspace       used 16583K, committed 17024K, reserved 1114112K
  class space    used 1234K, committed 1472K, reserved 1048576K
}
Event: 116741.552 GC heap after
{Heap after GC invocations=397 (full 395):
 ZHeap           used 368M, capacity 768M, max capacity 768M
 Metaspace       used 16583K, committed 17024K, reserved 1114112K
  class space    used 1234K, committed 1472K, reserved 1048576K
}
Event: 116741.552 GC heap before
{Heap before GC invocations=397 (full 395):
 ZHeap           used 368M, capacity 768M, max capacity 768M
 Metaspace       used 16583K, committed 17024K, reserved 1114112K
  class space    used 1234K, committed 1472K, reserved 1048576K
}
Event: 116741.733 GC heap after
{Heap after GC invocations=397 (full 395):
 ZHeap           used 368M, capacity 768M, max capacity 768M
 Metaspace       used 16583K, committed 17024K, reserved 1114112K
  class space    used 1234K, committed 1472K, reserved 1048576K
}
Event: 117026.687 GC heap before
{Heap before GC invocations=397 (full 395):
 ZHeap           used 446M, capacity 768M, max capacity 768M
 Metaspace       used 16583K, committed 17024K, reserved 1114112K
  class space    used 1234K, committed 1472K, reserved 1048576K
}
Event: 117026.693 GC heap after
{Heap after GC invocations=398 (full 396):
 ZHeap           used 368M, capacity 768M, max capacity 768M
 Metaspace       used 16583K, committed 17024K, reserved 1114112K
  class space    used 1234K, committed 1472K, reserved 1048576K
}
Event: 117026.693 GC heap before
{Heap before GC invocations=398 (full 396):
 ZHeap           used 368M, capacity 768M, max capacity 768M
 Metaspace       used 16583K, committed 17024K, reserved 1114112K
  class space    used 1234K, committed 1472K, reserved 1048576K
}
Event: 117026.846 GC heap after
{Heap after GC invocations=398 (full 396):
 ZHeap           used 368M, capacity 768M, max capacity 768M
 Metaspace       used 16583K, committed 17024K, reserved 1114112K
  class space    used 1234K, committed 1472K, reserved 1048576K
}
Event: 117312.750 GC heap before
{Heap before GC invocations=398 (full 396):
 ZHeap           used 446M, capacity 768M, max capacity 768M
 Metaspace       used 16583K, committed 17024K, reserved 1114112K
  class space    used 1234K, committed 1472K, reserved 1048576K
}
Event: 117312.759 GC heap after
{Heap after GC invocations=399 (full 397):
 ZHeap           used 368M, capacity 768M, max capacity 768M
 Metaspace       used 16583K, committed 17024K, reserved 1114112K
  class space    used 1234K, committed 1472K, reserved 1048576K
}
Event: 117312.759 GC heap before
{Heap before GC invocations=399 (full 397):
 ZHeap           used 368M, capacity 768M, max capacity 768M
 Metaspace       used 16583K, committed 17024K, reserved 1114112K
  class space    used 1234K, committed 1472K, reserved 1048576K
}
Event: 117312.896 GC heap after
{Heap after GC invocations=399 (full 397):
 ZHeap           used 368M, capacity 768M, max capacity 768M
 Metaspace       used 16583K, committed 17024K, reserved 1114112K
  class space    used 1234K, committed 1472K, reserved 1048576K
}
Event: 117612.905 GC heap before
{Heap before GC invocations=399 (full 397):
 ZHeap           used 442M, capacity 768M, max capacity 768M
 Metaspace       used 16583K, committed 17024K, reserved 1114112K
  class space    used 1234K, committed 1472K, reserved 1048576K
}
Event: 117612.912 GC heap after
{Heap after GC invocations=400 (full 398):
 ZHeap           used 368M, capacity 768M, max capacity 768M
 Metaspace       used 16583K, committed 17024K, reserved 1114112K
  class space    used 1234K, committed 1472K, reserved 1048576K
}
Event: 117612.912 GC heap before
{Heap before GC invocations=400 (full 398):
 ZHeap           used 368M, capacity 768M, max capacity 768M
 Metaspace       used 16583K, committed 17024K, reserved 1114112K
  class space    used 1234K, committed 1472K, reserved 1048576K
}
Event: 117613.093 GC heap after
{Heap after GC invocations=400 (full 398):
 ZHeap           used 368M, capacity 768M, max capacity 768M
 Metaspace       used 16583K, committed 17024K, reserved 1114112K
  class space    used 1234K, committed 1472K, reserved 1048576K
}
Event: 117913.093 GC heap before
{Heap before GC invocations=400 (full 398):
 ZHeap           used 444M, capacity 768M, max capacity 768M
 Metaspace       used 16583K, committed 17024K, reserved 1114112K
  class space    used 1234K, committed 1472K, reserved 1048576K
}
Event: 117913.098 GC heap after
{Heap after GC invocations=401 (full 399):
 ZHeap           used 368M, capacity 768M, max capacity 768M
 Metaspace       used 16583K, committed 17024K, reserved 1114112K
  class space    used 1234K, committed 1472K, reserved 1048576K
}
Event: 117913.098 GC heap before
{Heap before GC invocations=401 (full 399):
 ZHeap           used 368M, capacity 768M, max capacity 768M
 Metaspace       used 16583K, committed 17024K, reserved 1114112K
  class space    used 1234K, committed 1472K, reserved 1048576K
}
Event: 117913.218 GC heap after
{Heap after GC invocations=401 (full 399):
 ZHeap           used 368M, capacity 768M, max capacity 768M
 Metaspace       used 16583K, committed 17024K, reserved 1114112K
  class space    used 1234K, committed 1472K, reserved 1048576K
}
Event: 118213.222 GC heap before
{Heap before GC invocations=401 (full 399):
 ZHeap           used 442M, capacity 768M, max capacity 768M
 Metaspace       used 16583K, committed 17024K, reserved 1114112K
  class space    used 1234K, committed 1472K, reserved 1048576K
}
Event: 118213.235 GC heap after
{Heap after GC invocations=402 (full 400):
 ZHeap           used 370M, capacity 768M, max capacity 768M
 Metaspace       used 16583K, committed 17024K, reserved 1114112K
  class space    used 1234K, committed 1472K, reserved 1048576K
}
Event: 118213.235 GC heap before
{Heap before GC invocations=402 (full 400):
 ZHeap           used 370M, capacity 768M, max capacity 768M
 Metaspace       used 16583K, committed 17024K, reserved 1114112K
  class space    used 1234K, committed 1472K, reserved 1048576K
}
Event: 118213.390 GC heap after
{Heap after GC invocations=402 (full 400):
 ZHeap           used 372M, capacity 768M, max capacity 768M
 Metaspace       used 16583K, committed 17024K, reserved 1114112K
  class space    used 1234K, committed 1472K, reserved 1048576K
}
Event: 118509.608 GC heap before
{Heap before GC invocations=402 (full 400):
 ZHeap           used 450M, capacity 768M, max capacity 768M
 Metaspace       used 16583K, committed 17024K, reserved 1114112K
  class space    used 1234K, committed 1472K, reserved 1048576K
}
Event: 118509.622 GC heap after
{Heap after GC invocations=403 (full 401):
 ZHeap           used 370M, capacity 768M, max capacity 768M
 Metaspace       used 16583K, committed 17024K, reserved 1114112K
  class space    used 1234K, committed 1472K, reserved 1048576K
}
Event: 118509.622 GC heap before
{Heap before GC invocations=403 (full 401):
 ZHeap           used 370M, capacity 768M, max capacity 768M
 Metaspace       used 16583K, committed 17024K, reserved 1114112K
  class space    used 1234K, committed 1472K, reserved 1048576K
}
Event: 118509.819 GC heap after
{Heap after GC invocations=403 (full 401):
 ZHeap           used 370M, capacity 768M, max capacity 768M
 Metaspace       used 16583K, committed 17024K, reserved 1114112K
  class space    used 1234K, committed 1472K, reserved 1048576K
}
Event: 118809.825 GC heap before
{Heap before GC invocations=403 (full 401):
 ZHeap           used 446M, capacity 768M, max capacity 768M
 Metaspace       used 16583K, committed 17024K, reserved 1114112K
  class space    used 1234K, committed 1472K, reserved 1048576K
}
Event: 118809.828 GC heap after
{Heap after GC invocations=404 (full 402):
 ZHeap           used 368M, capacity 768M, max capacity 768M
 Metaspace       used 16583K, committed 17024K, reserved 1114112K
  class space    used 1234K, committed 1472K, reserved 1048576K
}
Event: 118809.828 GC heap before
{Heap before GC invocations=404 (full 402):
 ZHeap           used 368M, capacity 768M, max capacity 768M
 Metaspace       used 16583K, committed 17024K, reserved 1114112K
  class space    used 1234K, committed 1472K, reserved 1048576K
}
Event: 118809.951 GC heap after
{Heap after GC invocations=404 (full 402):
 ZHeap           used 368M, capacity 768M, max capacity 768M
 Metaspace       used 16583K, committed 17024K, reserved 1114112K
  class space    used 1234K, committed 1472K, reserved 1048576K
}
Event: 119109.956 GC heap before
{Heap before GC invocations=404 (full 402):
 ZHeap           used 440M, capacity 768M, max capacity 768M
 Metaspace       used 16583K, committed 17024K, reserved 1114112K
  class space    used 1234K, committed 1472K, reserved 1048576K
}
Event: 119109.963 GC heap after
{Heap after GC invocations=405 (full 403):
 ZHeap           used 370M, capacity 768M, max capacity 768M
 Metaspace       used 16583K, committed 17024K, reserved 1114112K
  class space    used 1234K, committed 1472K, reserved 1048576K
}
Event: 119109.963 GC heap before
{Heap before GC invocations=405 (full 403):
 ZHeap           used 370M, capacity 768M, max capacity 768M
 Metaspace       used 16583K, committed 17024K, reserved 1114112K
  class space    used 1234K, committed 1472K, reserved 1048576K
}
Event: 119110.149 GC heap after
{Heap after GC invocations=405 (full 403):
 ZHeap           used 370M, capacity 768M, max capacity 768M
 Metaspace       used 16583K, committed 17024K, reserved 1114112K
  class space    used 1234K, committed 1472K, reserved 1048576K
}
Event: 119410.153 GC heap before
{Heap before GC invocations=405 (full 403):
 ZHeap           used 446M, capacity 768M, max capacity 768M
 Metaspace       used 16583K, committed 17024K, reserved 1114112K
  class space    used 1234K, committed 1472K, reserved 1048576K
}
Event: 119410.159 GC heap after
{Heap after GC invocations=406 (full 404):
 ZHeap           used 368M, capacity 768M, max capacity 768M
 Metaspace       used 16583K, committed 17024K, reserved 1114112K
  class space    used 1234K, committed 1472K, reserved 1048576K
}
Event: 119410.159 GC heap before
{Heap before GC invocations=406 (full 404):
 ZHeap           used 368M, capacity 768M, max capacity 768M
 Metaspace       used 16583K, committed 17024K, reserved 1114112K
  class space    used 1234K, committed 1472K, reserved 1048576K
}
Event: 119410.269 GC heap after
{Heap after GC invocations=406 (full 404):
 ZHeap           used 366M, capacity 768M, max capacity 768M
 Metaspace       used 16583K, committed 17024K, reserved 1114112K
  class space    used 1234K, committed 1472K, reserved 1048576K
}
Event: 119705.340 GC heap before
{Heap before GC invocations=406 (full 404):
 ZHeap           used 444M, capacity 768M, max capacity 768M
 Metaspace       used 16583K, committed 17024K, reserved 1114112K
  class space    used 1234K, committed 1472K, reserved 1048576K
}
Event: 119705.348 GC heap after
{Heap after GC invocations=407 (full 405):
 ZHeap           used 370M, capacity 768M, max capacity 768M
 Metaspace       used 16583K, committed 17024K, reserved 1114112K
  class space    used 1234K, committed 1472K, reserved 1048576K
}
Event: 119705.348 GC heap before
{Heap before GC invocations=407 (full 405):
 ZHeap           used 370M, capacity 768M, max capacity 768M
 Metaspace       used 16583K, committed 17024K, reserved 1114112K
  class space    used 1234K, committed 1472K, reserved 1048576K
}
Event: 119705.514 GC heap after
{Heap after GC invocations=407 (full 405):
 ZHeap           used 370M, capacity 768M, max capacity 768M
 Metaspace       used 16583K, committed 17024K, reserved 1114112K
  class space    used 1234K, committed 1472K, reserved 1048576K
}
Event: 120005.518 GC heap before
{Heap before GC invocations=407 (full 405):
 ZHeap           used 446M, capacity 768M, max capacity 768M
 Metaspace       used 16583K, committed 17024K, reserved 1114112K
  class space    used 1234K, committed 1472K, reserved 1048576K
}
Event: 120005.523 GC heap after
{Heap after GC invocations=408 (full 406):
 ZHeap           used 368M, capacity 768M, max capacity 768M
 Metaspace       used 16583K, committed 17024K, reserved 1114112K
  class space    used 1234K, committed 1472K, reserved 1048576K
}
Event: 120005.523 GC heap before
{Heap before GC invocations=408 (full 406):
 ZHeap           used 368M, capacity 768M, max capacity 768M
 Metaspace       used 16583K, committed 17024K, reserved 1114112K
  class space    used 1234K, committed 1472K, reserved 1048576K
}
Event: 120005.650 GC heap after
{Heap after GC invocations=408 (full 406):
 ZHeap           used 368M, capacity 768M, max capacity 768M
 Metaspace       used 16583K, committed 17024K, reserved 1114112K
  class space    used 1234K, committed 1472K, reserved 1048576K
}
Event: 120305.659 GC heap before
{Heap before GC invocations=408 (full 406):
 ZHeap           used 442M, capacity 768M, max capacity 768M
 Metaspace       used 16583K, committed 17024K, reserved 1114112K
  class space    used 1234K, committed 1472K, reserved 1048576K
}
Event: 120305.663 GC heap after
{Heap after GC invocations=409 (full 407):
 ZHeap           used 368M, capacity 768M, max capacity 768M
 Metaspace       used 16583K, committed 17024K, reserved 1114112K
  class space    used 1234K, committed 1472K, reserved 1048576K
}
Event: 120305.663 GC heap before
{Heap before GC invocations=409 (full 407):
 ZHeap           used 368M, capacity 768M, max capacity 768M
 Metaspace       used 16583K, committed 17024K, reserved 1114112K
  class space    used 1234K, committed 1472K, reserved 1048576K
}
Event: 120305.889 GC heap after
{Heap after GC invocations=409 (full 407):
 ZHeap           used 368M, capacity 768M, max capacity 768M
 Metaspace       used 16583K, committed 17024K, reserved 1114112K
  class space    used 1234K, committed 1472K, reserved 1048576K
}
Event: 120605.890 GC heap before
{Heap before GC invocations=409 (full 407):
 ZHeap           used 444M, capacity 768M, max capacity 768M
 Metaspace       used 16583K, committed 17024K, reserved 1114112K
  class space    used 1234K, committed 1472K, reserved 1048576K
}
Event: 120605.902 GC heap after
{Heap after GC invocations=410 (full 408):
 ZHeap           used 370M, capacity 768M, max capacity 768M
 Metaspace       used 16583K, committed 17024K, reserved 1114112K
  class space    used 1234K, committed 1472K, reserved 1048576K
}
Event: 120605.902 GC heap before
{Heap before GC invocations=410 (full 408):
 ZHeap           used 370M, capacity 768M, max capacity 768M
 Metaspace       used 16583K, committed 17024K, reserved 1114112K
  class space    used 1234K, committed 1472K, reserved 1048576K
}
Event: 120606.034 GC heap after
{Heap after GC invocations=410 (full 408):
 ZHeap           used 370M, capacity 768M, max capacity 768M
 Metaspace       used 16583K, committed 17024K, reserved 1114112K
  class space    used 1234K, committed 1472K, reserved 1048576K
}
Event: 120906.044 GC heap before
{Heap before GC invocations=410 (full 408):
 ZHeap           used 446M, capacity 768M, max capacity 768M
 Metaspace       used 16583K, committed 17024K, reserved 1114112K
  class space    used 1234K, committed 1472K, reserved 1048576K
}
Event: 120906.054 GC heap after
{Heap after GC invocations=411 (full 409):
 ZHeap           used 370M, capacity 768M, max capacity 768M
 Metaspace       used 16583K, committed 17024K, reserved 1114112K
  class space    used 1234K, committed 1472K, reserved 1048576K
}
Event: 120906.054 GC heap before
{Heap before GC invocations=411 (full 409):
 ZHeap           used 370M, capacity 768M, max capacity 768M
 Metaspace       used 16583K, committed 17024K, reserved 1114112K
  class space    used 1234K, committed 1472K, reserved 1048576K
}
Event: 120906.201 GC heap after
{Heap after GC invocations=411 (full 409):
 ZHeap           used 370M, capacity 768M, max capacity 768M
 Metaspace       used 16583K, committed 17024K, reserved 1114112K
  class space    used 1234K, committed 1472K, reserved 1048576K
}
Event: 121206.203 GC heap before
{Heap before GC invocations=411 (full 409):
 ZHeap           used 446M, capacity 768M, max capacity 768M
 Metaspace       used 16583K, committed 17024K, reserved 1114112K
  class space    used 1234K, committed 1472K, reserved 1048576K
}
Event: 121206.208 GC heap after
{Heap after GC invocations=412 (full 410):
 ZHeap           used 370M, capacity 768M, max capacity 768M
 Metaspace       used 16583K, committed 17024K, reserved 1114112K
  class space    used 1234K, committed 1472K, reserved 1048576K
}
Event: 121206.208 GC heap before
{Heap before GC invocations=412 (full 410):
 ZHeap           used 370M, capacity 768M, max capacity 768M
 Metaspace       used 16583K, committed 17024K, reserved 1114112K
  class space    used 1234K, committed 1472K, reserved 1048576K
}
Event: 121206.411 GC heap after
{Heap after GC invocations=412 (full 410):
 ZHeap           used 370M, capacity 768M, max capacity 768M
 Metaspace       used 16583K, committed 17024K, reserved 1114112K
  class space    used 1234K, committed 1472K, reserved 1048576K
}
Event: 121503.541 GC heap before
{Heap before GC invocations=412 (full 410):
 ZHeap           used 448M, capacity 768M, max capacity 768M
 Metaspace       used 16583K, committed 17024K, reserved 1114112K
  class space    used 1234K, committed 1472K, reserved 1048576K
}
Event: 121503.547 GC heap after
{Heap after GC invocations=413 (full 411):
 ZHeap           used 368M, capacity 768M, max capacity 768M
 Metaspace       used 16583K, committed 17024K, reserved 1114112K
  class space    used 1234K, committed 1472K, reserved 1048576K
}
Event: 121503.547 GC heap before
{Heap before GC invocations=413 (full 411):
 ZHeap           used 368M, capacity 768M, max capacity 768M
 Metaspace       used 16583K, committed 17024K, reserved 1114112K
  class space    used 1234K, committed 1472K, reserved 1048576K
}
Event: 121503.712 GC heap after
{Heap after GC invocations=413 (full 411):
 ZHeap           used 368M, capacity 768M, max capacity 768M
 Metaspace       used 16583K, committed 17024K, reserved 1114112K
  class space    used 1234K, committed 1472K, reserved 1048576K
}
Event: 121803.721 GC heap before
{Heap before GC invocations=413 (full 411):
 ZHeap           used 442M, capacity 768M, max capacity 768M
 Metaspace       used 16583K, committed 17024K, reserved 1114112K
  class space    used 1234K, committed 1472K, reserved 1048576K
}
Event: 121803.736 GC heap after
{Heap after GC invocations=414 (full 412):
 ZHeap           used 370M, capacity 768M, max capacity 768M
 Metaspace       used 16583K, committed 17024K, reserved 1114112K
  class space    used 1234K, committed 1472K, reserved 1048576K
}
Event: 121803.736 GC heap before
{Heap before GC invocations=414 (full 412):
 ZHeap           used 370M, capacity 768M, max capacity 768M
 Metaspace       used 16583K, committed 17024K, reserved 1114112K
  class space    used 1234K, committed 1472K, reserved 1048576K
}
Event: 121803.939 GC heap after
{Heap after GC invocations=414 (full 412):
 ZHeap           used 372M, capacity 768M, max capacity 768M
 Metaspace       used 16583K, committed 17024K, reserved 1114112K
  class space    used 1234K, committed 1472K, reserved 1048576K
}
Event: 122103.947 GC heap before
{Heap before GC invocations=414 (full 412):
 ZHeap           used 448M, capacity 768M, max capacity 768M
 Metaspace       used 16583K, committed 17024K, reserved 1114112K
  class space    used 1234K, committed 1472K, reserved 1048576K
}
Event: 122103.959 GC heap after
{Heap after GC invocations=415 (full 413):
 ZHeap           used 368M, capacity 768M, max capacity 768M
 Metaspace       used 16583K, committed 17024K, reserved 1114112K
  class space    used 1234K, committed 1472K, reserved 1048576K
}
Event: 122103.959 GC heap before
{Heap before GC invocations=415 (full 413):
 ZHeap           used 368M, capacity 768M, max capacity 768M
 Metaspace       used 16583K, committed 17024K, reserved 1114112K
  class space    used 1234K, committed 1472K, reserved 1048576K
}
Event: 122104.076 GC heap after
{Heap after GC invocations=415 (full 413):
 ZHeap           used 368M, capacity 768M, max capacity 768M
 Metaspace       used 16583K, committed 17024K, reserved 1114112K
  class space    used 1234K, committed 1472K, reserved 1048576K
}
Event: 122404.078 GC heap before
{Heap before GC invocations=415 (full 413):
 ZHeap           used 444M, capacity 768M, max capacity 768M
 Metaspace       used 16583K, committed 17024K, reserved 1114112K
  class space    used 1234K, committed 1472K, reserved 1048576K
}
Event: 122404.087 GC heap after
{Heap after GC invocations=416 (full 414):
 ZHeap           used 370M, capacity 768M, max capacity 768M
 Metaspace       used 16583K, committed 17024K, reserved 1114112K
  class space    used 1234K, committed 1472K, reserved 1048576K
}
Event: 122404.087 GC heap before
{Heap before GC invocations=416 (full 414):
 ZHeap           used 370M, capacity 768M, max capacity 768M
 Metaspace       used 16583K, committed 17024K, reserved 1114112K
  class space    used 1234K, committed 1472K, reserved 1048576K
}
Event: 122404.238 GC heap after
{Heap after GC invocations=416 (full 414):
 ZHeap           used 370M, capacity 768M, max capacity 768M
 Metaspace       used 16583K, committed 17024K, reserved 1114112K
  class space    used 1234K, committed 1472K, reserved 1048576K
}
Event: 122704.246 GC heap before
{Heap before GC invocations=416 (full 414):
 ZHeap           used 444M, capacity 768M, max capacity 768M
 Metaspace       used 16583K, committed 17024K, reserved 1114112K
  class space    used 1234K, committed 1472K, reserved 1048576K
}
Event: 122704.249 GC heap after
{Heap after GC invocations=417 (full 415):
 ZHeap           used 368M, capacity 768M, max capacity 768M
 Metaspace       used 16583K, committed 17024K, reserved 1114112K
  class space    used 1234K, committed 1472K, reserved 1048576K
}
Event: 122704.249 GC heap before
{Heap before GC invocations=417 (full 415):
 ZHeap           used 368M, capacity 768M, max capacity 768M
 Metaspace       used 16583K, committed 17024K, reserved 1114112K
  class space    used 1234K, committed 1472K, reserved 1048576K
}
Event: 122704.455 GC heap after
{Heap after GC invocations=417 (full 415):
 ZHeap           used 368M, capacity 768M, max capacity 768M
 Metaspace       used 16583K, committed 17024K, reserved 1114112K
  class space    used 1234K, committed 1472K, reserved 1048576K
}
Event: 123004.458 GC heap before
{Heap before GC invocations=417 (full 415):
 ZHeap           used 444M, capacity 768M, max capacity 768M
 Metaspace       used 16583K, committed 17024K, reserved 1114112K
  class space    used 1234K, committed 1472K, reserved 1048576K
}
Event: 123004.465 GC heap after
{Heap after GC invocations=418 (full 416):
 ZHeap           used 368M, capacity 768M, max capacity 768M
 Metaspace       used 16583K, committed 17024K, reserved 1114112K
  class space    used 1234K, committed 1472K, reserved 1048576K
}
Event: 123004.465 GC heap before
{Heap before GC invocations=418 (full 416):
 ZHeap           used 368M, capacity 768M, max capacity 768M
 Metaspace       used 16583K, committed 17024K, reserved 1114112K
  class space    used 1234K, committed 1472K, reserved 1048576K
}
Event: 123004.610 GC heap after
{Heap after GC invocations=418 (full 416):
 ZHeap           used 368M, capacity 768M, max capacity 768M
 Metaspace       used 16583K, committed 17024K, reserved 1114112K
  class space    used 1234K, committed 1472K, reserved 1048576K
}
Event: 123304.610 GC heap before
{Heap before GC invocations=418 (full 416):
 ZHeap           used 442M, capacity 768M, max capacity 768M
 Metaspace       used 16583K, committed 17024K, reserved 1114112K
  class space    used 1234K, committed 1472K, reserved 1048576K
}
Event: 123304.618 GC heap after
{Heap after GC invocations=419 (full 417):
 ZHeap           used 368M, capacity 768M, max capacity 768M
 Metaspace       used 16583K, committed 17024K, reserved 1114112K
  class space    used 1234K, committed 1472K, reserved 1048576K
}
Event: 123304.618 GC heap before
{Heap before GC invocations=419 (full 417):
 ZHeap           used 368M, capacity 768M, max capacity 768M
 Metaspace       used 16583K, committed 17024K, reserved 1114112K
  class space    used 1234K, committed 1472K, reserved 1048576K
}
Event: 123304.878 GC heap after
{Heap after GC invocations=419 (full 417):
 ZHeap           used 368M, capacity 768M, max capacity 768M
 Metaspace       used 16583K, committed 17024K, reserved 1114112K
  class space    used 1234K, committed 1472K, reserved 1048576K
}
Event: 123604.888 GC heap before
{Heap before GC invocations=419 (full 417):
 ZHeap           used 444M, capacity 768M, max capacity 768M
 Metaspace       used 16583K, committed 17024K, reserved 1114112K
  class space    used 1234K, committed 1472K, reserved 1048576K
}
Event: 123604.897 GC heap after
{Heap after GC invocations=420 (full 418):
 ZHeap           used 368M, capacity 768M, max capacity 768M
 Metaspace       used 16583K, committed 17024K, reserved 1114112K
  class space    used 1234K, committed 1472K, reserved 1048576K
}
Event: 123604.897 GC heap before
{Heap before GC invocations=420 (full 418):
 ZHeap           used 368M, capacity 768M, max capacity 768M
 Metaspace       used 16583K, committed 17024K, reserved 1114112K
  class space    used 1234K, committed 1472K, reserved 1048576K
}
Event: 123605.185 GC heap after
{Heap after GC invocations=420 (full 418):
 ZHeap           used 368M, capacity 768M, max capacity 768M
 Metaspace       used 16583K, committed 17024K, reserved 1114112K
  class space    used 1234K, committed 1472K, reserved 1048576K
}
Event: 123905.157 GC heap before
{Heap before GC invocations=420 (full 418):
 ZHeap           used 446M, capacity 768M, max capacity 768M
 Metaspace       used 16583K, committed 17024K, reserved 1114112K
  class space    used 1234K, committed 1472K, reserved 1048576K
}
Event: 123905.161 GC heap after
{Heap after GC invocations=421 (full 419):
 ZHeap           used 368M, capacity 768M, max capacity 768M
 Metaspace       used 16583K, committed 17024K, reserved 1114112K
  class space    used 1234K, committed 1472K, reserved 1048576K
}
Event: 123905.162 GC heap before
{Heap before GC invocations=421 (full 419):
 ZHeap           used 368M, capacity 768M, max capacity 768M
 Metaspace       used 16583K, committed 17024K, reserved 1114112K
  class space    used 1234K, committed 1472K, reserved 1048576K
}
Event: 123905.338 GC heap after
{Heap after GC invocations=421 (full 419):
 ZHeap           used 368M, capacity 768M, max capacity 768M
 Metaspace       used 16583K, committed 17024K, reserved 1114112K
  class space    used 1234K, committed 1472K, reserved 1048576K
}
Event: 124205.348 GC heap before
{Heap before GC invocations=421 (full 419):
 ZHeap           used 444M, capacity 768M, max capacity 768M
 Metaspace       used 16583K, committed 17024K, reserved 1114112K
  class space    used 1234K, committed 1472K, reserved 1048576K
}
Event: 124205.352 GC heap after
{Heap after GC invocations=422 (full 420):
 ZHeap           used 368M, capacity 768M, max capacity 768M
 Metaspace       used 16583K, committed 17024K, reserved 1114112K
  class space    used 1234K, committed 1472K, reserved 1048576K
}
Event: 124205.352 GC heap before
{Heap before GC invocations=422 (full 420):
 ZHeap           used 368M, capacity 768M, max capacity 768M
 Metaspace       used 16583K, committed 17024K, reserved 1114112K
  class space    used 1234K, committed 1472K, reserved 1048576K
}
Event: 124205.492 GC heap after
{Heap after GC invocations=422 (full 420):
 ZHeap           used 368M, capacity 768M, max capacity 768M
 Metaspace       used 16583K, committed 17024K, reserved 1114112K
  class space    used 1234K, committed 1472K, reserved 1048576K
}
Event: 124505.495 GC heap before
{Heap before GC invocations=422 (full 420):
 ZHeap           used 444M, capacity 768M, max capacity 768M
 Metaspace       used 16583K, committed 17024K, reserved 1114112K
  class space    used 1234K, committed 1472K, reserved 1048576K
}
Event: 124505.501 GC heap after
{Heap after GC invocations=423 (full 421):
 ZHeap           used 370M, capacity 768M, max capacity 768M
 Metaspace       used 16583K, committed 17024K, reserved 1114112K
  class space    used 1234K, committed 1472K, reserved 1048576K
}
Event: 124505.501 GC heap before
{Heap before GC invocations=423 (full 421):
 ZHeap           used 370M, capacity 768M, max capacity 768M
 Metaspace       used 16583K, committed 17024K, reserved 1114112K
  class space    used 1234K, committed 1472K, reserved 1048576K
}
Event: 124505.827 GC heap after
{Heap after GC invocations=423 (full 421):
 ZHeap           used 370M, capacity 768M, max capacity 768M
 Metaspace       used 16583K, committed 17024K, reserved 1114112K
  class space    used 1234K, committed 1472K, reserved 1048576K
}
Event: 124803.368 GC heap before
{Heap before GC invocations=423 (full 421):
 ZHeap           used 448M, capacity 768M, max capacity 768M
 Metaspace       used 16583K, committed 17024K, reserved 1114112K
  class space    used 1234K, committed 1472K, reserved 1048576K
}
Event: 124803.378 GC heap after
{Heap after GC invocations=424 (full 422):
 ZHeap           used 368M, capacity 768M, max capacity 768M
 Metaspace       used 16583K, committed 17024K, reserved 1114112K
  class space    used 1234K, committed 1472K, reserved 1048576K
}
Event: 124803.378 GC heap before
{Heap before GC invocations=424 (full 422):
 ZHeap           used 368M, capacity 768M, max capacity 768M
 Metaspace       used 16583K, committed 17024K, reserved 1114112K
  class space    used 1234K, committed 1472K, reserved 1048576K
}
Event: 124803.593 GC heap after
{Heap after GC invocations=424 (full 422):
 ZHeap           used 368M, capacity 768M, max capacity 768M
 Metaspace       used 16583K, committed 17024K, reserved 1114112K
  class space    used 1234K, committed 1472K, reserved 1048576K
}
Event: 125102.731 GC heap before
{Heap before GC invocations=424 (full 422):
 ZHeap           used 446M, capacity 768M, max capacity 768M
 Metaspace       used 16583K, committed 17024K, reserved 1114112K
  class space    used 1234K, committed 1472K, reserved 1048576K
}
Event: 125102.743 GC heap after
{Heap after GC invocations=425 (full 423):
 ZHeap           used 372M, capacity 768M, max capacity 768M
 Metaspace       used 16583K, committed 17024K, reserved 1114112K
  class space    used 1234K, committed 1472K, reserved 1048576K
}
Event: 125102.743 GC heap before
{Heap before GC invocations=425 (full 423):
 ZHeap           used 372M, capacity 768M, max capacity 768M
 Metaspace       used 16583K, committed 17024K, reserved 1114112K
  class space    used 1234K, committed 1472K, reserved 1048576K
}
Event: 125102.936 GC heap after
{Heap after GC invocations=425 (full 423):
 ZHeap           used 372M, capacity 768M, max capacity 768M
 Metaspace       used 16583K, committed 17024K, reserved 1114112K
  class space    used 1234K, committed 1472K, reserved 1048576K
}
Event: 125402.940 GC heap before
{Heap before GC invocations=425 (full 423):
 ZHeap           used 446M, capacity 768M, max capacity 768M
 Metaspace       used 16583K, committed 17024K, reserved 1114112K
  class space    used 1234K, committed 1472K, reserved 1048576K
}
Event: 125402.978 GC heap after
{Heap after GC invocations=426 (full 424):
 ZHeap           used 368M, capacity 768M, max capacity 768M
 Metaspace       used 16583K, committed 17024K, reserved 1114112K
  class space    used 1234K, committed 1472K, reserved 1048576K
}
Event: 125402.978 GC heap before
{Heap before GC invocations=426 (full 424):
 ZHeap           used 368M, capacity 768M, max capacity 768M
 Metaspace       used 16583K, committed 17024K, reserved 1114112K
  class space    used 1234K, committed 1472K, reserved 1048576K
}
Event: 125403.167 GC heap after
{Heap after GC invocations=426 (full 424):
 ZHeap           used 370M, capacity 768M, max capacity 768M
 Metaspace       used 16583K, committed 17024K, reserved 1114112K
  class space    used 1234K, committed 1472K, reserved 1048576K
}
Event: 125703.176 GC heap before
{Heap before GC invocations=426 (full 424):
 ZHeap           used 446M, capacity 768M, max capacity 768M
 Metaspace       used 16583K, committed 17024K, reserved 1114112K
  class space    used 1234K, committed 1472K, reserved 1048576K
}
Event: 125703.182 GC heap after
{Heap after GC invocations=427 (full 425):
 ZHeap           used 368M, capacity 768M, max capacity 768M
 Metaspace       used 16583K, committed 17024K, reserved 1114112K
  class space    used 1234K, committed 1472K, reserved 1048576K
}
Event: 125703.182 GC heap before
{Heap before GC invocations=427 (full 425):
 ZHeap           used 368M, capacity 768M, max capacity 768M
 Metaspace       used 16583K, committed 17024K, reserved 1114112K
  class space    used 1234K, committed 1472K, reserved 1048576K
}
Event: 125703.412 GC heap after
{Heap after GC invocations=427 (full 425):
 ZHeap           used 368M, capacity 768M, max capacity 768M
 Metaspace       used 16583K, committed 17024K, reserved 1114112K
  class space    used 1234K, committed 1472K, reserved 1048576K
}
Event: 126000.566 GC heap before
{Heap before GC invocations=427 (full 425):
 ZHeap           used 446M, capacity 768M, max capacity 768M
 Metaspace       used 16583K, committed 17024K, reserved 1114112K
  class space    used 1234K, committed 1472K, reserved 1048576K
}
Event: 126000.574 GC heap after
{Heap after GC invocations=428 (full 426):
 ZHeap           used 368M, capacity 768M, max capacity 768M
 Metaspace       used 16583K, committed 17024K, reserved 1114112K
  class space    used 1234K, committed 1472K, reserved 1048576K
}
Event: 126000.574 GC heap before
{Heap before GC invocations=428 (full 426):
 ZHeap           used 368M, capacity 768M, max capacity 768M
 Metaspace       used 16583K, committed 17024K, reserved 1114112K
  class space    used 1234K, committed 1472K, reserved 1048576K
}
Event: 126000.704 GC heap after
{Heap after GC invocations=428 (full 426):
 ZHeap           used 368M, capacity 768M, max capacity 768M
 Metaspace       used 16583K, committed 17024K, reserved 1114112K
  class space    used 1234K, committed 1472K, reserved 1048576K
}
Event: 126291.810 GC heap before
{Heap before GC invocations=428 (full 426):
 ZHeap           used 446M, capacity 768M, max capacity 768M
 Metaspace       used 16583K, committed 17024K, reserved 1114112K
  class space    used 1234K, committed 1472K, reserved 1048576K
}
Event: 126291.814 GC heap after
{Heap after GC invocations=429 (full 427):
 ZHeap           used 368M, capacity 768M, max capacity 768M
 Metaspace       used 16583K, committed 17024K, reserved 1114112K
  class space    used 1234K, committed 1472K, reserved 1048576K
}
Event: 126291.814 GC heap before
{Heap before GC invocations=429 (full 427):
 ZHeap           used 368M, capacity 768M, max capacity 768M
 Metaspace       used 16583K, committed 17024K, reserved 1114112K
  class space    used 1234K, committed 1472K, reserved 1048576K
}
Event: 126291.956 GC heap after
{Heap after GC invocations=429 (full 427):
 ZHeap           used 368M, capacity 768M, max capacity 768M
 Metaspace       used 16583K, committed 17024K, reserved 1114112K
  class space    used 1234K, committed 1472K, reserved 1048576K
}
Event: 126591.962 GC heap before
{Heap before GC invocations=429 (full 427):
 ZHeap           used 444M, capacity 768M, max capacity 768M
 Metaspace       used 16583K, committed 17024K, reserved 1114112K
  class space    used 1234K, committed 1472K, reserved 1048576K
}
Event: 126591.977 GC heap after
{Heap after GC invocations=430 (full 428):
 ZHeap           used 370M, capacity 768M, max capacity 768M
 Metaspace       used 16583K, committed 17024K, reserved 1114112K
  class space    used 1234K, committed 1472K, reserved 1048576K
}
Event: 126591.977 GC heap before
{Heap before GC invocations=430 (full 428):
 ZHeap           used 370M, capacity 768M, max capacity 768M
 Metaspace       used 16583K, committed 17024K, reserved 1114112K
  class space    used 1234K, committed 1472K, reserved 1048576K
}
Event: 126592.239 GC heap after
{Heap after GC invocations=430 (full 428):
 ZHeap           used 370M, capacity 768M, max capacity 768M
 Metaspace       used 16583K, committed 17024K, reserved 1114112K
  class space    used 1234K, committed 1472K, reserved 1048576K
}
Event: 126892.241 GC heap before
{Heap before GC invocations=430 (full 428):
 ZHeap           used 446M, capacity 768M, max capacity 768M
 Metaspace       used 16583K, committed 17024K, reserved 1114112K
  class space    used 1234K, committed 1472K, reserved 1048576K
}
Event: 126892.244 GC heap after
{Heap after GC invocations=431 (full 429):
 ZHeap           used 368M, capacity 768M, max capacity 768M
 Metaspace       used 16583K, committed 17024K, reserved 1114112K
  class space    used 1234K, committed 1472K, reserved 1048576K
}
Event: 126892.245 GC heap before
{Heap before GC invocations=431 (full 429):
 ZHeap           used 368M, capacity 768M, max capacity 768M
 Metaspace       used 16583K, committed 17024K, reserved 1114112K
  class space    used 1234K, committed 1472K, reserved 1048576K
}
Event: 126892.366 GC heap after
{Heap after GC invocations=431 (full 429):
 ZHeap           used 368M, capacity 768M, max capacity 768M
 Metaspace       used 16583K, committed 17024K, reserved 1114112K
  class space    used 1234K, committed 1472K, reserved 1048576K
}
Event: 127192.369 GC heap before
{Heap before GC invocations=431 (full 429):
 ZHeap           used 444M, capacity 768M, max capacity 768M
 Metaspace       used 16583K, committed 17024K, reserved 1114112K
  class space    used 1234K, committed 1472K, reserved 1048576K
}
Event: 127192.390 GC heap after
{Heap after GC invocations=432 (full 430):
 ZHeap           used 372M, capacity 768M, max capacity 768M
 Metaspace       used 16583K, committed 17024K, reserved 1114112K
  class space    used 1234K, committed 1472K, reserved 1048576K
}
Event: 127192.390 GC heap before
{Heap before GC invocations=432 (full 430):
 ZHeap           used 372M, capacity 768M, max capacity 768M
 Metaspace       used 16583K, committed 17024K, reserved 1114112K
  class space    used 1234K, committed 1472K, reserved 1048576K
}
Event: 127192.626 GC heap after
{Heap after GC invocations=432 (full 430):
 ZHeap           used 372M, capacity 768M, max capacity 768M
 Metaspace       used 16583K, committed 17024K, reserved 1114112K
  class space    used 1234K, committed 1472K, reserved 1048576K
}
Event: 127492.627 GC heap before
{Heap before GC invocations=432 (full 430):
 ZHeap           used 446M, capacity 768M, max capacity 768M
 Metaspace       used 16583K, committed 17024K, reserved 1114112K
  class space    used 1234K, committed 1472K, reserved 1048576K
}
Event: 127492.632 GC heap after
{Heap after GC invocations=433 (full 431):
 ZHeap           used 368M, capacity 768M, max capacity 768M
 Metaspace       used 16583K, committed 17024K, reserved 1114112K
  class space    used 1234K, committed 1472K, reserved 1048576K
}
Event: 127492.632 GC heap before
{Heap before GC invocations=433 (full 431):
 ZHeap           used 368M, capacity 768M, max capacity 768M
 Metaspace       used 16583K, committed 17024K, reserved 1114112K
  class space    used 1234K, committed 1472K, reserved 1048576K
}
Event: 127492.806 GC heap after
{Heap after GC invocations=433 (full 431):
 ZHeap           used 368M, capacity 768M, max capacity 768M
 Metaspace       used 16583K, committed 17024K, reserved 1114112K
  class space    used 1234K, committed 1472K, reserved 1048576K
}
Event: 127792.811 GC heap before
{Heap before GC invocations=433 (full 431):
 ZHeap           used 444M, capacity 768M, max capacity 768M
 Metaspace       used 16583K, committed 17024K, reserved 1114112K
  class space    used 1234K, committed 1472K, reserved 1048576K
}
Event: 127792.815 GC heap after
{Heap after GC invocations=434 (full 432):
 ZHeap           used 368M, capacity 768M, max capacity 768M
 Metaspace       used 16583K, committed 17024K, reserved 1114112K
  class space    used 1234K, committed 1472K, reserved 1048576K
}
Event: 127792.815 GC heap before
{Heap before GC invocations=434 (full 432):
 ZHeap           used 368M, capacity 768M, max capacity 768M
 Metaspace       used 16583K, committed 17024K, reserved 1114112K
  class space    used 1234K, committed 1472K, reserved 1048576K
}
Event: 127792.934 GC heap after
{Heap after GC invocations=434 (full 432):
 ZHeap           used 368M, capacity 768M, max capacity 768M
 Metaspace       used 16583K, committed 17024K, reserved 1114112K
  class space    used 1234K, committed 1472K, reserved 1048576K
}
Event: 128092.944 GC heap before
{Heap before GC invocations=434 (full 432):
 ZHeap           used 442M, capacity 768M, max capacity 768M
 Metaspace       used 16583K, committed 17024K, reserved 1114112K
  class space    used 1234K, committed 1472K, reserved 1048576K
}
Event: 128092.952 GC heap after
{Heap after GC invocations=435 (full 433):
 ZHeap           used 368M, capacity 768M, max capacity 768M
 Metaspace       used 16583K, committed 17024K, reserved 1114112K
  class space    used 1234K, committed 1472K, reserved 1048576K
}
Event: 128092.952 GC heap before
{Heap before GC invocations=435 (full 433):
 ZHeap           used 368M, capacity 768M, max capacity 768M
 Metaspace       used 16583K, committed 17024K, reserved 1114112K
  class space    used 1234K, committed 1472K, reserved 1048576K
}
Event: 128093.072 GC heap after
{Heap after GC invocations=435 (full 433):
 ZHeap           used 368M, capacity 768M, max capacity 768M
 Metaspace       used 16583K, committed 17024K, reserved 1114112K
  class space    used 1234K, committed 1472K, reserved 1048576K
}
Event: 128386.851 GC heap before
{Heap before GC invocations=435 (full 433):
 ZHeap           used 446M, capacity 768M, max capacity 768M
 Metaspace       used 16583K, committed 17024K, reserved 1114112K
  class space    used 1234K, committed 1472K, reserved 1048576K
}
Event: 128386.858 GC heap after
{Heap after GC invocations=436 (full 434):
 ZHeap           used 370M, capacity 768M, max capacity 768M
 Metaspace       used 16583K, committed 17024K, reserved 1114112K
  class space    used 1234K, committed 1472K, reserved 1048576K
}
Event: 128386.859 GC heap before
{Heap before GC invocations=436 (full 434):
 ZHeap           used 370M, capacity 768M, max capacity 768M
 Metaspace       used 16583K, committed 17024K, reserved 1114112K
  class space    used 1234K, committed 1472K, reserved 1048576K
}
Event: 128387.002 GC heap after
{Heap after GC invocations=436 (full 434):
 ZHeap           used 370M, capacity 768M, max capacity 768M
 Metaspace       used 16583K, committed 17024K, reserved 1114112K
  class space    used 1234K, committed 1472K, reserved 1048576K
}
Event: 128687.010 GC heap before
{Heap before GC invocations=436 (full 434):
 ZHeap           used 446M, capacity 768M, max capacity 768M
 Metaspace       used 16583K, committed 17024K, reserved 1114112K
  class space    used 1234K, committed 1472K, reserved 1048576K
}
Event: 128687.019 GC heap after
{Heap after GC invocations=437 (full 435):
 ZHeap           used 368M, capacity 768M, max capacity 768M
 Metaspace       used 16583K, committed 17024K, reserved 1114112K
  class space    used 1234K, committed 1472K, reserved 1048576K
}
Event: 128687.019 GC heap before
{Heap before GC invocations=437 (full 435):
 ZHeap           used 368M, capacity 768M, max capacity 768M
 Metaspace       used 16583K, committed 17024K, reserved 1114112K
  class space    used 1234K, committed 1472K, reserved 1048576K
}
Event: 128687.180 GC heap after
{Heap after GC invocations=437 (full 435):
 ZHeap           used 368M, capacity 768M, max capacity 768M
 Metaspace       used 16583K, committed 17024K, reserved 1114112K
  class space    used 1234K, committed 1472K, reserved 1048576K
}
Event: 128987.182 GC heap before
{Heap before GC invocations=437 (full 435):
 ZHeap           used 444M, capacity 768M, max capacity 768M
 Metaspace       used 16583K, committed 17024K, reserved 1114112K
  class space    used 1234K, committed 1472K, reserved 1048576K
}
Event: 128987.186 GC heap after
{Heap after GC invocations=438 (full 436):
 ZHeap           used 370M, capacity 768M, max capacity 768M
 Metaspace       used 16583K, committed 17024K, reserved 1114112K
  class space    used 1234K, committed 1472K, reserved 1048576K
}
Event: 128987.186 GC heap before
{Heap before GC invocations=438 (full 436):
 ZHeap           used 370M, capacity 768M, max capacity 768M
 Metaspace       used 16583K, committed 17024K, reserved 1114112K
  class space    used 1234K, committed 1472K, reserved 1048576K
}
Event: 128987.327 GC heap after
{Heap after GC invocations=438 (full 436):
 ZHeap           used 370M, capacity 768M, max capacity 768M
 Metaspace       used 16583K, committed 17024K, reserved 1114112K
  class space    used 1234K, committed 1472K, reserved 1048576K
}
Event: 129284.970 GC heap before
{Heap before GC invocations=438 (full 436):
 ZHeap           used 448M, capacity 768M, max capacity 768M
 Metaspace       used 16583K, committed 17024K, reserved 1114112K
  class space    used 1234K, committed 1472K, reserved 1048576K
}
Event: 129284.974 GC heap after
{Heap after GC invocations=439 (full 437):
 ZHeap           used 368M, capacity 768M, max capacity 768M
 Metaspace       used 16583K, committed 17024K, reserved 1114112K
  class space    used 1234K, committed 1472K, reserved 1048576K
}
Event: 129284.974 GC heap before
{Heap before GC invocations=439 (full 437):
 ZHeap           used 368M, capacity 768M, max capacity 768M
 Metaspace       used 16583K, committed 17024K, reserved 1114112K
  class space    used 1234K, committed 1472K, reserved 1048576K
}
Event: 129285.130 GC heap after
{Heap after GC invocations=439 (full 437):
 ZHeap           used 368M, capacity 768M, max capacity 768M
 Metaspace       used 16583K, committed 17024K, reserved 1114112K
  class space    used 1234K, committed 1472K, reserved 1048576K
}
Event: 129579.549 GC heap before
{Heap before GC invocations=439 (full 437):
 ZHeap           used 446M, capacity 768M, max capacity 768M
 Metaspace       used 16583K, committed 17024K, reserved 1114112K
  class space    used 1234K, committed 1472K, reserved 1048576K
}
Event: 129579.555 GC heap after
{Heap after GC invocations=440 (full 438):
 ZHeap           used 368M, capacity 768M, max capacity 768M
 Metaspace       used 16583K, committed 17024K, reserved 1114112K
  class space    used 1234K, committed 1472K, reserved 1048576K
}
Event: 129579.555 GC heap before
{Heap before GC invocations=440 (full 438):
 ZHeap           used 368M, capacity 768M, max capacity 768M
 Metaspace       used 16583K, committed 17024K, reserved 1114112K
  class space    used 1234K, committed 1472K, reserved 1048576K
}
Event: 129579.695 GC heap after
{Heap after GC invocations=440 (full 438):
 ZHeap           used 368M, capacity 768M, max capacity 768M
 Metaspace       used 16583K, committed 17024K, reserved 1114112K
  class space    used 1234K, committed 1472K, reserved 1048576K
}
Event: 129879.697 GC heap before
{Heap before GC invocations=440 (full 438):
 ZHeap           used 444M, capacity 768M, max capacity 768M
 Metaspace       used 16583K, committed 17024K, reserved 1114112K
  class space    used 1234K, committed 1472K, reserved 1048576K
}
Event: 129879.701 GC heap after
{Heap after GC invocations=441 (full 439):
 ZHeap           used 368M, capacity 768M, max capacity 768M
 Metaspace       used 16583K, committed 17024K, reserved 1114112K
  class space    used 1234K, committed 1472K, reserved 1048576K
}
Event: 129879.701 GC heap before
{Heap before GC invocations=441 (full 439):
 ZHeap           used 368M, capacity 768M, max capacity 768M
 Metaspace       used 16583K, committed 17024K, reserved 1114112K
  class space    used 1234K, committed 1472K, reserved 1048576K
}
Event: 129879.864 GC heap after
{Heap after GC invocations=441 (full 439):
 ZHeap           used 368M, capacity 768M, max capacity 768M
 Metaspace       used 16583K, committed 17024K, reserved 1114112K
  class space    used 1234K, committed 1472K, reserved 1048576K
}
Event: 130168.949 GC heap before
{Heap before GC invocations=441 (full 439):
 ZHeap           used 446M, capacity 768M, max capacity 768M
 Metaspace       used 16583K, committed 17024K, reserved 1114112K
  class space    used 1234K, committed 1472K, reserved 1048576K
}
Event: 130168.961 GC heap after
{Heap after GC invocations=442 (full 440):
 ZHeap           used 370M, capacity 768M, max capacity 768M
 Metaspace       used 16583K, committed 17024K, reserved 1114112K
  class space    used 1234K, committed 1472K, reserved 1048576K
}
Event: 130168.961 GC heap before
{Heap before GC invocations=442 (full 440):
 ZHeap           used 370M, capacity 768M, max capacity 768M
 Metaspace       used 16583K, committed 17024K, reserved 1114112K
  class space    used 1234K, committed 1472K, reserved 1048576K
}
Event: 130169.224 GC heap after
{Heap after GC invocations=442 (full 440):
 ZHeap           used 370M, capacity 768M, max capacity 768M
 Metaspace       used 16583K, committed 17024K, reserved 1114112K
  class space    used 1234K, committed 1472K, reserved 1048576K
}
Event: 130454.956 GC heap before
{Heap before GC invocations=442 (full 440):
 ZHeap           used 448M, capacity 768M, max capacity 768M
 Metaspace       used 16583K, committed 17024K, reserved 1114112K
  class space    used 1234K, committed 1472K, reserved 1048576K
}
Event: 130454.967 GC heap after
{Heap after GC invocations=443 (full 441):
 ZHeap           used 370M, capacity 768M, max capacity 768M
 Metaspace       used 16583K, committed 17024K, reserved 1114112K
  class space    used 1234K, committed 1472K, reserved 1048576K
}
Event: 130454.967 GC heap before
{Heap before GC invocations=443 (full 441):
 ZHeap           used 370M, capacity 768M, max capacity 768M
 Metaspace       used 16583K, committed 17024K, reserved 1114112K
  class space    used 1234K, committed 1472K, reserved 1048576K
}
Event: 130455.199 GC heap after
{Heap after GC invocations=443 (full 441):
 ZHeap           used 370M, capacity 768M, max capacity 768M
 Metaspace       used 16583K, committed 17024K, reserved 1114112K
  class space    used 1234K, committed 1472K, reserved 1048576K
}
Event: 130751.352 GC heap before
{Heap before GC invocations=443 (full 441):
 ZHeap           used 448M, capacity 768M, max capacity 768M
 Metaspace       used 16583K, committed 17024K, reserved 1114112K
  class space    used 1234K, committed 1472K, reserved 1048576K
}
Event: 130751.359 GC heap after
{Heap after GC invocations=444 (full 442):
 ZHeap           used 370M, capacity 768M, max capacity 768M
 Metaspace       used 16583K, committed 17024K, reserved 1114112K
  class space    used 1234K, committed 1472K, reserved 1048576K
}
Event: 130751.359 GC heap before
{Heap before GC invocations=444 (full 442):
 ZHeap           used 370M, capacity 768M, max capacity 768M
 Metaspace       used 16583K, committed 17024K, reserved 1114112K
  class space    used 1234K, committed 1472K, reserved 1048576K
}
Event: 130751.572 GC heap after
{Heap after GC invocations=444 (full 442):
 ZHeap           used 370M, capacity 768M, max capacity 768M
 Metaspace       used 16583K, committed 17024K, reserved 1114112K
  class space    used 1234K, committed 1472K, reserved 1048576K
}
Event: 131050.170 GC heap before
{Heap before GC invocations=444 (full 442):
 ZHeap           used 448M, capacity 768M, max capacity 768M
 Metaspace       used 16583K, committed 17024K, reserved 1114112K
  class space    used 1234K, committed 1472K, reserved 1048576K
}
Event: 131050.175 GC heap after
{Heap after GC invocations=445 (full 443):
 ZHeap           used 368M, capacity 768M, max capacity 768M
 Metaspace       used 16583K, committed 17024K, reserved 1114112K
  class space    used 1234K, committed 1472K, reserved 1048576K
}
Event: 131050.175 GC heap before
{Heap before GC invocations=445 (full 443):
 ZHeap           used 368M, capacity 768M, max capacity 768M
 Metaspace       used 16583K, committed 17024K, reserved 1114112K
  class space    used 1234K, committed 1472K, reserved 1048576K
}
Event: 131050.317 GC heap after
{Heap after GC invocations=445 (full 443):
 ZHeap           used 368M, capacity 768M, max capacity 768M
 Metaspace       used 16583K, committed 17024K, reserved 1114112K
  class space    used 1234K, committed 1472K, reserved 1048576K
}
Event: 131338.766 GC heap before
{Heap before GC invocations=445 (full 443):
 ZHeap           used 446M, capacity 768M, max capacity 768M
 Metaspace       used 16583K, committed 17024K, reserved 1114112K
  class space    used 1234K, committed 1472K, reserved 1048576K
}
Event: 131338.771 GC heap after
{Heap after GC invocations=446 (full 444):
 ZHeap           used 370M, capacity 768M, max capacity 768M
 Metaspace       used 16583K, committed 17024K, reserved 1114112K
  class space    used 1234K, committed 1472K, reserved 1048576K
}
Event: 131338.771 GC heap before
{Heap before GC invocations=446 (full 444):
 ZHeap           used 370M, capacity 768M, max capacity 768M
 Metaspace       used 16583K, committed 17024K, reserved 1114112K
  class space    used 1234K, committed 1472K, reserved 1048576K
}
Event: 131339.035 GC heap after
{Heap after GC invocations=446 (full 444):
 ZHeap           used 370M, capacity 768M, max capacity 768M
 Metaspace       used 16583K, committed 17024K, reserved 1114112K
  class space    used 1234K, committed 1472K, reserved 1048576K
}
Event: 131631.157 GC heap before
{Heap before GC invocations=446 (full 444):
 ZHeap           used 448M, capacity 768M, max capacity 768M
 Metaspace       used 16583K, committed 17024K, reserved 1114112K
  class space    used 1234K, committed 1472K, reserved 1048576K
}
Event: 131631.168 GC heap after
{Heap after GC invocations=447 (full 445):
 ZHeap           used 368M, capacity 768M, max capacity 768M
 Metaspace       used 16583K, committed 17024K, reserved 1114112K
  class space    used 1234K, committed 1472K, reserved 1048576K
}
Event: 131631.168 GC heap before
{Heap before GC invocations=447 (full 445):
 ZHeap           used 368M, capacity 768M, max capacity 768M
 Metaspace       used 16583K, committed 17024K, reserved 1114112K
  class space    used 1234K, committed 1472K, reserved 1048576K
}
Event: 131631.346 GC heap after
{Heap after GC invocations=447 (full 445):
 ZHeap           used 368M, capacity 768M, max capacity 768M
 Metaspace       used 16583K, committed 17024K, reserved 1114112K
  class space    used 1234K, committed 1472K, reserved 1048576K
}
Event: 131927.051 GC heap before
{Heap before GC invocations=447 (full 445):
 ZHeap           used 446M, capacity 768M, max capacity 768M
 Metaspace       used 16583K, committed 17024K, reserved 1114112K
  class space    used 1234K, committed 1472K, reserved 1048576K
}
Event: 131927.072 GC heap after
{Heap after GC invocations=448 (full 446):
 ZHeap           used 372M, capacity 768M, max capacity 768M
 Metaspace       used 16583K, committed 17024K, reserved 1114112K
  class space    used 1234K, committed 1472K, reserved 1048576K
}
Event: 131927.072 GC heap before
{Heap before GC invocations=448 (full 446):
 ZHeap           used 372M, capacity 768M, max capacity 768M
 Metaspace       used 16583K, committed 17024K, reserved 1114112K
  class space    used 1234K, committed 1472K, reserved 1048576K
}
Event: 131927.328 GC heap after
{Heap after GC invocations=448 (full 446):
 ZHeap           used 372M, capacity 768M, max capacity 768M
 Metaspace       used 16583K, committed 17024K, reserved 1114112K
  class space    used 1234K, committed 1472K, reserved 1048576K
}
Event: 132222.143 GC heap before
{Heap before GC invocations=448 (full 446):
 ZHeap           used 450M, capacity 768M, max capacity 768M
 Metaspace       used 16583K, committed 17024K, reserved 1114112K
  class space    used 1234K, committed 1472K, reserved 1048576K
}
Event: 132222.149 GC heap after
{Heap after GC invocations=449 (full 447):
 ZHeap           used 366M, capacity 768M, max capacity 768M
 Metaspace       used 16583K, committed 17024K, reserved 1114112K
  class space    used 1234K, committed 1472K, reserved 1048576K
}
Event: 132222.149 GC heap before
{Heap before GC invocations=449 (full 447):
 ZHeap           used 366M, capacity 768M, max capacity 768M
 Metaspace       used 16583K, committed 17024K, reserved 1114112K
  class space    used 1234K, committed 1472K, reserved 1048576K
}
Event: 132222.285 GC heap after
{Heap after GC invocations=449 (full 447):
 ZHeap           used 366M, capacity 768M, max capacity 768M
 Metaspace       used 16583K, committed 17024K, reserved 1114112K
  class space    used 1234K, committed 1472K, reserved 1048576K
}
Event: 132522.292 GC heap before
{Heap before GC invocations=449 (full 447):
 ZHeap           used 442M, capacity 768M, max capacity 768M
 Metaspace       used 16583K, committed 17024K, reserved 1114112K
  class space    used 1234K, committed 1472K, reserved 1048576K
}
Event: 132522.301 GC heap after
{Heap after GC invocations=450 (full 448):
 ZHeap           used 366M, capacity 768M, max capacity 768M
 Metaspace       used 16583K, committed 17024K, reserved 1114112K
  class space    used 1234K, committed 1472K, reserved 1048576K
}
Event: 132522.301 GC heap before
{Heap before GC invocations=450 (full 448):
 ZHeap           used 366M, capacity 768M, max capacity 768M
 Metaspace       used 16583K, committed 17024K, reserved 1114112K
  class space    used 1234K, committed 1472K, reserved 1048576K
}
Event: 132522.424 GC heap after
{Heap after GC invocations=450 (full 448):
 ZHeap           used 366M, capacity 768M, max capacity 768M
 Metaspace       used 16583K, committed 17024K, reserved 1114112K
  class space    used 1234K, committed 1472K, reserved 1048576K
}
Event: 132816.855 GC heap before
{Heap before GC invocations=450 (full 448):
 ZHeap           used 444M, capacity 768M, max capacity 768M
 Metaspace       used 16583K, committed 17024K, reserved 1114112K
  class space    used 1234K, committed 1472K, reserved 1048576K
}
Event: 132816.864 GC heap after
{Heap after GC invocations=451 (full 449):
 ZHeap           used 368M, capacity 768M, max capacity 768M
 Metaspace       used 16583K, committed 17024K, reserved 1114112K
  class space    used 1234K, committed 1472K, reserved 1048576K
}
Event: 132816.864 GC heap before
{Heap before GC invocations=451 (full 449):
 ZHeap           used 368M, capacity 768M, max capacity 768M
 Metaspace       used 16583K, committed 17024K, reserved 1114112K
  class space    used 1234K, committed 1472K, reserved 1048576K
}
Event: 132817.084 GC heap after
{Heap after GC invocations=451 (full 449):
 ZHeap           used 368M, capacity 768M, max capacity 768M
 Metaspace       used 16583K, committed 17024K, reserved 1114112K
  class space    used 1234K, committed 1472K, reserved 1048576K
}
Event: 133117.088 GC heap before
{Heap before GC invocations=451 (full 449):
 ZHeap           used 444M, capacity 768M, max capacity 768M
 Metaspace       used 16583K, committed 17024K, reserved 1114112K
  class space    used 1234K, committed 1472K, reserved 1048576K
}
Event: 133117.097 GC heap after
{Heap after GC invocations=452 (full 450):
 ZHeap           used 366M, capacity 768M, max capacity 768M
 Metaspace       used 16583K, committed 17024K, reserved 1114112K
  class space    used 1234K, committed 1472K, reserved 1048576K
}
Event: 133117.097 GC heap before
{Heap before GC invocations=452 (full 450):
 ZHeap           used 366M, capacity 768M, max capacity 768M
 Metaspace       used 16583K, committed 17024K, reserved 1114112K
  class space    used 1234K, committed 1472K, reserved 1048576K
}
Event: 133117.240 GC heap after
{Heap after GC invocations=452 (full 450):
 ZHeap           used 366M, capacity 768M, max capacity 768M
 Metaspace       used 16583K, committed 17024K, reserved 1114112K
  class space    used 1234K, committed 1472K, reserved 1048576K
}
Event: 133412.557 GC heap before
{Heap before GC invocations=452 (full 450):
 ZHeap           used 444M, capacity 768M, max capacity 768M
 Metaspace       used 16584K, committed 17024K, reserved 1114112K
  class space    used 1234K, committed 1472K, reserved 1048576K
}
Event: 133412.565 GC heap after
{Heap after GC invocations=453 (full 451):
 ZHeap           used 366M, capacity 768M, max capacity 768M
 Metaspace       used 16584K, committed 17024K, reserved 1114112K
  class space    used 1234K, committed 1472K, reserved 1048576K
}
Event: 133412.565 GC heap before
{Heap before GC invocations=453 (full 451):
 ZHeap           used 366M, capacity 768M, max capacity 768M
 Metaspace       used 16584K, committed 17024K, reserved 1114112K
  class space    used 1234K, committed 1472K, reserved 1048576K
}
Event: 133412.799 GC heap after
{Heap after GC invocations=453 (full 451):
 ZHeap           used 366M, capacity 768M, max capacity 768M
 Metaspace       used 16584K, committed 17024K, reserved 1114112K
  class space    used 1234K, committed 1472K, reserved 1048576K
}

Dll operation events (7 events):
Event: 0.001 Loaded shared library /usr/lib/jvm/zulu21-ca-amd64/lib/libjava.so
Event: 0.184 Loaded shared library /usr/lib/jvm/zulu21-ca-amd64/lib/libjsvml.so
Event: 0.198 Loaded shared library /usr/lib/jvm/zulu21-ca-amd64/lib/libnio.so
Event: 0.203 Loaded shared library /usr/lib/jvm/zulu21-ca-amd64/lib/libzip.so
Event: 0.253 Loaded shared library /usr/lib/jvm/zulu21-ca-amd64/lib/libjimage.so
Event: 0.329 Loaded shared library /usr/lib/jvm/zulu21-ca-amd64/lib/libnet.so
Event: 0.339 Loaded shared library /usr/lib/jvm/zulu21-ca-amd64/lib/libextnet.so

Deoptimization events (250 events):
Event: 1036.722 Thread 0x000074b00c49ef50 DEOPT PACKING pc=0x000074affc384088 sp=0x000074afd542e780
Event: 1036.722 Thread 0x000074b00c49ef50 DEOPT UNPACKING pc=0x000074affbab2899 sp=0x000074afd542e750 mode 2
Event: 1249.150 Thread 0x000074aa686a1a70 DEOPT PACKING pc=0x000074aff4b0847f sp=0x000074ab08246790
Event: 1249.150 Thread 0x000074aa686a1a70 DEOPT UNPACKING pc=0x000074affbab302f sp=0x000074ab08245d20 mode 0
Event: 1525.455 Thread 0x000074aadc0012b0 Uncommon trap: trap_request=0xffffff45 fr.pc=0x000074affc488cac relative=0x000000000000020c
Event: 1525.455 Thread 0x000074aadc0012b0 Uncommon trap: reason=unstable_if action=reinterpret pc=0x000074affc488cac method=io.aeron.logbuffer.TermBlockScanner.scan(Lorg/agrona/concurrent/UnsafeBuffer;II)I @ 4 c2
Event: 1525.455 Thread 0x000074aadc0012b0 DEOPT PACKING pc=0x000074affc488cac sp=0x000074afd4b2c770
Event: 1525.455 Thread 0x000074aadc0012b0 DEOPT UNPACKING pc=0x000074affbab2899 sp=0x000074afd4b2c618 mode 2
Event: 1525.455 Thread 0x000074aadc0012b0 Uncommon trap: trap_request=0xffffff45 fr.pc=0x000074affc43997c relative=0x0000000000001edc
Event: 1525.455 Thread 0x000074aadc0012b0 Uncommon trap: reason=unstable_if action=reinterpret pc=0x000074affc43997c method=io.aeron.archive.RecordingWriter.onBlock(Lorg/agrona/DirectBuffer;IIII)V @ 229 c2
Event: 1525.455 Thread 0x000074aadc0012b0 DEOPT PACKING pc=0x000074affc43997c sp=0x000074afd4b2c600
Event: 1525.455 Thread 0x000074aadc0012b0 DEOPT UNPACKING pc=0x000074affbab2899 sp=0x000074afd4b2c5d8 mode 2
Event: 1525.477 Thread 0x000074b00c84f8a0 Uncommon trap: trap_request=0xffffff45 fr.pc=0x000074affc33c2b8 relative=0x0000000000005c98
Event: 1525.477 Thread 0x000074b00c84f8a0 Uncommon trap: reason=unstable_if action=reinterpret pc=0x000074affc33c2b8 method=com.match.infrastructure.generated.MessageHeaderDecoder.wrap(Lorg/agrona/DirectBuffer;I)Lcom/match/infrastructure/generated/MessageHeaderDecoder; @ 5 c2
Event: 1525.477 Thread 0x000074b00c84f8a0 DEOPT PACKING pc=0x000074affc33c2b8 sp=0x000074ab08d09600
Event: 1525.477 Thread 0x000074b00c84f8a0 DEOPT UNPACKING pc=0x000074affbab2899 sp=0x000074ab08d09450 mode 2
Event: 1730.587 Thread 0x000074b00c616f60 Uncommon trap: trap_request=0xffffff45 fr.pc=0x000074affc3271ec relative=0x000000000000268c
Event: 1730.587 Thread 0x000074b00c616f60 Uncommon trap: reason=unstable_if action=reinterpret pc=0x000074affc3271ec method=io.aeron.archive.ControlSessionAdapter.onFragment(Lorg/agrona/DirectBuffer;IILio/aeron/logbuffer/Header;)V @ 55 c2
Event: 1730.587 Thread 0x000074b00c616f60 DEOPT PACKING pc=0x000074affc3271ec sp=0x000074afd4c2c630
Event: 1730.587 Thread 0x000074b00c616f60 DEOPT UNPACKING pc=0x000074affbab2899 sp=0x000074afd4c2c580 mode 2
Event: 1730.587 Thread 0x000074b00c616f60 Uncommon trap: trap_request=0xffffff45 fr.pc=0x000074affc1d35f0 relative=0x0000000000000070
Event: 1730.587 Thread 0x000074b00c616f60 Uncommon trap: reason=unstable_if action=reinterpret pc=0x000074affc1d35f0 method=java.util.ArrayDeque.isEmpty()Z @ 8 c2
Event: 1730.587 Thread 0x000074b00c616f60 DEOPT PACKING pc=0x000074affc1d35f0 sp=0x000074afd4c2c2d0
Event: 1730.587 Thread 0x000074b00c616f60 DEOPT UNPACKING pc=0x000074affbab2899 sp=0x000074afd4c2c288 mode 2
Event: 2671.851 Thread 0x000074a9d80073f0 Uncommon trap: trap_request=0xffffff6e fr.pc=0x000074affc2091b0 relative=0x00000000000001f0
Event: 2671.851 Thread 0x000074a9d80073f0 Uncommon trap: reason=loop_limit_check action=maybe_recompile pc=0x000074affc2091b0 method=org.agrona.collections.Int2ObjectHashMap$AbstractIterator.findNext()V @ 44 c2
Event: 2671.851 Thread 0x000074a9d80073f0 DEOPT PACKING pc=0x000074affc2091b0 sp=0x000074afd5b2e290
Event: 2671.851 Thread 0x000074a9d80073f0 DEOPT UNPACKING pc=0x000074affbab2899 sp=0x000074afd5b2e228 mode 2
Event: 2756.735 Thread 0x000074b00c84f8a0 Uncommon trap: trap_request=0xffffff45 fr.pc=0x000074affc2e3140 relative=0x0000000000001140
Event: 2756.735 Thread 0x000074b00c84f8a0 Uncommon trap: reason=unstable_if action=reinterpret pc=0x000074affc2e3140 method=com.lmax.disruptor.SingleProducerSequencer.next(I)J @ 78 c2
Event: 2756.735 Thread 0x000074b00c84f8a0 DEOPT PACKING pc=0x000074affc2e3140 sp=0x000074ab08d092c0
Event: 2756.735 Thread 0x000074b00c84f8a0 DEOPT UNPACKING pc=0x000074affbab2899 sp=0x000074ab08d08ed0 mode 2
Event: 3096.350 Thread 0x000074aa686a0310 Uncommon trap: trap_request=0xffffff6e fr.pc=0x000074affc4080ac relative=0x0000000000000d0c
Event: 3096.350 Thread 0x000074aa686a0310 Uncommon trap: reason=loop_limit_check action=maybe_recompile pc=0x000074affc4080ac method=org.agrona.collections.Long2ObjectHashMap$AbstractIterator.findNext()V @ 44 c2
Event: 3096.350 Thread 0x000074aa686a0310 DEOPT PACKING pc=0x000074affc4080ac sp=0x000074ab08346770
Event: 3096.351 Thread 0x000074aa686a0310 DEOPT UNPACKING pc=0x000074affbab2899 sp=0x000074ab08346648 mode 2
Event: 3096.351 Thread 0x000074aa686a0310 Uncommon trap: trap_request=0xffffff6e fr.pc=0x000074affc2d3f28 relative=0x0000000000000668
Event: 3096.351 Thread 0x000074aa686a0310 Uncommon trap: reason=loop_limit_check action=maybe_recompile pc=0x000074affc2d3f28 method=org.agrona.collections.Long2ObjectHashMap$AbstractIterator.findNext()V @ 44 c2
Event: 3096.351 Thread 0x000074aa686a0310 DEOPT PACKING pc=0x000074affc2d3f28 sp=0x000074ab08346770
Event: 3096.351 Thread 0x000074aa686a0310 DEOPT UNPACKING pc=0x000074affbab2899 sp=0x000074ab08346658 mode 2
Event: 3631.851 Thread 0x000074aa686bd420 Uncommon trap: trap_request=0xffffff76 fr.pc=0x000074affc3ebf94 relative=0x00000000000001d4
Event: 3631.851 Thread 0x000074aa686bd420 Uncommon trap: reason=predicate action=maybe_recompile pc=0x000074affc3ebf94 method=java.util.HashMap.keysToArray([Ljava/lang/Object;)[Ljava/lang/Object; @ 48 c2
Event: 3631.851 Thread 0x000074aa686bd420 DEOPT PACKING pc=0x000074affc3ebf94 sp=0x000074aad91fd780
Event: 3631.851 Thread 0x000074aa686bd420 DEOPT UNPACKING pc=0x000074affbab2899 sp=0x000074aad91fd728 mode 2
Event: 3741.851 Thread 0x000074aa686bd420 Uncommon trap: trap_request=0xffffffd6 fr.pc=0x000074affc477b94 relative=0x00000000000002b4
Event: 3741.851 Thread 0x000074aa686bd420 Uncommon trap: reason=array_check action=maybe_recompile pc=0x000074affc477b94 method=java.util.HashMap.keysToArray([Ljava/lang/Object;)[Ljava/lang/Object; @ 62 c2
Event: 3741.851 Thread 0x000074aa686bd420 DEOPT PACKING pc=0x000074affc477b94 sp=0x000074aad91fd780
Event: 3741.851 Thread 0x000074aa686bd420 DEOPT UNPACKING pc=0x000074affbab2899 sp=0x000074aad91fd718 mode 2
Event: 3746.851 Thread 0x000074aa686bd420 Uncommon trap: trap_request=0xffffffd6 fr.pc=0x000074affc477b94 relative=0x00000000000002b4
Event: 3746.851 Thread 0x000074aa686bd420 Uncommon trap: reason=array_check action=maybe_recompile pc=0x000074affc477b94 method=java.util.HashMap.keysToArray([Ljava/lang/Object;)[Ljava/lang/Object; @ 62 c2
Event: 3746.851 Thread 0x000074aa686bd420 DEOPT PACKING pc=0x000074affc477b94 sp=0x000074aad91fd780
Event: 3746.851 Thread 0x000074aa686bd420 DEOPT UNPACKING pc=0x000074affbab2899 sp=0x000074aad91fd718 mode 2
Event: 3751.851 Thread 0x000074aa686bd420 Uncommon trap: trap_request=0xffffffd6 fr.pc=0x000074affc477b94 relative=0x00000000000002b4
Event: 3751.851 Thread 0x000074aa686bd420 Uncommon trap: reason=array_check action=maybe_recompile pc=0x000074affc477b94 method=java.util.HashMap.keysToArray([Ljava/lang/Object;)[Ljava/lang/Object; @ 62 c2
Event: 3751.851 Thread 0x000074aa686bd420 DEOPT PACKING pc=0x000074affc477b94 sp=0x000074aad91fd780
Event: 3751.851 Thread 0x000074aa686bd420 DEOPT UNPACKING pc=0x000074affbab2899 sp=0x000074aad91fd718 mode 2
Event: 3756.851 Thread 0x000074aa686bd420 Uncommon trap: trap_request=0xffffffd6 fr.pc=0x000074affc477b94 relative=0x00000000000002b4
Event: 3756.851 Thread 0x000074aa686bd420 Uncommon trap: reason=array_check action=maybe_recompile pc=0x000074affc477b94 method=java.util.HashMap.keysToArray([Ljava/lang/Object;)[Ljava/lang/Object; @ 62 c2
Event: 3756.851 Thread 0x000074aa686bd420 DEOPT PACKING pc=0x000074affc477b94 sp=0x000074aad91fd780
Event: 3756.851 Thread 0x000074aa686bd420 DEOPT UNPACKING pc=0x000074affbab2899 sp=0x000074aad91fd718 mode 2
Event: 4326.851 Thread 0x000074a9d80073f0 Uncommon trap: trap_request=0xffffffde fr.pc=0x000074affc207a38 relative=0x0000000000000118
Event: 4326.851 Thread 0x000074a9d80073f0 Uncommon trap: reason=class_check action=maybe_recompile pc=0x000074affc207a38 method=jdk.internal.misc.Unsafe.allocateUninitializedArray(Ljava/lang/Class;I)Ljava/lang/Object; @ 51 c2
Event: 4326.851 Thread 0x000074a9d80073f0 DEOPT PACKING pc=0x000074affc207a38 sp=0x000074afd5b2e290
Event: 4326.851 Thread 0x000074a9d80073f0 DEOPT UNPACKING pc=0x000074affbab2899 sp=0x000074afd5b2e228 mode 2
Event: 4326.851 Thread 0x000074a9d80073f0 Uncommon trap: trap_request=0xffffffde fr.pc=0x000074affc207a38 relative=0x0000000000000118
Event: 4326.851 Thread 0x000074a9d80073f0 Uncommon trap: reason=class_check action=maybe_recompile pc=0x000074affc207a38 method=jdk.internal.misc.Unsafe.allocateUninitializedArray(Ljava/lang/Class;I)Ljava/lang/Object; @ 51 c2
Event: 4326.851 Thread 0x000074a9d80073f0 DEOPT PACKING pc=0x000074affc207a38 sp=0x000074afd5b2e290
Event: 4326.851 Thread 0x000074a9d80073f0 DEOPT UNPACKING pc=0x000074affbab2899 sp=0x000074afd5b2e228 mode 2
Event: 4331.851 Thread 0x000074a9d80073f0 Uncommon trap: trap_request=0xffffffde fr.pc=0x000074affc207a38 relative=0x0000000000000118
Event: 4331.851 Thread 0x000074a9d80073f0 Uncommon trap: reason=class_check action=maybe_recompile pc=0x000074affc207a38 method=jdk.internal.misc.Unsafe.allocateUninitializedArray(Ljava/lang/Class;I)Ljava/lang/Object; @ 51 c2
Event: 4331.851 Thread 0x000074a9d80073f0 DEOPT PACKING pc=0x000074affc207a38 sp=0x000074afd5b2e290
Event: 4331.851 Thread 0x000074a9d80073f0 DEOPT UNPACKING pc=0x000074affbab2899 sp=0x000074afd5b2e228 mode 2
Event: 4331.851 Thread 0x000074a9d80073f0 Uncommon trap: trap_request=0xffffffde fr.pc=0x000074affc207a38 relative=0x0000000000000118
Event: 4331.851 Thread 0x000074a9d80073f0 Uncommon trap: reason=class_check action=maybe_recompile pc=0x000074affc207a38 method=jdk.internal.misc.Unsafe.allocateUninitializedArray(Ljava/lang/Class;I)Ljava/lang/Object; @ 51 c2
Event: 4331.851 Thread 0x000074a9d80073f0 DEOPT PACKING pc=0x000074affc207a38 sp=0x000074afd5b2e290
Event: 4331.851 Thread 0x000074a9d80073f0 DEOPT UNPACKING pc=0x000074affbab2899 sp=0x000074afd5b2e228 mode 2
Event: 4588.725 Thread 0x000074b00c84f8a0 Uncommon trap: trap_request=0xffffff45 fr.pc=0x000074affc300dbc relative=0x00000000000056fc
Event: 4588.725 Thread 0x000074b00c84f8a0 Uncommon trap: reason=unstable_if action=reinterpret pc=0x000074affc300dbc method=com.lmax.disruptor.SingleProducerSequencer.next(I)J @ 78 c2
Event: 4588.725 Thread 0x000074b00c84f8a0 DEOPT PACKING pc=0x000074affc300dbc sp=0x000074ab08d09380
Event: 4588.725 Thread 0x000074b00c84f8a0 DEOPT UNPACKING pc=0x000074affbab2899 sp=0x000074ab08d090f8 mode 2
Event: 4729.961 Thread 0x000074b00c49ddc0 DEOPT PACKING pc=0x000074aff48b5f30 sp=0x000074afd552e300
Event: 4729.961 Thread 0x000074b00c49ddc0 DEOPT UNPACKING pc=0x000074affbab302f sp=0x000074afd552d810 mode 0
Event: 5027.269 Thread 0x000074b00c69ab50 DEOPT PACKING pc=0x000074aff4820452 sp=0x000074afd46682c0
Event: 5027.269 Thread 0x000074b00c69ab50 DEOPT UNPACKING pc=0x000074affbab302f sp=0x000074afd46677e0 mode 0
Event: 6191.750 Thread 0x000074aa6869d440 Uncommon trap: trap_request=0xffffff45 fr.pc=0x000074affc4498a8 relative=0x0000000000000a48
Event: 6191.750 Thread 0x000074aa6869d440 Uncommon trap: reason=unstable_if action=reinterpret pc=0x000074affc4498a8 method=java.util.concurrent.ArrayBlockingQueue.enqueue(Ljava/lang/Object;)V @ 25 c2
Event: 6191.750 Thread 0x000074aa6869d440 DEOPT PACKING pc=0x000074affc4498a8 sp=0x000074ab08546760
Event: 6191.750 Thread 0x000074aa6869d440 DEOPT UNPACKING pc=0x000074affbab2899 sp=0x000074ab08546628 mode 2
Event: 7266.851 Thread 0x000074a9d80073f0 Uncommon trap: trap_request=0xffffff45 fr.pc=0x000074affc2ac1dc relative=0x0000000000000b7c
Event: 7266.851 Thread 0x000074a9d80073f0 Uncommon trap: reason=unstable_if action=reinterpret pc=0x000074affc2ac1dc method=jdk.internal.math.DoubleToDecimal.toChars(JILjdk/internal/math/FormattedFPDecimal;)I @ 19 c2
Event: 7266.851 Thread 0x000074a9d80073f0 DEOPT PACKING pc=0x000074affc2ac1dc sp=0x000074afd5b2e380
Event: 7266.851 Thread 0x000074a9d80073f0 DEOPT UNPACKING pc=0x000074affbab2899 sp=0x000074afd5b2e1b8 mode 2
Event: 7362.576 Thread 0x000074b00c4a09b0 Uncommon trap: trap_request=0xffffff45 fr.pc=0x000074affc2290c0 relative=0x0000000000001360
Event: 7362.576 Thread 0x000074b00c4a09b0 Uncommon trap: reason=unstable_if action=reinterpret pc=0x000074affc2290c0 method=io.aeron.protocol.DataHeaderFlyweight.isHeartbeat(Lorg/agrona/concurrent/UnsafeBuffer;I)Z @ 11 c2
Event: 7362.576 Thread 0x000074b00c4a09b0 DEOPT PACKING pc=0x000074affc2290c0 sp=0x000074afd532e5c0
Event: 7362.576 Thread 0x000074b00c4a09b0 DEOPT UNPACKING pc=0x000074affbab2899 sp=0x000074afd532e4d0 mode 2
Event: 7362.576 Thread 0x000074b00c69ab50 Uncommon trap: trap_request=0xffffff45 fr.pc=0x000074affc216d7c relative=0x00000000000000dc
Event: 7362.576 Thread 0x000074b00c69ab50 Uncommon trap: reason=unstable_if action=reinterpret pc=0x000074affc216d7c method=io.aeron.logbuffer.FrameDescriptor.isPaddingFrame(Lorg/agrona/concurrent/UnsafeBuffer;I)Z @ 8 c2
Event: 7362.576 Thread 0x000074b00c69ab50 DEOPT PACKING pc=0x000074affc216d7c sp=0x000074afd4668750
Event: 7362.576 Thread 0x000074b00c69ab50 DEOPT UNPACKING pc=0x000074affbab2899 sp=0x000074afd4668710 mode 2
Event: 7362.576 Thread 0x000074b00c69ab50 Uncommon trap: trap_request=0xffffff45 fr.pc=0x000074affc372534 relative=0x0000000000000714
Event: 7362.576 Thread 0x000074b00c69ab50 Uncommon trap: reason=unstable_if action=reinterpret pc=0x000074affc372534 method=io.aeron.Image.poll(Lio/aeron/logbuffer/FragmentHandler;I)I @ 72 c2
Event: 7362.576 Thread 0x000074b00c69ab50 DEOPT PACKING pc=0x000074affc372534 sp=0x000074afd4668790
Event: 7362.576 Thread 0x000074b00c69ab50 DEOPT UNPACKING pc=0x000074affbab2899 sp=0x000074afd4668698 mode 2
Event: 7362.579 Thread 0x000074b00c69ab50 Uncommon trap: trap_request=0xffffff45 fr.pc=0x000074affc454a4c relative=0x00000000000008ac
Event: 7362.579 Thread 0x000074b00c69ab50 Uncommon trap: reason=unstable_if action=reinterpret pc=0x000074affc454a4c method=io.aeron.cluster.codecs.CommitPositionDecoder.wrap(Lorg/agrona/DirectBuffer;III)Lio/aeron/cluster/codecs/CommitPositionDecoder; @ 5 c2
Event: 7362.579 Thread 0x000074b00c69ab50 DEOPT PACKING pc=0x000074affc454a4c sp=0x000074afd4668630
Event: 7362.579 Thread 0x000074b00c69ab50 DEOPT UNPACKING pc=0x000074affbab2899 sp=0x000074afd46684f0 mode 2
Event: 7427.947 Thread 0x000074b00c69ab50 Uncommon trap: trap_request=0xffffff45 fr.pc=0x000074affc3fbe50 relative=0x0000000000000610
Event: 7427.947 Thread 0x000074b00c69ab50 Uncommon trap: reason=unstable_if action=reinterpret pc=0x000074affc3fbe50 method=io.aeron.ExclusivePublication.claim(Lorg/agrona/concurrent/UnsafeBuffer;IILio/aeron/logbuffer/BufferClaim;)I @ 51 c2
Event: 7427.947 Thread 0x000074b00c69ab50 DEOPT PACKING pc=0x000074affc3fbe50 sp=0x000074afd46686e0
Event: 7427.947 Thread 0x000074b00c69ab50 DEOPT UNPACKING pc=0x000074affbab2899 sp=0x000074afd46685e8 mode 2
Event: 7427.947 Thread 0x000074b00c69ab50 Uncommon trap: trap_request=0xffffff45 fr.pc=0x000074affc451844 relative=0x0000000000000784
Event: 7427.947 Thread 0x000074b00c69ab50 Uncommon trap: reason=unstable_if action=reinterpret pc=0x000074affc451844 method=io.aeron.cluster.ConsensusPublisher.appendPosition(Lio/aeron/ExclusivePublication;JJIS)Z @ 30 c2
Event: 7427.947 Thread 0x000074b00c69ab50 DEOPT PACKING pc=0x000074affc451844 sp=0x000074afd4668760
Event: 7427.947 Thread 0x000074b00c69ab50 DEOPT UNPACKING pc=0x000074affbab2899 sp=0x000074afd4668700 mode 2
Event: 7427.947 Thread 0x000074b00c49ddc0 Uncommon trap: trap_request=0xffffff45 fr.pc=0x000074affc44ef80 relative=0x0000000000000080
Event: 7427.947 Thread 0x000074b00c49ddc0 Uncommon trap: reason=unstable_if action=reinterpret pc=0x000074affc44ef80 method=io.aeron.driver.NetworkPublication.cleanBufferTo(J)V @ 8 c2
Event: 7427.947 Thread 0x000074b00c49ddc0 DEOPT PACKING pc=0x000074affc44ef80 sp=0x000074afd552e760
Event: 7427.947 Thread 0x000074b00c49ddc0 DEOPT UNPACKING pc=0x000074affbab2899 sp=0x000074afd552e6e8 mode 2
Event: 8137.582 Thread 0x000074b00c84f8a0 Uncommon trap: trap_request=0xffffff45 fr.pc=0x000074affc4b1acc relative=0x00000000000011ec
Event: 8137.582 Thread 0x000074b00c84f8a0 Uncommon trap: reason=unstable_if action=reinterpret pc=0x000074affc4b1acc method=com.match.application.orderbook.ArrayMatchingEngine.collectSide(Lcom/match/application/orderbook/ArrayOrderBook;[J[J[I)I @ 18 c2
Event: 8137.582 Thread 0x000074b00c84f8a0 DEOPT PACKING pc=0x000074affc4b1acc sp=0x000074ab08d09570
Event: 8137.582 Thread 0x000074b00c84f8a0 DEOPT UNPACKING pc=0x000074affbab2899 sp=0x000074ab08d094a0 mode 2
Event: 8321.852 Thread 0x000074a9d80073f0 Uncommon trap: trap_request=0xffffffbe fr.pc=0x000074affc45d454 relative=0x0000000000001054
Event: 8321.852 Thread 0x000074a9d80073f0 Uncommon trap: reason=profile_predicate action=maybe_recompile pc=0x000074affc45d454 method=java.util.Map.forEach(Ljava/util/function/BiConsumer;)V @ 23 c2
Event: 8321.852 Thread 0x000074a9d80073f0 DEOPT PACKING pc=0x000074affc45d454 sp=0x000074afd5b2e500
Event: 8321.852 Thread 0x000074a9d80073f0 DEOPT UNPACKING pc=0x000074affbab2899 sp=0x000074afd5b2e4c8 mode 2
Event: 8326.852 Thread 0x000074a9d80073f0 Uncommon trap: trap_request=0xffffffbe fr.pc=0x000074affc45d454 relative=0x0000000000001054
Event: 8326.852 Thread 0x000074a9d80073f0 Uncommon trap: reason=profile_predicate action=maybe_recompile pc=0x000074affc45d454 method=java.util.Map.forEach(Ljava/util/function/BiConsumer;)V @ 23 c2
Event: 8326.852 Thread 0x000074a9d80073f0 DEOPT PACKING pc=0x000074affc45d454 sp=0x000074afd5b2e500
Event: 8326.852 Thread 0x000074a9d80073f0 DEOPT UNPACKING pc=0x000074affbab2899 sp=0x000074afd5b2e4c8 mode 2
Event: 8331.852 Thread 0x000074a9d80073f0 Uncommon trap: trap_request=0xffffffbe fr.pc=0x000074affc45d454 relative=0x0000000000001054
Event: 8331.852 Thread 0x000074a9d80073f0 Uncommon trap: reason=profile_predicate action=maybe_recompile pc=0x000074affc45d454 method=java.util.Map.forEach(Ljava/util/function/BiConsumer;)V @ 23 c2
Event: 8331.852 Thread 0x000074a9d80073f0 DEOPT PACKING pc=0x000074affc45d454 sp=0x000074afd5b2e500
Event: 8331.852 Thread 0x000074a9d80073f0 DEOPT UNPACKING pc=0x000074affbab2899 sp=0x000074afd5b2e4c8 mode 2
Event: 8336.851 Thread 0x000074a9d80073f0 Uncommon trap: trap_request=0xffffffbe fr.pc=0x000074affc45d454 relative=0x0000000000001054
Event: 8336.851 Thread 0x000074a9d80073f0 Uncommon trap: reason=profile_predicate action=maybe_recompile pc=0x000074affc45d454 method=java.util.Map.forEach(Ljava/util/function/BiConsumer;)V @ 23 c2
Event: 8336.851 Thread 0x000074a9d80073f0 DEOPT PACKING pc=0x000074affc45d454 sp=0x000074afd5b2e500
Event: 8336.851 Thread 0x000074a9d80073f0 DEOPT UNPACKING pc=0x000074affbab2899 sp=0x000074afd5b2e4c8 mode 2
Event: 9638.983 Thread 0x000074aadc0012b0 Uncommon trap: trap_request=0xffffff45 fr.pc=0x000074affc1abd30 relative=0x0000000000000790
Event: 9638.983 Thread 0x000074aadc0012b0 Uncommon trap: reason=unstable_if action=reinterpret pc=0x000074affc1abd30 method=io.aeron.logbuffer.TermBlockScanner.scan(Lorg/agrona/concurrent/UnsafeBuffer;II)I @ 36 c2
Event: 9638.983 Thread 0x000074aadc0012b0 DEOPT PACKING pc=0x000074affc1abd30 sp=0x000074afd4b2c770
Event: 9638.983 Thread 0x000074aadc0012b0 DEOPT UNPACKING pc=0x000074affbab2899 sp=0x000074afd4b2c620 mode 2
Event: 9638.983 Thread 0x000074aadc0012b0 Uncommon trap: trap_request=0xffffff45 fr.pc=0x000074affc2f89f4 relative=0x0000000000000bb4
Event: 9638.983 Thread 0x000074aadc0012b0 Uncommon trap: reason=unstable_if action=reinterpret pc=0x000074affc2f89f4 method=io.aeron.archive.RecordingWriter.onBlock(Lorg/agrona/DirectBuffer;IIII)V @ 10 c2
Event: 9638.983 Thread 0x000074aadc0012b0 DEOPT PACKING pc=0x000074affc2f89f4 sp=0x000074afd4b2c620
Event: 9638.983 Thread 0x000074aadc0012b0 DEOPT UNPACKING pc=0x000074affbab2899 sp=0x000074afd4b2c5e0 mode 2
Event: 9638.983 Thread 0x000074b00c69ab50 Uncommon trap: trap_request=0xffffff45 fr.pc=0x000074affc48c0cc relative=0x000000000000082c
Event: 9638.983 Thread 0x000074b00c69ab50 Uncommon trap: reason=unstable_if action=reinterpret pc=0x000074affc48c0cc method=io.aeron.Image.boundedControlledPoll(Lio/aeron/logbuffer/ControlledFragmentHandler;JI)I @ 155 c2
Event: 9638.983 Thread 0x000074b00c69ab50 DEOPT PACKING pc=0x000074affc48c0cc sp=0x000074afd4668730
Event: 9638.983 Thread 0x000074b00c69ab50 DEOPT UNPACKING pc=0x000074affbab2899 sp=0x000074afd46686b8 mode 2
Event: 10075.926 Thread 0x000074b00c80ca70 Uncommon trap: trap_request=0xffffff45 fr.pc=0x000074affc2deab4 relative=0x0000000000000814
Event: 10075.926 Thread 0x000074b00c80ca70 Uncommon trap: reason=unstable_if action=reinterpret pc=0x000074affc2deab4 method=io.aeron.ExclusivePublication.appendUnfragmentedMessage(ILorg/agrona/concurrent/UnsafeBuffer;Lorg/agrona/DirectBuffer;IILio/aeron/ReservedValueSupplier;)I @ 52 c2
Event: 10075.926 Thread 0x000074b00c80ca70 DEOPT PACKING pc=0x000074affc2deab4 sp=0x000074afd42666c0
Event: 10075.926 Thread 0x000074b00c80ca70 DEOPT UNPACKING pc=0x000074affbab2899 sp=0x000074afd4266660 mode 2
Event: 10075.926 Thread 0x000074b00c80ca70 Uncommon trap: trap_request=0xffffff45 fr.pc=0x000074affc40bcbc relative=0x00000000000001dc
Event: 10075.926 Thread 0x000074b00c80ca70 Uncommon trap: reason=unstable_if action=reinterpret pc=0x000074affc40bcbc method=io.aeron.ExclusivePublication.newPosition(I)J @ 1 c2
Event: 10075.926 Thread 0x000074b00c80ca70 DEOPT PACKING pc=0x000074affc40bcbc sp=0x000074afd4266740
Event: 10075.926 Thread 0x000074b00c80ca70 DEOPT UNPACKING pc=0x000074affbab2899 sp=0x000074afd4266658 mode 2
Event: 10075.926 Thread 0x000074b00c80ca70 Uncommon trap: trap_request=0xffffff45 fr.pc=0x000074affc3958a4 relative=0x0000000000000764
Event: 10075.926 Thread 0x000074b00c80ca70 Uncommon trap: reason=unstable_if action=reinterpret pc=0x000074affc3958a4 method=com.match.infrastructure.journal.JournalWriterAgent.onRingMessage(ILorg/agrona/MutableDirectBuffer;II)V @ 16 c2
Event: 10075.926 Thread 0x000074b00c80ca70 DEOPT PACKING pc=0x000074affc3958a4 sp=0x000074afd42667d0
Event: 10075.926 Thread 0x000074b00c80ca70 DEOPT UNPACKING pc=0x000074affbab2899 sp=0x000074afd4266640 mode 2
Event: 10075.926 Thread 0x000074b00c80ca70 Uncommon trap: trap_request=0xffffffc6 fr.pc=0x000074affc417e0c relative=0x000000000000036c
Event: 10075.926 Thread 0x000074b00c80ca70 Uncommon trap: reason=bimorphic_or_optimized_type_check action=maybe_recompile pc=0x000074affc417e0c method=sun.nio.ch.IOUtil.writeFromNativeBuffer(Ljava/io/FileDescriptor;Ljava/nio/ByteBuffer;JZZILsun/nio/ch/NativeDispatcher;)I @ 130 c2
Event: 10075.926 Thread 0x000074b00c80ca70 DEOPT PACKING pc=0x000074affc417e0c sp=0x000074afd4266320
Event: 10075.926 Thread 0x000074b00c80ca70 DEOPT UNPACKING pc=0x000074affbab2899 sp=0x000074afd42662b8 mode 2
Event: 14949.715 Thread 0x000074b00c84f8a0 Uncommon trap: trap_request=0xffffff45 fr.pc=0x000074affc2d553c relative=0x000000000000037c
Event: 14949.715 Thread 0x000074b00c84f8a0 Uncommon trap: reason=unstable_if action=reinterpret pc=0x000074affc2d553c method=org.agrona.concurrent.ringbuffer.OneToOneRingBuffer.claimCapacity(Lorg/agrona/concurrent/AtomicBuffer;I)I @ 72 c2
Event: 14949.715 Thread 0x000074b00c84f8a0 DEOPT PACKING pc=0x000074affc2d553c sp=0x000074ab08d09330
Event: 14949.715 Thread 0x000074b00c84f8a0 DEOPT UNPACKING pc=0x000074affbab2899 sp=0x000074ab08d09280 mode 2
Event: 14949.716 Thread 0x000074b00c80ca70 Uncommon trap: trap_request=0xffffff45 fr.pc=0x000074affc439950 relative=0x0000000000001970
Event: 14949.716 Thread 0x000074b00c80ca70 Uncommon trap: reason=unstable_if action=reinterpret pc=0x000074affc439950 method=org.agrona.concurrent.ringbuffer.OneToOneRingBuffer.read(Lorg/agrona/concurrent/MessageHandler;I)I @ 121 c2
Event: 14949.716 Thread 0x000074b00c80ca70 DEOPT PACKING pc=0x000074affc439950 sp=0x000074afd4266770
Event: 14949.716 Thread 0x000074b00c80ca70 DEOPT UNPACKING pc=0x000074affbab2899 sp=0x000074afd4266758 mode 2
Event: 16126.941 Thread 0x000074b00c616f60 DEOPT PACKING pc=0x000074aff497473b sp=0x000074afd4c2c170
Event: 16126.941 Thread 0x000074b00c616f60 DEOPT UNPACKING pc=0x000074affbab302f sp=0x000074afd4c2b6a0 mode 0
Event: 16127.135 Thread 0x000074b00c84f8a0 DEOPT PACKING pc=0x000074aff48b3f1f sp=0x000074ab08d09290
Event: 16127.135 Thread 0x000074b00c84f8a0 DEOPT UNPACKING pc=0x000074affbab302f sp=0x000074ab08d087c8 mode 0
Event: 19726.910 Thread 0x000074b00c84f8a0 Uncommon trap: trap_request=0xffffff45 fr.pc=0x000074affc239dac relative=0x000000000000024c
Event: 19726.910 Thread 0x000074b00c84f8a0 Uncommon trap: reason=unstable_if action=reinterpret pc=0x000074affc239dac method=java.util.concurrent.locks.ReentrantLock$Sync.lock()V @ 4 c2
Event: 19726.910 Thread 0x000074b00c84f8a0 DEOPT PACKING pc=0x000074affc239dac sp=0x000074ab08d090a0
Event: 19726.910 Thread 0x000074b00c84f8a0 DEOPT UNPACKING pc=0x000074affbab2899 sp=0x000074ab08d08ff8 mode 2
Event: 19726.910 Thread 0x000074b00c84f8a0 Uncommon trap: trap_request=0xffffff45 fr.pc=0x000074affc3f5830 relative=0x0000000000000170
Event: 19726.910 Thread 0x000074b00c84f8a0 Uncommon trap: reason=unstable_if action=reinterpret pc=0x000074affc3f5830 method=java.util.concurrent.locks.AbstractQueuedSynchronizer.acquire(Ljava/util/concurrent/locks/AbstractQueuedSynchronizer$Node;IZZZJ)I @ 26 c2
Event: 19726.910 Thread 0x000074b00c84f8a0 DEOPT PACKING pc=0x000074affc3f5830 sp=0x000074ab08d08f10
Event: 19726.910 Thread 0x000074b00c84f8a0 DEOPT UNPACKING pc=0x000074affbab2899 sp=0x000074ab08d08ea8 mode 2
Event: 19726.910 Thread 0x000074b00c80f110 Uncommon trap: trap_request=0xffffff45 fr.pc=0x000074affc249e98 relative=0x00000000000001f8
Event: 19726.910 Thread 0x000074b00c80f110 Uncommon trap: reason=unstable_if action=reinterpret pc=0x000074affc249e98 method=java.util.concurrent.locks.AbstractQueuedSynchronizer.signalNext(Ljava/util/concurrent/locks/AbstractQueuedSynchronizer$Node;)V @ 1 c2
Event: 19726.910 Thread 0x000074b00c80f110 DEOPT PACKING pc=0x000074affc249e98 sp=0x000074ab091fc830
Event: 19726.910 Thread 0x000074b00c80f110 DEOPT UNPACKING pc=0x000074affbab2899 sp=0x000074ab091fc6b8 mode 2
Event: 20576.326 Thread 0x000074b00c80ca70 Uncommon trap: trap_request=0xffffffc6 fr.pc=0x000074affc417e0c relative=0x000000000000036c
Event: 20576.326 Thread 0x000074b00c80ca70 Uncommon trap: reason=bimorphic_or_optimized_type_check action=maybe_recompile pc=0x000074affc417e0c method=sun.nio.ch.IOUtil.writeFromNativeBuffer(Ljava/io/FileDescriptor;Ljava/nio/ByteBuffer;JZZILsun/nio/ch/NativeDispatcher;)I @ 130 c2
Event: 20576.326 Thread 0x000074b00c80ca70 DEOPT PACKING pc=0x000074affc417e0c sp=0x000074afd4266430
Event: 20576.326 Thread 0x000074b00c80ca70 DEOPT UNPACKING pc=0x000074affbab2899 sp=0x000074afd42663c8 mode 2
Event: 27955.130 Thread 0x000074aa6869d440 Uncommon trap: trap_request=0xffffff45 fr.pc=0x000074affc3a6bf4 relative=0x0000000000000c74
Event: 27955.130 Thread 0x000074aa6869d440 Uncommon trap: reason=unstable_if action=reinterpret pc=0x000074affc3a6bf4 method=java.util.concurrent.locks.ReentrantLock$Sync.lock()V @ 4 c2
Event: 27955.130 Thread 0x000074aa6869d440 DEOPT PACKING pc=0x000074affc3a6bf4 sp=0x000074ab08546760
Event: 27955.130 Thread 0x000074aa6869d440 DEOPT UNPACKING pc=0x000074affbab2899 sp=0x000074ab085465e0 mode 2
Event: 31210.530 Thread 0x000074b00c80ca70 Uncommon trap: trap_request=0xffffffc6 fr.pc=0x000074affc417e0c relative=0x000000000000036c
Event: 31210.530 Thread 0x000074b00c80ca70 Uncommon trap: reason=bimorphic_or_optimized_type_check action=maybe_recompile pc=0x000074affc417e0c method=sun.nio.ch.IOUtil.writeFromNativeBuffer(Ljava/io/FileDescriptor;Ljava/nio/ByteBuffer;JZZILsun/nio/ch/NativeDispatcher;)I @ 130 c2
Event: 31210.530 Thread 0x000074b00c80ca70 DEOPT PACKING pc=0x000074affc417e0c sp=0x000074afd4266430
Event: 31210.530 Thread 0x000074b00c80ca70 DEOPT UNPACKING pc=0x000074affbab2899 sp=0x000074afd42663c8 mode 2
Event: 41676.331 Thread 0x000074b00c80ca70 Uncommon trap: trap_request=0xffffffc6 fr.pc=0x000074affc417e0c relative=0x000000000000036c
Event: 41676.331 Thread 0x000074b00c80ca70 Uncommon trap: reason=bimorphic_or_optimized_type_check action=maybe_recompile pc=0x000074affc417e0c method=sun.nio.ch.IOUtil.writeFromNativeBuffer(Ljava/io/FileDescriptor;Ljava/nio/ByteBuffer;JZZILsun/nio/ch/NativeDispatcher;)I @ 130 c2
Event: 41676.331 Thread 0x000074b00c80ca70 DEOPT PACKING pc=0x000074affc417e0c sp=0x000074afd4266430
Event: 41676.331 Thread 0x000074b00c80ca70 DEOPT UNPACKING pc=0x000074affbab2899 sp=0x000074afd42663c8 mode 2
Event: 53400.313 Thread 0x000074b00c1fba30 Uncommon trap: trap_request=0xffffff66 fr.pc=0x000074affc549130 relative=0x00000000000000f0
Event: 53400.313 Thread 0x000074b00c1fba30 Uncommon trap: reason=speculate_class_check action=maybe_recompile pc=0x000074affc549130 method=java.lang.Thread.isVirtual()Z @ 1 c2
Event: 53400.313 Thread 0x000074b00c1fba30 DEOPT PACKING pc=0x000074affc549130 sp=0x000074afd592e610
Event: 53400.313 Thread 0x000074b00c1fba30 DEOPT UNPACKING pc=0x000074affbab2899 sp=0x000074afd592e548 mode 2
Event: 53460.313 Thread 0x000074b00c1fba30 Uncommon trap: trap_request=0xffffff66 fr.pc=0x000074affc549130 relative=0x00000000000000f0
Event: 53460.313 Thread 0x000074b00c1fba30 Uncommon trap: reason=speculate_class_check action=maybe_recompile pc=0x000074affc549130 method=java.lang.Thread.isVirtual()Z @ 1 c2
Event: 53460.313 Thread 0x000074b00c1fba30 DEOPT PACKING pc=0x000074affc549130 sp=0x000074afd592e610
Event: 53460.313 Thread 0x000074b00c1fba30 DEOPT UNPACKING pc=0x000074affbab2899 sp=0x000074afd592e548 mode 2
Event: 53520.313 Thread 0x000074b00c1fba30 Uncommon trap: trap_request=0xffffff66 fr.pc=0x000074affc549130 relative=0x00000000000000f0
Event: 53520.313 Thread 0x000074b00c1fba30 Uncommon trap: reason=speculate_class_check action=maybe_recompile pc=0x000074affc549130 method=java.lang.Thread.isVirtual()Z @ 1 c2
Event: 53520.313 Thread 0x000074b00c1fba30 DEOPT PACKING pc=0x000074affc549130 sp=0x000074afd592e610
Event: 53520.313 Thread 0x000074b00c1fba30 DEOPT UNPACKING pc=0x000074affbab2899 sp=0x000074afd592e548 mode 2
Event: 53580.313 Thread 0x000074b00c1fba30 Uncommon trap: trap_request=0xffffff66 fr.pc=0x000074affc549130 relative=0x00000000000000f0
Event: 53580.313 Thread 0x000074b00c1fba30 Uncommon trap: reason=speculate_class_check action=maybe_recompile pc=0x000074affc549130 method=java.lang.Thread.isVirtual()Z @ 1 c2
Event: 53580.313 Thread 0x000074b00c1fba30 DEOPT PACKING pc=0x000074affc549130 sp=0x000074afd592e610
Event: 53580.313 Thread 0x000074b00c1fba30 DEOPT UNPACKING pc=0x000074affbab2899 sp=0x000074afd592e548 mode 2
Event: 59027.190 Thread 0x000074b00c84f8a0 DEOPT PACKING pc=0x000074aff476db81 sp=0x000074ab08d08bd0
Event: 59027.190 Thread 0x000074b00c84f8a0 DEOPT UNPACKING pc=0x000074affbab302f sp=0x000074ab08d08060 mode 0
Event: 60911.852 Thread 0x000074aa686bd420 DEOPT PACKING pc=0x000074aff4906f6b sp=0x000074aad91fd770
Event: 60911.852 Thread 0x000074aa686bd420 DEOPT UNPACKING pc=0x000074affbab302f sp=0x000074aad91fcd90 mode 0
Event: 72527.320 Thread 0x000074b00c69ab50 DEOPT PACKING pc=0x000074aff47d47fc sp=0x000074afd46681c0
Event: 72527.320 Thread 0x000074b00c69ab50 DEOPT UNPACKING pc=0x000074affbab302f sp=0x000074afd4667778 mode 0
Event: 75993.948 Thread 0x000074b00c84f8a0 Uncommon trap: trap_request=0xffffff45 fr.pc=0x000074affc3c1224 relative=0x0000000000000664
Event: 75993.948 Thread 0x000074b00c84f8a0 Uncommon trap: reason=unstable_if action=reinterpret pc=0x000074affc3c1224 method=org.agrona.concurrent.ringbuffer.OneToOneRingBuffer.claimCapacity(Lorg/agrona/concurrent/AtomicBuffer;I)I @ 146 c2
Event: 75993.948 Thread 0x000074b00c84f8a0 DEOPT PACKING pc=0x000074affc3c1224 sp=0x000074ab08d09310
Event: 75993.948 Thread 0x000074b00c84f8a0 DEOPT UNPACKING pc=0x000074affbab2899 sp=0x000074ab08d09260 mode 2
Event: 98586.048 Thread 0x000074aa6869a500 Uncommon trap: trap_request=0xffffff45 fr.pc=0x000074affc3beea0 relative=0x0000000000000200
Event: 98586.048 Thread 0x000074aa6869a500 Uncommon trap: reason=unstable_if action=reinterpret pc=0x000074affc3beea0 method=java.util.HashMap.putVal(ILjava/lang/Object;Ljava/lang/Object;ZZ)Ljava/lang/Object; @ 162 c2
Event: 98586.048 Thread 0x000074aa6869a500 DEOPT PACKING pc=0x000074affc3beea0 sp=0x000074ab08746570
Event: 98586.048 Thread 0x000074aa6869a500 DEOPT UNPACKING pc=0x000074affbab2899 sp=0x000074ab08746510 mode 2
Event: 111826.982 Thread 0x000074b00c84f8a0 Uncommon trap: trap_request=0xffffff45 fr.pc=0x000074affc30251c relative=0x00000000000008dc
Event: 111826.982 Thread 0x000074b00c84f8a0 Uncommon trap: reason=unstable_if action=reinterpret pc=0x000074affc30251c method=java.util.concurrent.locks.AbstractQueuedSynchronizer.acquire(Ljava/util/concurrent/locks/AbstractQueuedSynchronizer$Node;IZZZJ)I @ 22 c2
Event: 111826.982 Thread 0x000074b00c84f8a0 DEOPT PACKING pc=0x000074affc30251c sp=0x000074ab08d091d0
Event: 111826.982 Thread 0x000074b00c84f8a0 DEOPT UNPACKING pc=0x000074affbab2899 sp=0x000074ab08d09188 mode 2
Event: 111826.982 Thread 0x000074b00c80f110 Uncommon trap: trap_request=0xffffff45 fr.pc=0x000074affc3042d0 relative=0x0000000000000210
Event: 111826.982 Thread 0x000074b00c80f110 Uncommon trap: reason=unstable_if action=reinterpret pc=0x000074affc3042d0 method=java.util.concurrent.locks.AbstractQueuedSynchronizer.signalNext(Ljava/util/concurrent/locks/AbstractQueuedSynchronizer$Node;)V @ 10 c2
Event: 111826.982 Thread 0x000074b00c80f110 DEOPT PACKING pc=0x000074affc3042d0 sp=0x000074ab091fc830
Event: 111826.982 Thread 0x000074b00c80f110 DEOPT UNPACKING pc=0x000074affbab2899 sp=0x000074ab091fc6b8 mode 2
Event: 119026.885 Thread 0x000074b00c616f60 Uncommon trap: trap_request=0xffffff45 fr.pc=0x000074affc57b158 relative=0x0000000000000958
Event: 119026.885 Thread 0x000074b00c616f60 Uncommon trap: reason=unstable_if action=reinterpret pc=0x000074affc57b158 method=io.aeron.ExclusivePublication.offer(Lorg/agrona/DirectBuffer;IILio/aeron/ReservedValueSupplier;)J @ 38 c2
Event: 119026.885 Thread 0x000074b00c616f60 DEOPT PACKING pc=0x000074affc57b158 sp=0x000074afd4c2c470
Event: 119026.885 Thread 0x000074b00c616f60 DEOPT UNPACKING pc=0x000074affbab2899 sp=0x000074afd4c2c430 mode 2

Classes loaded (250 events):
Event: 0.395 Loading class java/util/RegularEnumSet$EnumSetIterator
Event: 0.396 Loading class java/util/RegularEnumSet$EnumSetIterator done
Event: 0.407 Loading class java/util/function/LongFunction
Event: 0.407 Loading class java/util/function/LongFunction done
Event: 0.426 Loading class java/net/InetSocketAddress$InetSocketAddressHolder
Event: 0.426 Loading class java/net/InetSocketAddress$InetSocketAddressHolder done
Event: 0.431 Loading class java/net/PortUnreachableException
Event: 0.431 Loading class java/net/PortUnreachableException done
Event: 0.433 Loading class sun/nio/ch/SelectionKeyImpl
Event: 0.433 Loading class java/nio/channels/spi/AbstractSelectionKey
Event: 0.433 Loading class java/nio/channels/spi/AbstractSelectionKey done
Event: 0.433 Loading class sun/nio/ch/SelectionKeyImpl done
Event: 0.433 Loading class java/lang/invoke/ConstantBootstraps
Event: 0.433 Loading class java/lang/invoke/ConstantBootstraps done
Event: 0.494 Loading class sun/util/calendar/ZoneInfoFile$Checksum
Event: 0.494 Loading class sun/util/calendar/ZoneInfoFile$Checksum done
Event: 0.496 Loading class jdk/internal/module/ModulePatcher$PatchedModuleReader
Event: 0.496 Loading class jdk/internal/module/ModulePatcher$PatchedModuleReader done
Event: 0.496 Loading class sun/net/www/protocol/jrt/Handler
Event: 0.496 Loading class sun/net/www/protocol/jrt/Handler done
Event: 0.527 Loading class sun/text/resources/cldr/FormatData_en
Event: 0.528 Loading class sun/text/resources/cldr/FormatData_en done
Event: 0.528 Loading class sun/text/resources/cldr/FormatData_en_US
Event: 0.528 Loading class sun/text/resources/cldr/FormatData_en_US done
Event: 0.533 Loading class java/io/FileOutputStream$1
Event: 0.533 Loading class java/io/FileOutputStream$1 done
Event: 0.554 Loading class java/util/concurrent/ConcurrentSkipListMap$KeySet
Event: 0.555 Loading class java/util/concurrent/ConcurrentSkipListMap$KeySet done
Event: 0.555 Loading class java/util/concurrent/ConcurrentSkipListMap$KeyIterator
Event: 0.555 Loading class java/util/concurrent/ConcurrentSkipListMap$Iter
Event: 0.555 Loading class java/util/concurrent/ConcurrentSkipListMap$Iter done
Event: 0.555 Loading class java/util/concurrent/ConcurrentSkipListMap$KeyIterator done
Event: 0.555 Loading class java/net/InetAddress$NameServiceAddresses
Event: 0.555 Loading class java/net/InetAddress$Addresses
Event: 0.555 Loading class java/net/InetAddress$Addresses done
Event: 0.555 Loading class java/net/InetAddress$NameServiceAddresses done
Event: 0.555 Loading class java/net/spi/InetAddressResolverProvider
Event: 0.555 Loading class java/net/spi/InetAddressResolverProvider done
Event: 0.556 Loading class sun/net/InetAddressCachePolicy
Event: 0.556 Loading class sun/net/InetAddressCachePolicy done
Event: 0.556 Loading class sun/net/InetAddressCachePolicy$1
Event: 0.556 Loading class sun/net/InetAddressCachePolicy$1 done
Event: 0.560 Loading class jdk/internal/event/ThreadSleepEvent
Event: 0.560 Loading class jdk/internal/event/ThreadSleepEvent done
Event: 0.569 Loading class sun/nio/ch/Util$BufferCache
Event: 0.569 Loading class sun/nio/ch/Util$BufferCache done
Event: 0.589 Loading class java/util/concurrent/locks/AbstractQueuedSynchronizer$SharedNode
Event: 0.589 Loading class java/util/concurrent/locks/AbstractQueuedSynchronizer$SharedNode done
Event: 0.592 Loading class java/util/IdentityHashMap$EntrySet
Event: 0.592 Loading class java/util/IdentityHashMap$EntrySet done
Event: 0.592 Loading class java/util/IdentityHashMap$EntryIterator
Event: 0.592 Loading class java/util/IdentityHashMap$EntryIterator done
Event: 0.592 Loading class java/util/IdentityHashMap$EntryIterator$Entry
Event: 0.592 Loading class java/util/IdentityHashMap$EntryIterator$Entry done
Event: 0.686 Loading class java/util/function/BooleanSupplier
Event: 0.686 Loading class java/util/function/BooleanSupplier done
Event: 0.882 Loading class java/util/concurrent/Executors$DelegatedScheduledExecutorService
Event: 0.882 Loading class java/util/concurrent/Executors$DelegatedExecutorService
Event: 0.882 Loading class java/util/concurrent/Executors$DelegatedExecutorService done
Event: 0.882 Loading class java/util/concurrent/Executors$DelegatedScheduledExecutorService done
Event: 0.882 Loading class java/util/concurrent/ScheduledThreadPoolExecutor
Event: 0.882 Loading class java/util/concurrent/ScheduledThreadPoolExecutor done
Event: 0.882 Loading class java/util/concurrent/ScheduledThreadPoolExecutor$DelayedWorkQueue
Event: 0.883 Loading class java/util/concurrent/ScheduledThreadPoolExecutor$DelayedWorkQueue done
Event: 0.883 Loading class java/util/concurrent/RunnableScheduledFuture
Event: 0.883 Loading class java/util/concurrent/RunnableScheduledFuture done
Event: 0.883 Loading class java/util/concurrent/ScheduledThreadPoolExecutor$ScheduledFutureTask
Event: 0.883 Loading class java/util/concurrent/FutureTask
Event: 0.883 Loading class java/util/concurrent/FutureTask done
Event: 0.883 Loading class java/util/concurrent/ScheduledThreadPoolExecutor$ScheduledFutureTask done
Event: 0.883 Loading class java/util/concurrent/FutureTask$WaitNode
Event: 0.883 Loading class java/util/concurrent/FutureTask$WaitNode done
Event: 0.883 Loading class java/util/concurrent/ThreadPoolExecutor$Worker
Event: 0.883 Loading class java/util/concurrent/ThreadPoolExecutor$Worker done
Event: 0.891 Loading class java/util/function/LongSupplier
Event: 0.891 Loading class java/util/function/LongSupplier done
Event: 0.892 Loading class java/lang/invoke/MethodHandle$1
Event: 0.892 Loading class java/lang/invoke/MethodHandle$1 done
Event: 0.905 Loading class java/util/ServiceConfigurationError
Event: 0.905 Loading class java/util/ServiceConfigurationError done
Event: 0.909 Loading class java/util/TimerTask
Event: 0.909 Loading class java/util/TimerTask done
Event: 0.910 Loading class java/util/LinkedList
Event: 0.910 Loading class java/util/AbstractSequentialList
Event: 0.910 Loading class java/util/AbstractSequentialList done
Event: 0.910 Loading class java/util/LinkedList done
Event: 0.916 Loading class java/nio/channels/ServerSocketChannel
Event: 0.916 Loading class java/nio/channels/ServerSocketChannel done
Event: 0.916 Loading class sun/nio/ch/ServerSocketChannelImpl
Event: 0.916 Loading class sun/nio/ch/ServerSocketChannelImpl done
Event: 0.931 Loading class sun/nio/ch/SocketDispatcher
Event: 0.931 Loading class sun/nio/ch/SocketDispatcher done
Event: 0.931 Loading class sun/nio/ch/ServerSocketAdaptor
Event: 0.931 Loading class java/net/ServerSocket
Event: 0.931 Loading class java/net/ServerSocket done
Event: 0.931 Loading class sun/nio/ch/ServerSocketAdaptor done
Event: 0.931 Loading class sun/nio/ch/DummySocketImpl
Event: 0.931 Loading class java/net/SocketImpl
Event: 0.931 Loading class java/net/SocketOptions
Event: 0.931 Loading class java/net/SocketOptions done
Event: 0.931 Loading class java/net/SocketImpl done
Event: 0.931 Loading class sun/nio/ch/DummySocketImpl done
Event: 0.931 Loading class sun/net/NetHooks
Event: 0.932 Loading class sun/net/NetHooks done
Event: 0.932 Loading class sun/net/sdp/SdpProvider
Event: 0.932 Loading class sun/net/NetHooks$Provider
Event: 0.932 Loading class sun/net/NetHooks$Provider done
Event: 0.932 Loading class sun/net/sdp/SdpProvider done
Event: 0.932 Loading class java/nio/channels/CancelledKeyException
Event: 0.932 Loading class java/nio/channels/CancelledKeyException done
Event: 0.932 Loading class java/util/Timer
Event: 0.932 Loading class java/util/Timer done
Event: 0.932 Loading class java/util/TaskQueue
Event: 0.932 Loading class java/util/TaskQueue done
Event: 0.932 Loading class java/util/TimerThread
Event: 0.932 Loading class java/util/TimerThread done
Event: 0.932 Loading class java/util/Timer$ThreadReaper
Event: 0.932 Loading class java/util/Timer$ThreadReaper done
Event: 0.934 Loading class sun/invoke/util/VerifyAccess$1
Event: 0.934 Loading class sun/invoke/util/VerifyAccess$1 done
Event: 0.936 Loading class java/util/LinkedList$ListItr
Event: 0.936 Loading class java/util/LinkedList$ListItr done
Event: 0.936 Loading class java/util/LinkedList$Node
Event: 0.936 Loading class java/util/LinkedList$Node done
Event: 0.938 Loading class java/nio/channels/spi/AbstractSelector$1
Event: 0.938 Loading class java/nio/channels/spi/AbstractSelector$1 done
Event: 1.851 Loading class sun/nio/ch/SocketChannelImpl
Event: 1.851 Loading class java/nio/channels/SocketChannel
Event: 1.851 Loading class java/nio/channels/SocketChannel done
Event: 1.852 Loading class sun/nio/ch/SocketChannelImpl done
Event: 1.852 Loading class java/net/URISyntaxException
Event: 1.852 Loading class java/net/URISyntaxException done
Event: 1.856 Loading class java/nio/BufferOverflowException
Event: 1.856 Loading class java/nio/BufferOverflowException done
Event: 1.857 Loading class java/time/format/DateTimeFormatterBuilder$ZoneTextPrinterParser
Event: 1.857 Loading class java/time/format/DateTimeFormatterBuilder$ZoneTextPrinterParser done
Event: 1.857 Loading class java/util/HashMap$EntrySpliterator
Event: 1.857 Loading class java/util/HashMap$EntrySpliterator done
Event: 1.861 Loading class java/time/ZonedDateTime
Event: 1.862 Loading class java/time/chrono/ChronoZonedDateTime
Event: 1.862 Loading class java/time/chrono/ChronoZonedDateTime done
Event: 1.862 Loading class java/time/ZonedDateTime done
Event: 1.862 Loading class java/time/ZonedDateTime$1
Event: 1.862 Loading class java/time/ZonedDateTime$1 done
Event: 1.862 Loading class java/time/DayOfWeek
Event: 1.862 Loading class java/time/DayOfWeek done
Event: 1.862 Loading class sun/util/locale/provider/CalendarDataUtility$CalendarFieldValueNamesMapGetter
Event: 1.862 Loading class sun/util/locale/provider/CalendarDataUtility$CalendarFieldValueNamesMapGetter done
Event: 1.862 Loading class sun/util/cldr/CLDRCalendarNameProviderImpl
Event: 1.862 Loading class sun/util/locale/provider/CalendarNameProviderImpl
Event: 1.862 Loading class sun/util/locale/provider/CalendarNameProviderImpl done
Event: 1.862 Loading class sun/util/cldr/CLDRCalendarNameProviderImpl done
Event: 1.862 Loading class sun/util/locale/provider/BaseLocaleDataMetaInfo
Event: 1.862 Loading class sun/util/locale/provider/BaseLocaleDataMetaInfo done
Event: 1.863 Loading class sun/util/locale/provider/CalendarNameProviderImpl$LengthBasedComparator
Event: 1.863 Loading class sun/util/locale/provider/CalendarNameProviderImpl$LengthBasedComparator done
Event: 1.863 Loading class sun/util/resources/ParallelListResourceBundle
Event: 1.863 Loading class sun/util/resources/ParallelListResourceBundle done
Event: 1.863 Loading class sun/text/resources/FormatData
Event: 1.863 Loading class sun/text/resources/FormatData done
Event: 1.863 Loading class java/util/concurrent/atomic/AtomicMarkableReference
Event: 1.863 Loading class java/util/concurrent/atomic/AtomicMarkableReference done
Event: 1.863 Loading class java/util/concurrent/atomic/AtomicMarkableReference$Pair
Event: 1.863 Loading class java/util/concurrent/atomic/AtomicMarkableReference$Pair done
Event: 1.863 Loading class sun/text/resources/FormatData_en
Event: 1.863 Loading class sun/text/resources/FormatData_en done
Event: 1.863 Loading class sun/text/resources/FormatData_en_US
Event: 1.863 Loading class sun/text/resources/FormatData_en_US done
Event: 1.863 Loading class sun/util/resources/LocaleData$2
Event: 1.863 Loading class sun/util/resources/LocaleData$2 done
Event: 1.863 Loading class sun/util/resources/LocaleData$SupplementaryStrategy
Event: 1.863 Loading class sun/util/resources/LocaleData$SupplementaryStrategy done
Event: 1.863 Loading class sun/text/resources/JavaTimeSupplementary
Event: 1.863 Loading class sun/util/resources/OpenListResourceBundle
Event: 1.863 Loading class sun/util/resources/OpenListResourceBundle done
Event: 1.863 Loading class sun/text/resources/JavaTimeSupplementary done
Event: 1.864 Loading class sun/text/resources/JavaTimeSupplementary_en
Event: 1.864 Loading class sun/text/resources/JavaTimeSupplementary_en done
Event: 1.864 Loading class sun/text/resources/JavaTimeSupplementary_en_US
Event: 1.864 Loading class sun/text/resources/JavaTimeSupplementary_en_US done
Event: 1.864 Loading class java/util/MissingResourceException
Event: 1.864 Loading class java/util/MissingResourceException done
Event: 1.864 Loading class sun/util/resources/ParallelListResourceBundle$KeySet
Event: 1.864 Loading class sun/util/resources/ParallelListResourceBundle$KeySet done
Event: 1.865 Loading class java/util/regex/Pattern$BnM
Event: 1.865 Loading class java/util/regex/Pattern$BnM done
Event: 1.865 Loading class java/util/regex/Pattern$SliceS
Event: 1.865 Loading class java/util/regex/Pattern$SliceS done
Event: 1.866 Loading class sun/util/locale/provider/CalendarDataUtility$CalendarFieldValueNameGetter
Event: 1.866 Loading class sun/util/locale/provider/CalendarDataUtility$CalendarFieldValueNameGetter done
Event: 1.881 Loading class sun/util/locale/provider/TimeZoneNameUtility
Event: 1.881 Loading class sun/util/locale/provider/TimeZoneNameUtility done
Event: 1.881 Loading class sun/util/locale/provider/TimeZoneNameUtility$TimeZoneNameGetter
Event: 1.881 Loading class sun/util/locale/provider/TimeZoneNameUtility$TimeZoneNameGetter done
Event: 1.882 Loading class sun/util/cldr/CLDRTimeZoneNameProviderImpl
Event: 1.882 Loading class sun/util/locale/provider/TimeZoneNameProviderImpl
Event: 1.882 Loading class sun/util/locale/provider/TimeZoneNameProviderImpl done
Event: 1.882 Loading class sun/util/cldr/CLDRTimeZoneNameProviderImpl done
Event: 1.884 Loading class sun/util/resources/cldr/TimeZoneNames
Event: 1.884 Loading class sun/util/resources/TimeZoneNamesBundle
Event: 1.884 Loading class sun/util/resources/TimeZoneNamesBundle done
Event: 1.884 Loading class sun/util/resources/cldr/TimeZoneNames done
Event: 1.884 Loading class sun/util/resources/cldr/TimeZoneNames_en
Event: 1.884 Loading class sun/util/resources/cldr/TimeZoneNames_en done
Event: 1.884 Loading class sun/util/resources/cldr/TimeZoneNames_en_US
Event: 1.884 Loading class sun/util/resources/cldr/TimeZoneNames_en_US done
Event: 1.885 Loading class sun/util/cldr/CLDRBaseLocaleDataMetaInfo$TZCanonicalIDMapHolder
Event: 1.885 Loading class sun/util/cldr/CLDRBaseLocaleDataMetaInfo$TZCanonicalIDMapHolder done
Event: 1.886 Loading class sun/util/resources/TimeZoneNames
Event: 1.886 Loading class sun/util/resources/TimeZoneNames done
Event: 1.886 Loading class sun/util/resources/TimeZoneNames_en
Event: 1.886 Loading class sun/util/resources/TimeZoneNames_en done
Event: 1.887 Loading class java/util/stream/MatchOps$MatchKind
Event: 1.887 Loading class java/util/stream/MatchOps$MatchKind done
Event: 1.887 Loading class java/util/stream/MatchOps
Event: 1.887 Loading class java/util/stream/MatchOps done
Event: 1.887 Loading class java/util/stream/MatchOps$MatchOp
Event: 1.887 Loading class java/util/stream/MatchOps$MatchOp done
Event: 1.887 Loading class java/util/stream/MatchOps$BooleanTerminalSink
Event: 1.887 Loading class java/util/stream/MatchOps$BooleanTerminalSink done
Event: 1.887 Loading class java/util/stream/MatchOps$1MatchSink
Event: 1.887 Loading class java/util/stream/MatchOps$1MatchSink done
Event: 1025.783 Loading class java/io/PrintWriter
Event: 1025.783 Loading class java/io/PrintWriter done
Event: 1025.783 Loading class java/io/PrintWriter$1
Event: 1025.783 Loading class jdk/internal/access/JavaIOPrintWriterAccess
Event: 1025.783 Loading class jdk/internal/access/JavaIOPrintWriterAccess done
Event: 1025.783 Loading class java/io/PrintWriter$1 done
Event: 1025.783 Loading class java/lang/Throwable$WrappedPrintWriter
Event: 1025.783 Loading class java/lang/Throwable$PrintStreamOrWriter
Event: 1025.783 Loading class java/lang/Throwable$PrintStreamOrWriter done
Event: 1025.783 Loading class java/lang/Throwable$WrappedPrintWriter done
Event: 1025.786 Loading class java/util/Formatter$FixedString
Event: 1025.786 Loading class java/util/Formatter$FixedString done
Event: 1025.786 Loading class java/time/zone/ZoneRulesProvider
Event: 1025.786 Loading class java/time/zone/ZoneRulesProvider done
Event: 1025.786 Loading class java/time/zone/ZoneRulesProvider$1
Event: 1025.786 Loading class java/time/zone/ZoneRulesProvider$1 done
Event: 1025.786 Loading class java/time/zone/TzdbZoneRulesProvider
Event: 1025.786 Loading class java/time/zone/TzdbZoneRulesProvider done
Event: 1025.788 Loading class java/util/Arrays$ArrayItr
Event: 1025.788 Loading class java/util/Arrays$ArrayItr done
Event: 1025.792 Loading class java/time/zone/Ser
Event: 1025.792 Loading class java/io/Externalizable
Event: 1025.793 Loading class java/io/Externalizable done
Event: 1025.793 Loading class java/time/zone/Ser done
Event: 1025.793 Loading class java/time/zone/ZoneOffsetTransition
Event: 1025.793 Loading class java/time/zone/ZoneOffsetTransition done
Event: 1211.851 Loading class jdk/internal/math/FormattedFPDecimal
Event: 1211.851 Loading class jdk/internal/math/FormattedFPDecimal done

Classes unloaded (130 events):
Event: 873.476 Thread 0x000074b00c13dff0 Unloading class 0x000074ab4c18b400 'java/lang/invoke/LambdaForm$MH+0x000074ab4c18b400'
Event: 873.476 Thread 0x000074b00c13dff0 Unloading class 0x000074ab4c18b000 'java/lang/invoke/LambdaForm$MH+0x000074ab4c18b000'
Event: 873.476 Thread 0x000074b00c13dff0 Unloading class 0x000074ab4c18ac00 'java/lang/invoke/LambdaForm$MH+0x000074ab4c18ac00'
Event: 873.476 Thread 0x000074b00c13dff0 Unloading class 0x000074ab4c18a800 'java/lang/invoke/LambdaForm$MH+0x000074ab4c18a800'
Event: 873.476 Thread 0x000074b00c13dff0 Unloading class 0x000074ab4c189c00 'java/lang/invoke/LambdaForm$MH+0x000074ab4c189c00'
Event: 873.476 Thread 0x000074b00c13dff0 Unloading class 0x000074ab4c189800 'java/lang/invoke/LambdaForm$MH+0x000074ab4c189800'
Event: 873.476 Thread 0x000074b00c13dff0 Unloading class 0x000074ab4c189400 'java/lang/invoke/LambdaForm$MH+0x000074ab4c189400'
Event: 873.476 Thread 0x000074b00c13dff0 Unloading class 0x000074ab4c188400 'java/lang/invoke/LambdaForm$MH+0x000074ab4c188400'
Event: 873.476 Thread 0x000074b00c13dff0 Unloading class 0x000074ab4c187000 'java/lang/invoke/LambdaForm$MH+0x000074ab4c187000'
Event: 873.476 Thread 0x000074b00c13dff0 Unloading class 0x000074ab4c186c00 'java/lang/invoke/LambdaForm$MH+0x000074ab4c186c00'
Event: 873.476 Thread 0x000074b00c13dff0 Unloading class 0x000074ab4c186800 'java/lang/invoke/LambdaForm$MH+0x000074ab4c186800'
Event: 873.476 Thread 0x000074b00c13dff0 Unloading class 0x000074ab4c186400 'java/lang/invoke/LambdaForm$MH+0x000074ab4c186400'
Event: 873.476 Thread 0x000074b00c13dff0 Unloading class 0x000074ab4c186000 'java/lang/invoke/LambdaForm$MH+0x000074ab4c186000'
Event: 873.476 Thread 0x000074b00c13dff0 Unloading class 0x000074ab4c184c00 'java/lang/invoke/LambdaForm$MH+0x000074ab4c184c00'
Event: 873.476 Thread 0x000074b00c13dff0 Unloading class 0x000074ab4c184400 'java/lang/invoke/LambdaForm$MH+0x000074ab4c184400'
Event: 873.476 Thread 0x000074b00c13dff0 Unloading class 0x000074ab4c184000 'java/lang/invoke/LambdaForm$MH+0x000074ab4c184000'
Event: 873.476 Thread 0x000074b00c13dff0 Unloading class 0x000074ab4c183c00 'java/lang/invoke/LambdaForm$MH+0x000074ab4c183c00'
Event: 873.476 Thread 0x000074b00c13dff0 Unloading class 0x000074ab4c181c00 'java/lang/invoke/LambdaForm$MH+0x000074ab4c181c00'
Event: 873.476 Thread 0x000074b00c13dff0 Unloading class 0x000074ab4c181400 'java/lang/invoke/LambdaForm$MH+0x000074ab4c181400'
Event: 873.476 Thread 0x000074b00c13dff0 Unloading class 0x000074ab4c181000 'java/lang/invoke/LambdaForm$MH+0x000074ab4c181000'
Event: 873.476 Thread 0x000074b00c13dff0 Unloading class 0x000074ab4c180800 'java/lang/invoke/LambdaForm$MH+0x000074ab4c180800'
Event: 873.476 Thread 0x000074b00c13dff0 Unloading class 0x000074ab4c180400 'java/lang/invoke/LambdaForm$MH+0x000074ab4c180400'
Event: 873.476 Thread 0x000074b00c13dff0 Unloading class 0x000074ab4c180000 'java/lang/invoke/LambdaForm$MH+0x000074ab4c180000'
Event: 873.476 Thread 0x000074b00c13dff0 Unloading class 0x000074ab4c13f400 'java/lang/invoke/LambdaForm$MH+0x000074ab4c13f400'
Event: 873.476 Thread 0x000074b00c13dff0 Unloading class 0x000074ab4c13ec00 'java/lang/invoke/LambdaForm$MH+0x000074ab4c13ec00'
Event: 873.476 Thread 0x000074b00c13dff0 Unloading class 0x000074ab4c13e400 'java/lang/invoke/LambdaForm$MH+0x000074ab4c13e400'
Event: 873.476 Thread 0x000074b00c13dff0 Unloading class 0x000074ab4c13e000 'java/lang/invoke/LambdaForm$MH+0x000074ab4c13e000'
Event: 873.476 Thread 0x000074b00c13dff0 Unloading class 0x000074ab4c13d800 'java/lang/invoke/LambdaForm$MH+0x000074ab4c13d800'
Event: 873.476 Thread 0x000074b00c13dff0 Unloading class 0x000074ab4c13d000 'java/lang/invoke/LambdaForm$MH+0x000074ab4c13d000'
Event: 873.476 Thread 0x000074b00c13dff0 Unloading class 0x000074ab4c13cc00 'java/lang/invoke/LambdaForm$MH+0x000074ab4c13cc00'
Event: 873.476 Thread 0x000074b00c13dff0 Unloading class 0x000074ab4c13c800 'java/lang/invoke/LambdaForm$MH+0x000074ab4c13c800'
Event: 873.476 Thread 0x000074b00c13dff0 Unloading class 0x000074ab4c12fc00 'java/lang/invoke/LambdaForm$MH+0x000074ab4c12fc00'
Event: 873.476 Thread 0x000074b00c13dff0 Unloading class 0x000074ab4c12f800 'java/lang/invoke/LambdaForm$MH+0x000074ab4c12f800'
Event: 873.476 Thread 0x000074b00c13dff0 Unloading class 0x000074ab4c12f400 'java/lang/invoke/LambdaForm$MH+0x000074ab4c12f400'
Event: 873.476 Thread 0x000074b00c13dff0 Unloading class 0x000074ab4c12e800 'java/lang/invoke/LambdaForm$MH+0x000074ab4c12e800'
Event: 873.476 Thread 0x000074b00c13dff0 Unloading class 0x000074ab4c12e000 'java/lang/invoke/LambdaForm$MH+0x000074ab4c12e000'
Event: 873.476 Thread 0x000074b00c13dff0 Unloading class 0x000074ab4c105800 'java/lang/invoke/LambdaForm$MH+0x000074ab4c105800'
Event: 873.476 Thread 0x000074b00c13dff0 Unloading class 0x000074ab4c105400 'java/lang/invoke/LambdaForm$MH+0x000074ab4c105400'
Event: 873.476 Thread 0x000074b00c13dff0 Unloading class 0x000074ab4c105000 'java/lang/invoke/LambdaForm$MH+0x000074ab4c105000'
Event: 873.476 Thread 0x000074b00c13dff0 Unloading class 0x000074ab4c104800 'java/lang/invoke/LambdaForm$MH+0x000074ab4c104800'
Event: 873.476 Thread 0x000074b00c13dff0 Unloading class 0x000074ab4c104000 'java/lang/invoke/LambdaForm$MH+0x000074ab4c104000'
Event: 873.476 Thread 0x000074b00c13dff0 Unloading class 0x000074ab4c0f4400 'java/lang/invoke/LambdaForm$MH+0x000074ab4c0f4400'
Event: 873.476 Thread 0x000074b00c13dff0 Unloading class 0x000074ab4c0f3800 'java/lang/invoke/LambdaForm$MH+0x000074ab4c0f3800'
Event: 873.476 Thread 0x000074b00c13dff0 Unloading class 0x000074ab4c0f3400 'java/lang/invoke/LambdaForm$MH+0x000074ab4c0f3400'
Event: 873.476 Thread 0x000074b00c13dff0 Unloading class 0x000074ab4c0f2c00 'java/lang/invoke/LambdaForm$MH+0x000074ab4c0f2c00'
Event: 873.476 Thread 0x000074b00c13dff0 Unloading class 0x000074ab4c0f2800 'java/lang/invoke/LambdaForm$MH+0x000074ab4c0f2800'
Event: 873.476 Thread 0x000074b00c13dff0 Unloading class 0x000074ab4c0f2400 'java/lang/invoke/LambdaForm$MH+0x000074ab4c0f2400'
Event: 873.476 Thread 0x000074b00c13dff0 Unloading class 0x000074ab4c0f1800 'java/lang/invoke/LambdaForm$MH+0x000074ab4c0f1800'
Event: 873.476 Thread 0x000074b00c13dff0 Unloading class 0x000074ab4c0f1000 'java/lang/invoke/LambdaForm$MH+0x000074ab4c0f1000'
Event: 873.476 Thread 0x000074b00c13dff0 Unloading class 0x000074ab4c0f0800 'java/lang/invoke/LambdaForm$MH+0x000074ab4c0f0800'
Event: 873.476 Thread 0x000074b00c13dff0 Unloading class 0x000074ab4c0f0400 'java/lang/invoke/LambdaForm$MH+0x000074ab4c0f0400'
Event: 873.476 Thread 0x000074b00c13dff0 Unloading class 0x000074ab4c0c8c00 'java/lang/invoke/LambdaForm$MH+0x000074ab4c0c8c00'
Event: 873.476 Thread 0x000074b00c13dff0 Unloading class 0x000074ab4c0c8800 'java/lang/invoke/LambdaForm$MH+0x000074ab4c0c8800'
Event: 873.476 Thread 0x000074b00c13dff0 Unloading class 0x000074ab4c0c8400 'java/lang/invoke/LambdaForm$MH+0x000074ab4c0c8400'
Event: 873.476 Thread 0x000074b00c13dff0 Unloading class 0x000074ab4c0c5c00 'java/lang/invoke/LambdaForm$MH+0x000074ab4c0c5c00'
Event: 873.476 Thread 0x000074b00c13dff0 Unloading class 0x000074ab4c0c5400 'java/lang/invoke/LambdaForm$MH+0x000074ab4c0c5400'
Event: 873.476 Thread 0x000074b00c13dff0 Unloading class 0x000074ab4c0bc000 'java/lang/invoke/LambdaForm$DMH+0x000074ab4c0bc000'
Event: 873.476 Thread 0x000074b00c13dff0 Unloading class 0x000074ab4c08d000 'java/lang/invoke/LambdaForm$MH+0x000074ab4c08d000'
Event: 873.476 Thread 0x000074b00c13dff0 Unloading class 0x000074ab4c08cc00 'java/lang/invoke/LambdaForm$MH+0x000074ab4c08cc00'
Event: 873.476 Thread 0x000074b00c13dff0 Unloading class 0x000074ab4c08c400 'java/lang/invoke/LambdaForm$MH+0x000074ab4c08c400'
Event: 873.476 Thread 0x000074b00c13dff0 Unloading class 0x000074ab4c08a400 'java/lang/invoke/LambdaForm$MH+0x000074ab4c08a400'
Event: 873.476 Thread 0x000074b00c13dff0 Unloading class 0x000074ab4c08a000 'java/lang/invoke/LambdaForm$MH+0x000074ab4c08a000'
Event: 873.476 Thread 0x000074b00c13dff0 Unloading class 0x000074ab4c089c00 'java/lang/invoke/LambdaForm$MH+0x000074ab4c089c00'
Event: 873.476 Thread 0x000074b00c13dff0 Unloading class 0x000074ab4c089800 'java/lang/invoke/LambdaForm$MH+0x000074ab4c089800'
Event: 873.476 Thread 0x000074b00c13dff0 Unloading class 0x000074ab4c089400 'java/lang/invoke/LambdaForm$MH+0x000074ab4c089400'
Event: 873.476 Thread 0x000074b00c13dff0 Unloading class 0x000074ab4c089000 'java/lang/invoke/LambdaForm$BMH+0x000074ab4c089000'
Event: 873.476 Thread 0x000074b00c13dff0 Unloading class 0x000074ab4c039000 'java/lang/invoke/LambdaForm$MH+0x000074ab4c039000'
Event: 873.476 Thread 0x000074b00c13dff0 Unloading class 0x000074ab4c036c00 'java/lang/invoke/LambdaForm$MH+0x000074ab4c036c00'
Event: 873.476 Thread 0x000074b00c13dff0 Unloading class 0x000074ab4c036000 'java/lang/invoke/LambdaForm$MH+0x000074ab4c036000'
Event: 873.476 Thread 0x000074b00c13dff0 Unloading class 0x000074ab4c035c00 'java/lang/invoke/LambdaForm$MH+0x000074ab4c035c00'
Event: 873.476 Thread 0x000074b00c13dff0 Unloading class 0x000074ab4c035800 'java/lang/invoke/LambdaForm$MH+0x000074ab4c035800'
Event: 873.476 Thread 0x000074b00c13dff0 Unloading class 0x000074ab4c035400 'java/lang/invoke/LambdaForm$MH+0x000074ab4c035400'
Event: 873.476 Thread 0x000074b00c13dff0 Unloading class 0x000074ab4c034800 'java/lang/invoke/LambdaForm$MH+0x000074ab4c034800'
Event: 873.476 Thread 0x000074b00c13dff0 Unloading class 0x000074ab4c034400 'java/lang/invoke/LambdaForm$MH+0x000074ab4c034400'
Event: 873.476 Thread 0x000074b00c13dff0 Unloading class 0x000074ab4c034000 'java/lang/invoke/LambdaForm$MH+0x000074ab4c034000'
Event: 873.476 Thread 0x000074b00c13dff0 Unloading class 0x000074ab4c02dc00 'java/lang/invoke/LambdaForm$MH+0x000074ab4c02dc00'
Event: 873.476 Thread 0x000074b00c13dff0 Unloading class 0x000074ab4c02d400 'java/lang/invoke/LambdaForm$MH+0x000074ab4c02d400'
Event: 873.476 Thread 0x000074b00c13dff0 Unloading class 0x000074ab4c02d000 'java/lang/invoke/LambdaForm$MH+0x000074ab4c02d000'
Event: 873.476 Thread 0x000074b00c13dff0 Unloading class 0x000074ab4c02cc00 'java/lang/invoke/LambdaForm$MH+0x000074ab4c02cc00'
Event: 873.476 Thread 0x000074b00c13dff0 Unloading class 0x000074ab4c02c400 'java/lang/invoke/LambdaForm$DMH+0x000074ab4c02c400'
Event: 873.476 Thread 0x000074b00c13dff0 Unloading class 0x000074ab4c027000 'java/lang/invoke/LambdaForm$MH+0x000074ab4c027000'
Event: 873.476 Thread 0x000074b00c13dff0 Unloading class 0x000074ab4c026c00 'java/lang/invoke/LambdaForm$MH+0x000074ab4c026c00'
Event: 873.476 Thread 0x000074b00c13dff0 Unloading class 0x000074ab4c026800 'java/lang/invoke/LambdaForm$MH+0x000074ab4c026800'
Event: 873.476 Thread 0x000074b00c13dff0 Unloading class 0x000074ab4c025c00 'java/lang/invoke/LambdaForm$MH+0x000074ab4c025c00'
Event: 873.476 Thread 0x000074b00c13dff0 Unloading class 0x000074ab4c025000 'java/lang/invoke/LambdaForm$MH+0x000074ab4c025000'
Event: 873.476 Thread 0x000074b00c13dff0 Unloading class 0x000074ab4c024c00 'java/lang/invoke/LambdaForm$MH+0x000074ab4c024c00'
Event: 873.476 Thread 0x000074b00c13dff0 Unloading class 0x000074ab4c024800 'java/lang/invoke/LambdaForm$MH+0x000074ab4c024800'
Event: 873.476 Thread 0x000074b00c13dff0 Unloading class 0x000074ab4c024000 'java/lang/invoke/LambdaForm$MH+0x000074ab4c024000'
Event: 873.476 Thread 0x000074b00c13dff0 Unloading class 0x000074ab4c023800 'java/lang/invoke/LambdaForm$MH+0x000074ab4c023800'
Event: 873.476 Thread 0x000074b00c13dff0 Unloading class 0x000074ab4c023000 'java/lang/invoke/LambdaForm$MH+0x000074ab4c023000'
Event: 873.476 Thread 0x000074b00c13dff0 Unloading class 0x000074ab4c022400 'java/lang/invoke/LambdaForm$MH+0x000074ab4c022400'
Event: 873.476 Thread 0x000074b00c13dff0 Unloading class 0x000074ab4c022000 'java/lang/invoke/LambdaForm$MH+0x000074ab4c022000'
Event: 873.476 Thread 0x000074b00c13dff0 Unloading class 0x000074ab4c021c00 'java/lang/invoke/LambdaForm$MH+0x000074ab4c021c00'
Event: 873.476 Thread 0x000074b00c13dff0 Unloading class 0x000074ab4c021000 'java/lang/invoke/LambdaForm$MH+0x000074ab4c021000'
Event: 873.476 Thread 0x000074b00c13dff0 Unloading class 0x000074ab4c020000 'java/lang/invoke/LambdaForm$MH+0x000074ab4c020000'
Event: 873.476 Thread 0x000074b00c13dff0 Unloading class 0x000074ab4c014000 'java/lang/invoke/LambdaForm$MH+0x000074ab4c014000'
Event: 873.476 Thread 0x000074b00c13dff0 Unloading class 0x000074ab4c00c000 'java/lang/invoke/LambdaForm$DMH+0x000074ab4c00c000'
Event: 3267.902 Thread 0x000074b00c13dff0 Unloading class 0x000074ab4c13e400 'java/lang/invoke/LambdaForm$MH+0x000074ab4c13e400'
Event: 3267.902 Thread 0x000074b00c13dff0 Unloading class 0x000074ab4c180000 'java/lang/invoke/LambdaForm$MH+0x000074ab4c180000'
Event: 3267.902 Thread 0x000074b00c13dff0 Unloading class 0x000074ab4c181000 'java/lang/invoke/LambdaForm$MH+0x000074ab4c181000'
Event: 3267.902 Thread 0x000074b00c13dff0 Unloading class 0x000074ab4c184400 'java/lang/invoke/LambdaForm$MH+0x000074ab4c184400'
Event: 3267.902 Thread 0x000074b00c13dff0 Unloading class 0x000074ab4c18ac00 'java/lang/invoke/LambdaForm$MH+0x000074ab4c18ac00'
Event: 3267.902 Thread 0x000074b00c13dff0 Unloading class 0x000074ab4c18a800 'java/lang/invoke/LambdaForm$MH+0x000074ab4c18a800'
Event: 3267.902 Thread 0x000074b00c13dff0 Unloading class 0x000074ab4c18b400 'java/lang/invoke/LambdaForm$MH+0x000074ab4c18b400'
Event: 3267.902 Thread 0x000074b00c13dff0 Unloading class 0x000074ab4c020000 'java/lang/invoke/LambdaForm$MH+0x000074ab4c020000'
Event: 3267.902 Thread 0x000074b00c13dff0 Unloading class 0x000074ab4c021000 'java/lang/invoke/LambdaForm$MH+0x000074ab4c021000'
Event: 3267.902 Thread 0x000074b00c13dff0 Unloading class 0x000074ab4c021c00 'java/lang/invoke/LambdaForm$MH+0x000074ab4c021c00'
Event: 3267.902 Thread 0x000074b00c13dff0 Unloading class 0x000074ab4c023000 'java/lang/invoke/LambdaForm$MH+0x000074ab4c023000'
Event: 3267.902 Thread 0x000074b00c13dff0 Unloading class 0x000074ab4c025c00 'java/lang/invoke/LambdaForm$MH+0x000074ab4c025c00'
Event: 3267.902 Thread 0x000074b00c13dff0 Unloading class 0x000074ab4c027000 'java/lang/invoke/LambdaForm$MH+0x000074ab4c027000'
Event: 3267.902 Thread 0x000074b00c13dff0 Unloading class 0x000074ab4c02cc00 'java/lang/invoke/LambdaForm$MH+0x000074ab4c02cc00'
Event: 3267.902 Thread 0x000074b00c13dff0 Unloading class 0x000074ab4c02dc00 'java/lang/invoke/LambdaForm$MH+0x000074ab4c02dc00'
Event: 3267.902 Thread 0x000074b00c13dff0 Unloading class 0x000074ab4c034800 'java/lang/invoke/LambdaForm$MH+0x000074ab4c034800'
Event: 3267.902 Thread 0x000074b00c13dff0 Unloading class 0x000074ab4c08cc00 'java/lang/invoke/LambdaForm$MH+0x000074ab4c08cc00'
Event: 3267.902 Thread 0x000074b00c13dff0 Unloading class 0x000074ab4c08d000 'java/lang/invoke/LambdaForm$MH+0x000074ab4c08d000'
Event: 3267.902 Thread 0x000074b00c13dff0 Unloading class 0x000074ab4c0bc000 'java/lang/invoke/LambdaForm$MH+0x000074ab4c0bc000'
Event: 3267.902 Thread 0x000074b00c13dff0 Unloading class 0x000074ab4c0c5400 'java/lang/invoke/LambdaForm$MH+0x000074ab4c0c5400'
Event: 3267.902 Thread 0x000074b00c13dff0 Unloading class 0x000074ab4c0f0800 'java/lang/invoke/LambdaForm$MH+0x000074ab4c0f0800'
Event: 3267.902 Thread 0x000074b00c13dff0 Unloading class 0x000074ab4c0f2400 'java/lang/invoke/LambdaForm$MH+0x000074ab4c0f2400'
Event: 3267.902 Thread 0x000074b00c13dff0 Unloading class 0x000074ab4c0f3400 'java/lang/invoke/LambdaForm$MH+0x000074ab4c0f3400'
Event: 3267.902 Thread 0x000074b00c13dff0 Unloading class 0x000074ab4c0f3800 'java/lang/invoke/LambdaForm$MH+0x000074ab4c0f3800'
Event: 3267.902 Thread 0x000074b00c13dff0 Unloading class 0x000074ab4c0f4400 'java/lang/invoke/LambdaForm$MH+0x000074ab4c0f4400'
Event: 3267.902 Thread 0x000074b00c13dff0 Unloading class 0x000074ab4c12e000 'java/lang/invoke/LambdaForm$MH+0x000074ab4c12e000'
Event: 3267.902 Thread 0x000074b00c13dff0 Unloading class 0x000074ab4c12e800 'java/lang/invoke/LambdaForm$MH+0x000074ab4c12e800'
Event: 3267.902 Thread 0x000074b00c13dff0 Unloading class 0x000074ab4c13d000 'java/lang/invoke/LambdaForm$MH+0x000074ab4c13d000'
Event: 3267.902 Thread 0x000074b00c13dff0 Unloading class 0x000074ab4c13d800 'java/lang/invoke/LambdaForm$MH+0x000074ab4c13d800'
Event: 3267.902 Thread 0x000074b00c13dff0 Unloading class 0x000074ab4c13ec00 'java/lang/invoke/LambdaForm$MH+0x000074ab4c13ec00'
Event: 3267.902 Thread 0x000074b00c13dff0 Unloading class 0x000074ab4c187000 'java/lang/invoke/LambdaForm$MH+0x000074ab4c187000'
Event: 3267.902 Thread 0x000074b00c13dff0 Unloading class 0x000074ab4c188400 'java/lang/invoke/LambdaForm$MH+0x000074ab4c188400'
Event: 3267.902 Thread 0x000074b00c13dff0 Unloading class 0x000074ab4c189400 'java/lang/invoke/LambdaForm$MH+0x000074ab4c189400'

Classes redefined (0 events):
No events

Internal exceptions (66 events):
Event: 0.214 Thread 0x000074b00c0e9970 Exception <a 'java/lang/NoSuchMethodError'{0x00000400002f4af8}: 'void java.lang.invoke.DirectMethodHandle$Holder.invokeStaticInit(java.lang.Object)'> (0x00000400002f4af8) 
thrown [src/hotspot/share/interpreter/linkResolver.cpp, line 772]
Event: 0.240 Thread 0x000074b00c0e9970 Exception <a 'java/lang/NoSuchMethodError'{0x0000040002281380}: 'java.lang.Object java.lang.invoke.DirectMethodHandle$Holder.invokeStatic(java.lang.Object, long, java.lang.Object)'> (0x0000040002281380) 
thrown [src/hotspot/share/interpreter/linkResolver.cpp, line 772]
Event: 0.240 Thread 0x000074b00c0e9970 Exception <a 'java/lang/NoSuchMethodError'{0x0000040002285640}: 'java.lang.Object java.lang.invoke.DirectMethodHandle$Holder.invokeStaticInit(java.lang.Object, long, java.lang.Object)'> (0x0000040002285640) 
thrown [src/hotspot/share/interpreter/linkResolver.cpp, line 772]
Event: 0.240 Thread 0x000074b00c0e9970 Exception <a 'java/lang/NoSuchMethodError'{0x000004000228c8c8}: 'java.lang.Object java.lang.invoke.DirectMethodHandle$Holder.newInvokeSpecial(java.lang.Object, long)'> (0x000004000228c8c8) 
thrown [src/hotspot/share/interpreter/linkResolver.cpp, line 772]
Event: 0.243 Thread 0x000074b00c0e9970 Exception <a 'java/lang/NoSuchMethodError'{0x00000400022d0ab8}: 'java.lang.Object java.lang.invoke.Invokers$Holder.invoke_MT(java.lang.Object, java.lang.Object, java.lang.Object, java.lang.Object, java.lang.Object)'> (0x00000400022d0ab8) 
thrown [src/hotspot/share/interpreter/linkResolver.cpp, line 772]
Event: 0.243 Thread 0x000074b00c0e9970 Exception <a 'java/lang/NoSuchMethodError'{0x00000400022ecee8}: 'int java.lang.invoke.DirectMethodHandle$Holder.invokeSpecial(java.lang.Object, java.lang.Object, java.lang.Object)'> (0x00000400022ecee8) 
thrown [src/hotspot/share/interpreter/linkResolver.cpp, line 772]
Event: 0.244 Thread 0x000074b00c0e9970 Exception <a 'java/lang/NoSuchMethodError'{0x00000400022f5c68}: 'int java.lang.invoke.Invokers$Holder.linkToTargetMethod(java.lang.Object, java.lang.Object, java.lang.Object)'> (0x00000400022f5c68) 
thrown [src/hotspot/share/interpreter/linkResolver.cpp, line 772]
Event: 0.248 Thread 0x000074b00c0e9970 Exception <a 'java/lang/NoClassDefFoundError'{0x0000040002350e38}: org/slf4j/LoggerFactory> (0x0000040002350e38) 
thrown [src/hotspot/share/classfile/systemDictionary.cpp, line 305]
Event: 0.248 Thread 0x000074b00c0e9970 Exception <a 'java/lang/NoClassDefFoundError'{0x0000040002350e38}> (0x0000040002350e38) 
thrown [src/hotspot/share/oops/instanceKlass.cpp, line 1223]
Event: 0.248 Thread 0x000074b00c0e9970 Exception <a 'java/lang/NoClassDefFoundError'{0x0000040002358058}: org/apache/logging/log4j/spi/ExtendedLoggerWrapper> (0x0000040002358058) 
thrown [src/hotspot/share/classfile/systemDictionary.cpp, line 305]
Event: 0.248 Thread 0x000074b00c0e9970 Exception <a 'java/lang/NoClassDefFoundError'{0x00000400023637c0}: org/apache/log4j/Priority> (0x00000400023637c0) 
thrown [src/hotspot/share/classfile/systemDictionary.cpp, line 305]
Event: 0.285 Thread 0x000074b00c0e9970 Exception <a 'java/lang/NoSuchMethodError'{0x00000400025ea700}: 'void java.lang.invoke.DirectMethodHandle$Holder.invokeInterface(java.lang.Object, java.lang.Object)'> (0x00000400025ea700) 
thrown [src/hotspot/share/interpreter/linkResolver.cpp, line 772]
Event: 0.289 Thread 0x000074b00c0e9970 Exception <a 'java/lang/NoSuchMethodError'{0x0000040002a15868}: 'void java.lang.invoke.DirectMethodHandle$Holder.invokeStaticInit(java.lang.Object, long, long, long, long, long, java.lang.Object)'> (0x0000040002a15868) 
thrown [src/hotspot/share/interpreter/linkResolver.cpp, line 772]
Event: 0.327 Thread 0x000074b00c0e9970 Exception <a 'sun/nio/fs/UnixException'{0x0000040002b8bce0}> (0x0000040002b8bce0) 
thrown [src/hotspot/share/prims/jni.cpp, line 520]
Event: 0.329 Thread 0x000074b00c0e9970 Exception <a 'java/lang/NoSuchMethodError'{0x0000040002b8f7a8}: 'void java.lang.invoke.DirectMethodHandle$Holder.invokeStatic(java.lang.Object, java.lang.Object, java.lang.Object)'> (0x0000040002b8f7a8) 
thrown [src/hotspot/share/interpreter/linkResolver.cpp, line 772]
Event: 0.330 Thread 0x000074b00c0e9970 Exception <a 'java/lang/NoSuchMethodError'{0x0000040002b9a2b0}: 'void java.lang.invoke.DirectMethodHandle$Holder.invokeStatic(java.lang.Object, java.lang.Object, java.lang.Object, java.lang.Object)'> (0x0000040002b9a2b0) 
thrown [src/hotspot/share/interpreter/linkResolver.cpp, line 772]
Event: 0.332 Thread 0x000074b00c0e9970 Exception <a 'java/lang/NoSuchMethodError'{0x0000040002bb1e50}: 'java.lang.Object java.lang.invoke.DirectMethodHandle$Holder.invokeInterface(java.lang.Object, java.lang.Object)'> (0x0000040002bb1e50) 
thrown [src/hotspot/share/interpreter/linkResolver.cpp, line 772]
Event: 0.333 Thread 0x000074b00c0e9970 Exception <a 'java/lang/NoSuchMethodError'{0x0000040002bc3e58}: 'void java.lang.invoke.DirectMethodHandle$Holder.invokeStatic(java.lang.Object, java.lang.Object)'> (0x0000040002bc3e58) 
thrown [src/hotspot/share/interpreter/linkResolver.cpp, line 772]
Event: 0.354 Thread 0x000074b00c0e9970 Exception <a 'java/lang/NoSuchMethodError'{0x0000040002ce2a80}: 'int java.lang.invoke.DirectMethodHandle$Holder.invokeSpecial(java.lang.Object, java.lang.Object, java.lang.Object, int)'> (0x0000040002ce2a80) 
thrown [src/hotspot/share/interpreter/linkResolver.cpp, line 772]
Event: 0.355 Thread 0x000074b00c0e9970 Exception <a 'java/lang/NoSuchMethodError'{0x0000040002cf8a08}: 'java.lang.Object java.lang.invoke.DirectMethodHandle$Holder.invokeStatic(java.lang.Object, java.lang.Object, java.lang.Object, java.lang.Object, int)'> (0x0000040002cf8a08) 
thrown [src/hotspot/share/interpreter/linkResolver.cpp, line 772]
Event: 0.355 Thread 0x000074b00c0e9970 Exception <a 'java/lang/NoSuchMethodError'{0x0000040002d02688}: 'long java.lang.invoke.DirectMethodHandle$Holder.invokeStatic(java.lang.Object, java.lang.Object, int)'> (0x0000040002d02688) 
thrown [src/hotspot/share/interpreter/linkResolver.cpp, line 772]
Event: 0.355 Thread 0x000074b00c0e9970 Exception <a 'java/lang/NoSuchMethodError'{0x0000040002d0fb80}: 'java.lang.Object java.lang.invoke.DelegatingMethodHandle$Holder.reinvoke_L(java.lang.Object, int, long, java.lang.Object, java.lang.Object, int, java.lang.Object)'> (0x0000040002d0fb80) 
thrown [src/hotspot/share/interpreter/linkResolver.cpp, line 772]
Event: 0.357 Thread 0x000074b00c0e9970 Exception <a 'java/lang/NoSuchMethodError'{0x0000040002d407d8}: 'java.lang.Object java.lang.invoke.DirectMethodHandle$Holder.invokeStatic(java.lang.Object, java.lang.Object, int)'> (0x0000040002d407d8) 
thrown [src/hotspot/share/interpreter/linkResolver.cpp, line 772]
Event: 0.357 Thread 0x000074b00c0e9970 Exception <a 'java/lang/NoSuchMethodError'{0x0000040002d4e528}: 'void java.lang.invoke.DelegatingMethodHandle$Holder.delegate(java.lang.Object, java.lang.Object, int, java.lang.Object)'> (0x0000040002d4e528) 
thrown [src/hotspot/share/interpreter/linkResolver.cpp, line 772]
Event: 0.374 Thread 0x000074b00c0e9970 Exception <a 'java/lang/NoSuchMethodError'{0x0000040002d8d848}: 'void java.lang.invoke.DirectMethodHandle$Holder.invokeSpecial(java.lang.Object, java.lang.Object, java.lang.Object)'> (0x0000040002d8d848) 
thrown [src/hotspot/share/interpreter/linkResolver.cpp, line 772]
Event: 0.395 Thread 0x000074b00c0e9970 Exception <a 'java/lang/NoSuchMethodError'{0x00000400031c9158}: 'void java.lang.invoke.DirectMethodHandle$Holder.invokeStatic(java.lang.Object, int)'> (0x00000400031c9158) 
thrown [src/hotspot/share/interpreter/linkResolver.cpp, line 772]
Event: 0.396 Thread 0x000074b00c0e9970 Exception <a 'sun/nio/fs/UnixException'{0x00000400031d41c0}> (0x00000400031d41c0) 
thrown [src/hotspot/share/prims/jni.cpp, line 520]
Event: 0.397 Thread 0x000074b00c0e9970 Exception <a 'java/lang/NoSuchMethodError'{0x00000400031e9b50}: 'void java.lang.invoke.DirectMethodHandle$Holder.invokeStaticInit(java.lang.Object, java.lang.Object)'> (0x00000400031e9b50) 
thrown [src/hotspot/share/interpreter/linkResolver.cpp, line 772]
Event: 0.409 Thread 0x000074b00c0e9970 Exception <a 'java/lang/NoSuchMethodError'{0x0000040003443400}: 'java.lang.Object java.lang.invoke.DirectMethodHandle$Holder.newInvokeSpecial(java.lang.Object, java.lang.Object, java.lang.Object, java.lang.Object, java.lang.Object)'> (0x0000040003443400) 
thrown [src/hotspot/share/interpreter/linkResolver.cpp, line 772]
Event: 0.422 Thread 0x000074b00c0e9970 Exception <a 'java/lang/NoSuchMethodError'{0x00000400036053f0}: 'int java.lang.invoke.DirectMethodHandle$Holder.invokeStaticInit(java.lang.Object, int, int, java.lang.Object, java.lang.Object)'> (0x00000400036053f0) 
thrown [src/hotspot/share/interpreter/linkResolver.cpp, line 772]
Event: 0.423 Thread 0x000074b00c0e9970 Exception <a 'java/lang/NoSuchMethodError'{0x000004000360e0e8}: 'void java.lang.invoke.DirectMethodHandle$Holder.invokeVirtual(java.lang.Object, java.lang.Object)'> (0x000004000360e0e8) 
thrown [src/hotspot/share/interpreter/linkResolver.cpp, line 772]
Event: 0.424 Thread 0x000074b00c49ddc0 Exception <a 'java/lang/NoSuchMethodError'{0x000004000305a0d8}: 'java.lang.Object java.lang.invoke.DirectMethodHandle$Holder.newInvokeSpecial(java.lang.Object, java.lang.Object, java.lang.Object, java.lang.Object, int)'> (0x000004000305a0d8) 
thrown [src/hotspot/share/interpreter/linkResolver.cpp, line 772]
Event: 0.425 Thread 0x000074b00c49ddc0 Exception <a 'java/lang/NoSuchMethodError'{0x000004000305f4e0}: 'java.lang.Object java.lang.invoke.DirectMethodHandle$Holder.invokeSpecial(java.lang.Object, java.lang.Object, java.lang.Object, java.lang.Object, java.lang.Object, int)'> (0x000004000305f4e0) 
thrown [src/hotspot/share/interpreter/linkResolver.cpp, line 772]
Event: 0.425 Thread 0x000074b00c49ddc0 Exception <a 'java/lang/NoSuchMethodError'{0x0000040003063d78}: 'java.lang.Object java.lang.invoke.Invokers$Holder.linkToTargetMethod(java.lang.Object, java.lang.Object, java.lang.Object, int, java.lang.Object)'> (0x0000040003063d78) 
thrown [src/hotspot/share/interpreter/linkResolver.cpp, line 772]
Event: 0.433 Thread 0x000074b00c49ddc0 Exception <a 'java/lang/NoSuchMethodError'{0x000004000369a710}: 'java.lang.Object java.lang.invoke.DirectMethodHandle$Holder.newInvokeSpecial(java.lang.Object, java.lang.Object, java.lang.Object, int)'> (0x000004000369a710) 
thrown [src/hotspot/share/interpreter/linkResolver.cpp, line 772]
Event: 0.434 Thread 0x000074b00c49ddc0 Exception <a 'java/lang/NoSuchMethodError'{0x000004000369f088}: 'java.lang.Object java.lang.invoke.DirectMethodHandle$Holder.invokeSpecial(java.lang.Object, java.lang.Object, java.lang.Object, java.lang.Object, int)'> (0x000004000369f088) 
thrown [src/hotspot/share/interpreter/linkResolver.cpp, line 772]
Event: 0.434 Thread 0x000074b00c49ddc0 Exception <a 'java/lang/NoSuchMethodError'{0x00000400036a2f98}: 'java.lang.Object java.lang.invoke.Invokers$Holder.linkToTargetMethod(java.lang.Object, java.lang.Object, int, java.lang.Object)'> (0x00000400036a2f98) 
thrown [src/hotspot/share/interpreter/linkResolver.cpp, line 772]
Event: 0.438 Thread 0x000074b00c0e9970 Exception <a 'sun/nio/fs/UnixException'{0x000004000372af00}> (0x000004000372af00) 
thrown [src/hotspot/share/prims/jni.cpp, line 520]
Event: 0.440 Thread 0x000074b00c0e9970 Exception <a 'java/lang/NoSuchMethodError'{0x000004000375fc28}: 'int java.lang.invoke.DirectMethodHandle$Holder.invokeStaticInit(java.lang.Object, java.lang.Object, java.lang.Object)'> (0x000004000375fc28) 
thrown [src/hotspot/share/interpreter/linkResolver.cpp, line 772]
Event: 0.459 Thread 0x000074b00c0e9970 Exception <a 'java/lang/NoSuchMethodError'{0x000004000391b808}: 'void java.lang.invoke.DirectMethodHandle$Holder.invokeStatic(java.lang.Object, long)'> (0x000004000391b808) 
thrown [src/hotspot/share/interpreter/linkResolver.cpp, line 772]
Event: 0.470 Thread 0x000074b00c0e9970 Exception <a 'java/lang/NoSuchMethodError'{0x0000040003a9db78}: 'java.lang.Object java.lang.invoke.DirectMethodHandle$Holder.invokeSpecial(java.lang.Object, java.lang.Object, java.lang.Object, int, int, java.lang.Object)'> (0x0000040003a9db78) 
thrown [src/hotspot/share/interpreter/linkResolver.cpp, line 772]
Event: 0.488 Thread 0x000074b00c0e9970 Exception <a 'java/lang/NoSuchMethodError'{0x0000040003b50ef8}: 'void java.lang.invoke.DirectMethodHandle$Holder.invokeStatic(java.lang.Object, java.lang.Object, int)'> (0x0000040003b50ef8) 
thrown [src/hotspot/share/interpreter/linkResolver.cpp, line 772]
Event: 0.532 Thread 0x000074b00c0e9970 Exception <a 'java/lang/NoSuchMethodError'{0x0000040003f68d60}: 'java.lang.Object java.lang.invoke.DirectMethodHandle$Holder.invokeSpecial(java.lang.Object, java.lang.Object, int, java.lang.Object, java.lang.Object)'> (0x0000040003f68d60) 
thrown [src/hotspot/share/interpreter/linkResolver.cpp, line 772]
Event: 0.535 Thread 0x000074b00c0e9970 Exception <a 'sun/nio/fs/UnixException'{0x0000040003f74148}> (0x0000040003f74148) 
thrown [src/hotspot/share/prims/jni.cpp, line 520]
Event: 0.564 Thread 0x000074b00c49ddc0 Exception <a 'java/lang/NoSuchMethodError'{0x0000040003c698a8}: 'java.lang.Object java.lang.invoke.DirectMethodHandle$Holder.newInvokeSpecial(java.lang.Object, java.lang.Object, java.lang.Object, int, int)'> (0x0000040003c698a8) 
thrown [src/hotspot/share/interpreter/linkResolver.cpp, line 772]
Event: 0.565 Thread 0x000074b00c0e9970 Exception <a 'sun/nio/fs/UnixException'{0x00000400040175b0}> (0x00000400040175b0) 
thrown [src/hotspot/share/prims/jni.cpp, line 520]
Event: 0.574 Thread 0x000074b00c49ef50 Exception <a 'java/lang/NoSuchMethodError'{0x00000400041044c8}: 'void java.lang.invoke.DirectMethodHandle$Holder.invokeSpecial(java.lang.Object, java.lang.Object, long)'> (0x00000400041044c8) 
thrown [src/hotspot/share/interpreter/linkResolver.cpp, line 772]
Event: 0.575 Thread 0x000074b00c49ef50 Exception <a 'java/lang/NoSuchMethodError'{0x000004000410b248}: 'java.lang.Object java.lang.invoke.DirectMethodHandle$Holder.newInvokeSpecial(java.lang.Object, java.lang.Object, long)'> (0x000004000410b248) 
thrown [src/hotspot/share/interpreter/linkResolver.cpp, line 772]
Event: 0.575 Thread 0x000074b00c49ef50 Exception <a 'java/lang/NoSuchMethodError'{0x000004000410fa08}: 'java.lang.Object java.lang.invoke.Invokers$Holder.linkToTargetMethod(java.lang.Object, long, java.lang.Object)'> (0x000004000410fa08) 
thrown [src/hotspot/share/interpreter/linkResolver.cpp, line 772]
Event: 0.590 Thread 0x000074b00c69ab50 Exception <a 'java/lang/NoSuchMethodError'{0x0000040003dafe88}: 'java.lang.Object java.lang.invoke.DirectMethodHandle$Holder.newInvokeSpecial(java.lang.Object, int, java.lang.Object)'> (0x0000040003dafe88) 
thrown [src/hotspot/share/interpreter/linkResolver.cpp, line 772]
Event: 0.628 Thread 0x000074b00c616f60 Implicit null exception at 0x000074affc291a9c to 0x000074affc291da4
Event: 0.686 Thread 0x000074aadc002970 Exception <a 'java/lang/NoSuchMethodError'{0x0000040004849250}: 'java.lang.Object java.lang.invoke.DirectMethodHandle$Holder.newInvokeSpecial(java.lang.Object, java.lang.Object, long, long)'> (0x0000040004849250) 
thrown [src/hotspot/share/interpreter/linkResolver.cpp, line 772]
Event: 0.686 Thread 0x000074aadc002970 Exception <a 'java/lang/NoSuchMethodError'{0x000004000484e040}: 'java.lang.Object java.lang.invoke.DirectMethodHandle$Holder.invokeSpecial(java.lang.Object, java.lang.Object, java.lang.Object, long, long)'> (0x000004000484e040) 
thrown [src/hotspot/share/interpreter/linkResolver.cpp, line 772]
Event: 0.787 Thread 0x000074b00c84f8a0 Exception <a 'java/lang/NoSuchMethodError'{0x0000040000263be8}: 'java.lang.Object java.lang.invoke.DirectMethodHandle$Holder.invokeStatic(java.lang.Object, int, java.lang.Object)'> (0x0000040000263be8) 
thrown [src/hotspot/share/interpreter/linkResolver.cpp, line 772]
Event: 0.891 Thread 0x000074b00c84f8a0 Exception <a 'java/lang/NoSuchMethodError'{0x000004001746d050}: 'long java.lang.invoke.DirectMethodHandle$Holder.invokeVirtual(java.lang.Object, java.lang.Object)'> (0x000004001746d050) 
thrown [src/hotspot/share/interpreter/linkResolver.cpp, line 772]
Event: 0.892 Thread 0x000074b00c84f8a0 Exception <a 'java/lang/NoSuchMethodError'{0x0000040017786040}: 'long java.lang.invoke.DirectMethodHandle$Holder.invokeSpecial(java.lang.Object, java.lang.Object)'> (0x0000040017786040) 
thrown [src/hotspot/share/interpreter/linkResolver.cpp, line 772]
Event: 0.893 Thread 0x000074b00c84f8a0 Exception <a 'java/lang/NoSuchMethodError'{0x00000400177a2b28}: 'int java.lang.invoke.DirectMethodHandle$Holder.invokeInterface(java.lang.Object, java.lang.Object)'> (0x00000400177a2b28) 
thrown [src/hotspot/share/interpreter/linkResolver.cpp, line 772]
Event: 1.415 Thread 0x000074b00c84f8a0 Exception <a 'java/lang/NoSuchMethodError'{0x0000040010559d90}: 'java.lang.Object java.lang.invoke.DirectMethodHandle$Holder.invokeSpecial(java.lang.Object, java.lang.Object, long, int)'> (0x0000040010559d90) 
thrown [src/hotspot/share/interpreter/linkResolver.cpp, line 772]
Event: 1.858 Thread 0x000074a9d80073f0 Exception <a 'java/lang/NoSuchMethodError'{0x0000040014229a80}: 'java.lang.Object java.lang.invoke.DirectMethodHandle$Holder.invokeSpecialIFC(java.lang.Object, java.lang.Object, java.lang.Object, java.lang.Object)'> (0x0000040014229a80) 
thrown [src/hotspot/share/interpreter/linkResolver.cpp, line 772]
Event: 1.859 Thread 0x000074a9d80073f0 Exception <a 'java/lang/NoSuchMethodError'{0x0000040014232060}: 'java.lang.Object java.lang.invoke.DirectMethodHandle$Holder.invokeVirtual(java.lang.Object, java.lang.Object, java.lang.Object, java.lang.Object)'> (0x0000040014232060) 
thrown [src/hotspot/share/interpreter/linkResolver.cpp, line 772]
Event: 1.887 Thread 0x000074a9d80073f0 Exception <a 'java/lang/IncompatibleClassChangeError'{0x00000400143b1278}: Found class java.lang.Object, but interface was expected> (0x00000400143b1278) 
thrown [src/hotspot/share/interpreter/linkResolver.cpp, line 840]
Event: 2.773 Thread 0x000074b00c84f8a0 Exception <a 'java/lang/NoSuchMethodError'{0x0000040010676f10}: 'java.lang.Object java.lang.invoke.DirectMethodHandle$Holder.invokeSpecial(java.lang.Object, java.lang.Object, long, java.lang.Object, int)'> (0x0000040010676f10) 
thrown [src/hotspot/share/interpreter/linkResolver.cpp, line 772]
Event: 10.934 Thread 0x000074aa686b8df0 Exception <a 'java/lang/NoSuchMethodError'{0x00000400180c9560}: 'java.lang.Object java.lang.invoke.DirectMethodHandle$Holder.newInvokeSpecial(java.lang.Object, long, long, java.lang.Object)'> (0x00000400180c9560) 
thrown [src/hotspot/share/interpreter/linkResolver.cpp, line 772]
Event: 227.040 Thread 0x000074b00c84f8a0 Exception <a 'java/lang/NoSuchMethodError'{0x000004001b3c9808}: 'java.lang.Object java.lang.invoke.DirectMethodHandle$Holder.invokeSpecial(java.lang.Object, java.lang.Object, long, long, long)'> (0x000004001b3c9808) 
thrown [src/hotspot/share/interpreter/linkResolver.cpp, line 772]
Event: 1025.771 Thread 0x000074b00c49ddc0 Exception <a 'java/lang/NoSuchMethodError'{0x000004001af48720}: 'java.lang.Object java.lang.invoke.DirectMethodHandle$Holder.newInvokeSpecial(java.lang.Object, java.lang.Object, long, long, java.lang.Object)'> (0x000004001af48720) 
thrown [src/hotspot/share/interpreter/linkResolver.cpp, line 772]
Event: 1031.394 Thread 0x000074b00c49ef50 Exception <a 'java/lang/NoSuchMethodError'{0x000004001085ac90}: 'void java.lang.invoke.DirectMethodHandle$Holder.invokeSpecial(java.lang.Object, java.lang.Object, java.lang.Object, java.lang.Object, java.lang.Object)'> (0x000004001085ac90) 
thrown [src/hotspot/share/interpreter/linkResolver.cpp, line 772]

ZGC Phase Switch (250 events):
Event: 121206.206 Young Mark End         413
Event: 121206.208 Young Relocate Start   413
Event: 121206.396 Old Mark End           411
Event: 121206.410 Old Relocate Start     411
Event: 121503.541 Young Mark Start       414
Event: 121503.541 Old Mark Start         412
Event: 121503.543 Young Mark End         414
Event: 121503.547 Young Relocate Start   414
Event: 121503.690 Old Mark End           412
Event: 121503.711 Old Relocate Start     412
Event: 121803.721 Young Mark Start       415
Event: 121803.721 Old Mark Start         413
Event: 121803.735 Young Mark End         415
Event: 121803.736 Young Relocate Start   415
Event: 121803.925 Old Mark End           413
Event: 121803.939 Old Relocate Start     413
Event: 122103.947 Young Mark Start       416
Event: 122103.947 Old Mark Start         414
Event: 122103.958 Young Mark End         416
Event: 122103.959 Young Relocate Start   416
Event: 122104.056 Old Mark End           414
Event: 122104.074 Old Relocate Start     414
Event: 122404.078 Young Mark Start       417
Event: 122404.078 Old Mark Start         415
Event: 122404.080 Young Mark End         417
Event: 122404.085 Young Relocate Start   417
Event: 122404.222 Old Mark End           415
Event: 122404.238 Old Relocate Start     415
Event: 122704.246 Young Mark Start       418
Event: 122704.246 Old Mark Start         416
Event: 122704.248 Young Mark End         418
Event: 122704.249 Young Relocate Start   418
Event: 122704.439 Old Mark End           416
Event: 122704.455 Old Relocate Start     416
Event: 123004.458 Young Mark Start       419
Event: 123004.458 Old Mark Start         417
Event: 123004.463 Young Mark End         419
Event: 123004.465 Young Relocate Start   419
Event: 123004.590 Old Mark End           417
Event: 123004.609 Old Relocate Start     417
Event: 123304.613 Young Mark Start       420
Event: 123304.613 Old Mark Start         418
Event: 123304.616 Young Mark End         420
Event: 123304.618 Young Relocate Start   420
Event: 123304.846 Old Mark End           418
Event: 123304.877 Old Relocate Start     418
Event: 123604.888 Young Mark Start       421
Event: 123604.888 Old Mark Start         419
Event: 123604.895 Young Mark End         421
Event: 123604.897 Young Relocate Start   421
Event: 123605.154 Old Mark End           419
Event: 123605.183 Old Relocate Start     419
Event: 123905.157 Young Mark Start       422
Event: 123905.157 Old Mark Start         420
Event: 123905.161 Young Mark End         422
Event: 123905.161 Young Relocate Start   422
Event: 123905.317 Old Mark End           420
Event: 123905.337 Old Relocate Start     420
Event: 124205.348 Young Mark Start       423
Event: 124205.348 Old Mark Start         421
Event: 124205.351 Young Mark End         423
Event: 124205.352 Young Relocate Start   423
Event: 124205.472 Old Mark End           421
Event: 124205.492 Old Relocate Start     421
Event: 124505.495 Young Mark Start       424
Event: 124505.495 Old Mark Start         422
Event: 124505.500 Young Mark End         424
Event: 124505.501 Young Relocate Start   424
Event: 124505.805 Old Mark End           422
Event: 124505.826 Old Relocate Start     422
Event: 124803.369 Young Mark Start       425
Event: 124803.369 Old Mark Start         423
Event: 124803.375 Young Mark End         425
Event: 124803.378 Young Relocate Start   425
Event: 124803.574 Old Mark End           423
Event: 124803.593 Old Relocate Start     423
Event: 125102.732 Young Mark Start       426
Event: 125102.732 Old Mark Start         424
Event: 125102.737 Young Mark End         426
Event: 125102.741 Young Relocate Start   426
Event: 125102.914 Old Mark End           424
Event: 125102.933 Old Relocate Start     424
Event: 125402.940 Young Mark Start       427
Event: 125402.940 Old Mark Start         425
Event: 125402.966 Young Mark End         427
Event: 125402.978 Young Relocate Start   427
Event: 125403.144 Old Mark End           425
Event: 125403.166 Old Relocate Start     425
Event: 125703.176 Young Mark Start       428
Event: 125703.176 Old Mark Start         426
Event: 125703.181 Young Mark End         428
Event: 125703.182 Young Relocate Start   428
Event: 125703.392 Old Mark End           426
Event: 125703.409 Old Relocate Start     426
Event: 126000.566 Young Mark Start       429
Event: 126000.566 Old Mark Start         427
Event: 126000.572 Young Mark End         429
Event: 126000.574 Young Relocate Start   429
Event: 126000.681 Old Mark End           427
Event: 126000.703 Old Relocate Start     427
Event: 126291.810 Young Mark Start       430
Event: 126291.810 Old Mark Start         428
Event: 126291.813 Young Mark End         430
Event: 126291.814 Young Relocate Start   430
Event: 126291.929 Old Mark End           428
Event: 126291.952 Old Relocate Start     428
Event: 126591.962 Young Mark Start       431
Event: 126591.962 Old Mark Start         429
Event: 126591.969 Young Mark End         431
Event: 126591.974 Young Relocate Start   431
Event: 126592.205 Old Mark End           429
Event: 126592.236 Old Relocate Start     429
Event: 126892.241 Young Mark Start       432
Event: 126892.241 Old Mark Start         430
Event: 126892.244 Young Mark End         432
Event: 126892.244 Young Relocate Start   432
Event: 126892.348 Old Mark End           430
Event: 126892.365 Old Relocate Start     430
Event: 127192.369 Young Mark Start       433
Event: 127192.369 Old Mark Start         431
Event: 127192.374 Young Mark End         433
Event: 127192.387 Young Relocate Start   433
Event: 127192.593 Old Mark End           431
Event: 127192.622 Old Relocate Start     431
Event: 127492.628 Young Mark Start       434
Event: 127492.628 Old Mark Start         432
Event: 127492.630 Young Mark End         434
Event: 127492.632 Young Relocate Start   434
Event: 127492.784 Old Mark End           432
Event: 127492.805 Old Relocate Start     432
Event: 127792.811 Young Mark Start       435
Event: 127792.811 Old Mark Start         433
Event: 127792.814 Young Mark End         435
Event: 127792.815 Young Relocate Start   435
Event: 127792.917 Old Mark End           433
Event: 127792.933 Old Relocate Start     433
Event: 128092.944 Young Mark Start       436
Event: 128092.944 Old Mark Start         434
Event: 128092.948 Young Mark End         436
Event: 128092.952 Young Relocate Start   436
Event: 128093.054 Old Mark End           434
Event: 128093.071 Old Relocate Start     434
Event: 128386.851 Young Mark Start       437
Event: 128386.851 Old Mark Start         435
Event: 128386.856 Young Mark End         437
Event: 128386.858 Young Relocate Start   437
Event: 128386.984 Old Mark End           435
Event: 128387.001 Old Relocate Start     435
Event: 128687.010 Young Mark Start       438
Event: 128687.010 Old Mark Start         436
Event: 128687.015 Young Mark End         438
Event: 128687.019 Young Relocate Start   438
Event: 128687.148 Old Mark End           436
Event: 128687.179 Old Relocate Start     436
Event: 128987.182 Young Mark Start       439
Event: 128987.182 Old Mark Start         437
Event: 128987.185 Young Mark End         439
Event: 128987.186 Young Relocate Start   439
Event: 128987.308 Old Mark End           437
Event: 128987.327 Old Relocate Start     437
Event: 129284.970 Young Mark Start       440
Event: 129284.970 Old Mark Start         438
Event: 129284.973 Young Mark End         440
Event: 129284.974 Young Relocate Start   440
Event: 129285.106 Old Mark End           438
Event: 129285.130 Old Relocate Start     438
Event: 129579.549 Young Mark Start       441
Event: 129579.549 Old Mark Start         439
Event: 129579.554 Young Mark End         441
Event: 129579.555 Young Relocate Start   441
Event: 129579.676 Old Mark End           439
Event: 129579.695 Old Relocate Start     439
Event: 129879.697 Young Mark Start       442
Event: 129879.697 Old Mark Start         440
Event: 129879.701 Young Mark End         442
Event: 129879.701 Young Relocate Start   442
Event: 129879.837 Old Mark End           440
Event: 129879.861 Old Relocate Start     440
Event: 130168.949 Young Mark Start       443
Event: 130168.949 Old Mark Start         441
Event: 130168.957 Young Mark End         443
Event: 130168.960 Young Relocate Start   443
Event: 130169.195 Old Mark End           441
Event: 130169.223 Old Relocate Start     441
Event: 130454.956 Young Mark Start       444
Event: 130454.956 Old Mark Start         442
Event: 130454.964 Young Mark End         444
Event: 130454.966 Young Relocate Start   444
Event: 130455.171 Old Mark End           442
Event: 130455.195 Old Relocate Start     442
Event: 130751.352 Young Mark Start       445
Event: 130751.352 Old Mark Start         443
Event: 130751.356 Young Mark End         445
Event: 130751.358 Young Relocate Start   445
Event: 130751.555 Old Mark End           443
Event: 130751.572 Old Relocate Start     443
Event: 131050.170 Young Mark Start       446
Event: 131050.170 Old Mark Start         444
Event: 131050.172 Young Mark End         446
Event: 131050.174 Young Relocate Start   446
Event: 131050.298 Old Mark End           444
Event: 131050.317 Old Relocate Start     444
Event: 131338.766 Young Mark Start       447
Event: 131338.766 Old Mark Start         445
Event: 131338.769 Young Mark End         447
Event: 131338.770 Young Relocate Start   447
Event: 131339.007 Old Mark End           445
Event: 131339.032 Old Relocate Start     445
Event: 131631.160 Young Mark Start       448
Event: 131631.160 Old Mark Start         446
Event: 131631.167 Young Mark End         448
Event: 131631.168 Young Relocate Start   448
Event: 131631.325 Old Mark End           446
Event: 131631.345 Old Relocate Start     446
Event: 131927.052 Young Mark Start       449
Event: 131927.052 Old Mark Start         447
Event: 131927.065 Young Mark End         449
Event: 131927.066 Young Relocate Start   449
Event: 131927.299 Old Mark End           447
Event: 131927.327 Old Relocate Start     447
Event: 132222.143 Young Mark Start       450
Event: 132222.143 Old Mark Start         448
Event: 132222.148 Young Mark End         450
Event: 132222.149 Young Relocate Start   450
Event: 132222.263 Old Mark End           448
Event: 132222.284 Old Relocate Start     448
Event: 132522.292 Young Mark Start       451
Event: 132522.292 Old Mark Start         449
Event: 132522.295 Young Mark End         451
Event: 132522.301 Young Relocate Start   451
Event: 132522.410 Old Mark End           449
Event: 132522.423 Old Relocate Start     449
Event: 132816.855 Young Mark Start       452
Event: 132816.855 Old Mark Start         450
Event: 132816.859 Young Mark End         452
Event: 132816.864 Young Relocate Start   452
Event: 132817.061 Old Mark End           450
Event: 132817.083 Old Relocate Start     450
Event: 133117.088 Young Mark Start       453
Event: 133117.088 Old Mark Start         451
Event: 133117.094 Young Mark End         453
Event: 133117.096 Young Relocate Start   453
Event: 133117.228 Old Mark End           451
Event: 133117.240 Old Relocate Start     451
Event: 133412.557 Young Mark Start       454
Event: 133412.557 Old Mark Start         452
Event: 133412.561 Young Mark End         454
Event: 133412.565 Young Relocate Start   454
Event: 133412.776 Old Mark End           452
Event: 133412.798 Old Relocate Start     452

VM Operations (250 events):
Event: 132222.148 Executing non-safepoint VM operation: ZMarkFlushOperation
Event: 132222.148 Executing non-safepoint VM operation: ZMarkFlushOperation done
Event: 132222.148 Executing non-safepoint VM operation: HandshakeAllThreads (ZMarkFlushAndFreeStacks)
Event: 132222.148 Executing non-safepoint VM operation: HandshakeAllThreads (ZMarkFlushAndFreeStacks) done
Event: 132222.148 Executing non-safepoint VM operation: ZMarkFlushOperation
Event: 132222.148 Executing non-safepoint VM operation: ZMarkFlushOperation done
Event: 132222.148 Executing non-safepoint VM operation: HandshakeAllThreads (ZMarkFlushAndFreeStacks)
Event: 132222.148 Executing non-safepoint VM operation: HandshakeAllThreads (ZMarkFlushAndFreeStacks) done
Event: 132222.148 Executing non-safepoint VM operation: ZMarkFlushOperation
Event: 132222.148 Executing non-safepoint VM operation: ZMarkFlushOperation done
Event: 132222.148 Executing safepoint VM operation: ZMarkEndYoung (Proactive)
Event: 132222.148 Executing safepoint VM operation: ZMarkEndYoung (Proactive) done
Event: 132222.148 Executing safepoint VM operation: ZRelocateStartYoung (Proactive)
Event: 132222.149 Executing safepoint VM operation: ZRelocateStartYoung (Proactive) done
Event: 132222.263 Executing non-safepoint VM operation: HandshakeAllThreads (ZMarkFlushAndFreeStacks)
Event: 132222.263 Executing non-safepoint VM operation: HandshakeAllThreads (ZMarkFlushAndFreeStacks) done
Event: 132222.263 Executing non-safepoint VM operation: ZMarkFlushOperation
Event: 132222.263 Executing non-safepoint VM operation: ZMarkFlushOperation done
Event: 132222.263 Executing non-safepoint VM operation: HandshakeAllThreads (ZMarkFlushAndFreeStacks)
Event: 132222.263 Executing non-safepoint VM operation: HandshakeAllThreads (ZMarkFlushAndFreeStacks) done
Event: 132222.263 Executing non-safepoint VM operation: ZMarkFlushOperation
Event: 132222.263 Executing non-safepoint VM operation: ZMarkFlushOperation done
Event: 132222.263 Executing non-safepoint VM operation: HandshakeAllThreads (ZMarkFlushAndFreeStacks)
Event: 132222.263 Executing non-safepoint VM operation: HandshakeAllThreads (ZMarkFlushAndFreeStacks) done
Event: 132222.263 Executing non-safepoint VM operation: ZMarkFlushOperation
Event: 132222.263 Executing non-safepoint VM operation: ZMarkFlushOperation done
Event: 132222.263 Executing safepoint VM operation: ZMarkEndOld (Proactive)
Event: 132222.263 Executing safepoint VM operation: ZMarkEndOld (Proactive) done
Event: 132222.269 Executing non-safepoint VM operation: HandshakeAllThreads (ZRendezvous)
Event: 132222.269 Executing non-safepoint VM operation: HandshakeAllThreads (ZRendezvous) done
Event: 132222.269 Executing non-safepoint VM operation: ZRendezvousGCThreads
Event: 132222.269 Executing non-safepoint VM operation: ZRendezvousGCThreads done
Event: 132222.284 Executing safepoint VM operation: ZRelocateStartOld (Proactive)
Event: 132222.284 Executing safepoint VM operation: ZRelocateStartOld (Proactive) done
Event: 132239.150 Executing non-safepoint VM operation: HandshakeAllThreads (HandshakeForDeflation)
Event: 132239.150 Executing non-safepoint VM operation: HandshakeAllThreads (HandshakeForDeflation) done
Event: 132239.150 Executing non-safepoint VM operation: RendezvousGCThreads
Event: 132239.150 Executing non-safepoint VM operation: RendezvousGCThreads done
Event: 132299.175 Executing non-safepoint VM operation: HandshakeAllThreads (HandshakeForDeflation)
Event: 132299.175 Executing non-safepoint VM operation: HandshakeAllThreads (HandshakeForDeflation) done
Event: 132299.175 Executing non-safepoint VM operation: RendezvousGCThreads
Event: 132299.175 Executing non-safepoint VM operation: RendezvousGCThreads done
Event: 132359.197 Executing non-safepoint VM operation: HandshakeAllThreads (HandshakeForDeflation)
Event: 132359.197 Executing non-safepoint VM operation: HandshakeAllThreads (HandshakeForDeflation) done
Event: 132359.197 Executing non-safepoint VM operation: RendezvousGCThreads
Event: 132359.197 Executing non-safepoint VM operation: RendezvousGCThreads done
Event: 132479.251 Executing non-safepoint VM operation: HandshakeAllThreads (HandshakeForDeflation)
Event: 132479.251 Executing non-safepoint VM operation: HandshakeAllThreads (HandshakeForDeflation) done
Event: 132479.251 Executing non-safepoint VM operation: RendezvousGCThreads
Event: 132479.251 Executing non-safepoint VM operation: RendezvousGCThreads done
Event: 132522.292 Executing safepoint VM operation: ZMarkStartYoungAndOld (Proactive)
Event: 132522.292 Executing safepoint VM operation: ZMarkStartYoungAndOld (Proactive) done
Event: 132522.294 Executing non-safepoint VM operation: HandshakeAllThreads (ZMarkFlushAndFreeStacks)
Event: 132522.294 Executing non-safepoint VM operation: HandshakeAllThreads (ZMarkFlushAndFreeStacks) done
Event: 132522.294 Executing non-safepoint VM operation: ZMarkFlushOperation
Event: 132522.294 Executing non-safepoint VM operation: ZMarkFlushOperation done
Event: 132522.294 Executing non-safepoint VM operation: HandshakeAllThreads (ZMarkFlushAndFreeStacks)
Event: 132522.294 Executing non-safepoint VM operation: HandshakeAllThreads (ZMarkFlushAndFreeStacks) done
Event: 132522.294 Executing non-safepoint VM operation: ZMarkFlushOperation
Event: 132522.294 Executing non-safepoint VM operation: ZMarkFlushOperation done
Event: 132522.294 Executing non-safepoint VM operation: HandshakeAllThreads (ZMarkFlushAndFreeStacks)
Event: 132522.294 Executing non-safepoint VM operation: HandshakeAllThreads (ZMarkFlushAndFreeStacks) done
Event: 132522.294 Executing non-safepoint VM operation: ZMarkFlushOperation
Event: 132522.294 Executing non-safepoint VM operation: ZMarkFlushOperation done
Event: 132522.295 Executing safepoint VM operation: ZMarkEndYoung (Proactive)
Event: 132522.295 Executing safepoint VM operation: ZMarkEndYoung (Proactive) done
Event: 132522.301 Executing safepoint VM operation: ZRelocateStartYoung (Proactive)
Event: 132522.301 Executing safepoint VM operation: ZRelocateStartYoung (Proactive) done
Event: 132522.409 Executing non-safepoint VM operation: HandshakeAllThreads (ZMarkFlushAndFreeStacks)
Event: 132522.409 Executing non-safepoint VM operation: HandshakeAllThreads (ZMarkFlushAndFreeStacks) done
Event: 132522.409 Executing non-safepoint VM operation: ZMarkFlushOperation
Event: 132522.409 Executing non-safepoint VM operation: ZMarkFlushOperation done
Event: 132522.409 Executing non-safepoint VM operation: HandshakeAllThreads (ZMarkFlushAndFreeStacks)
Event: 132522.409 Executing non-safepoint VM operation: HandshakeAllThreads (ZMarkFlushAndFreeStacks) done
Event: 132522.409 Executing non-safepoint VM operation: ZMarkFlushOperation
Event: 132522.409 Executing non-safepoint VM operation: ZMarkFlushOperation done
Event: 132522.410 Executing non-safepoint VM operation: HandshakeAllThreads (ZMarkFlushAndFreeStacks)
Event: 132522.410 Executing non-safepoint VM operation: HandshakeAllThreads (ZMarkFlushAndFreeStacks) done
Event: 132522.410 Executing non-safepoint VM operation: ZMarkFlushOperation
Event: 132522.410 Executing non-safepoint VM operation: ZMarkFlushOperation done
Event: 132522.410 Executing safepoint VM operation: ZMarkEndOld (Proactive)
Event: 132522.410 Executing safepoint VM operation: ZMarkEndOld (Proactive) done
Event: 132522.413 Executing non-safepoint VM operation: HandshakeAllThreads (ZRendezvous)
Event: 132522.413 Executing non-safepoint VM operation: HandshakeAllThreads (ZRendezvous) done
Event: 132522.413 Executing non-safepoint VM operation: ZRendezvousGCThreads
Event: 132522.413 Executing non-safepoint VM operation: ZRendezvousGCThreads done
Event: 132522.423 Executing safepoint VM operation: ZRelocateStartOld (Proactive)
Event: 132522.423 Executing safepoint VM operation: ZRelocateStartOld (Proactive) done
Event: 132539.281 Executing non-safepoint VM operation: HandshakeAllThreads (HandshakeForDeflation)
Event: 132539.281 Executing non-safepoint VM operation: HandshakeAllThreads (HandshakeForDeflation) done
Event: 132539.281 Executing non-safepoint VM operation: RendezvousGCThreads
Event: 132539.281 Executing non-safepoint VM operation: RendezvousGCThreads done
Event: 132599.301 Executing non-safepoint VM operation: HandshakeAllThreads (HandshakeForDeflation)
Event: 132599.304 Executing non-safepoint VM operation: HandshakeAllThreads (HandshakeForDeflation) done
Event: 132599.304 Executing non-safepoint VM operation: RendezvousGCThreads
Event: 132599.304 Executing non-safepoint VM operation: RendezvousGCThreads done
Event: 132659.340 Executing non-safepoint VM operation: HandshakeAllThreads (HandshakeForDeflation)
Event: 132659.340 Executing non-safepoint VM operation: HandshakeAllThreads (HandshakeForDeflation) done
Event: 132659.340 Executing non-safepoint VM operation: RendezvousGCThreads
Event: 132659.340 Executing non-safepoint VM operation: RendezvousGCThreads done
Event: 132719.358 Executing non-safepoint VM operation: HandshakeAllThreads (HandshakeForDeflation)
Event: 132719.359 Executing non-safepoint VM operation: HandshakeAllThreads (HandshakeForDeflation) done
Event: 132719.359 Executing non-safepoint VM operation: RendezvousGCThreads
Event: 132719.359 Executing non-safepoint VM operation: RendezvousGCThreads done
Event: 132779.382 Executing non-safepoint VM operation: HandshakeAllThreads (HandshakeForDeflation)
Event: 132779.382 Executing non-safepoint VM operation: HandshakeAllThreads (HandshakeForDeflation) done
Event: 132779.382 Executing non-safepoint VM operation: RendezvousGCThreads
Event: 132779.382 Executing non-safepoint VM operation: RendezvousGCThreads done
Event: 132816.855 Executing safepoint VM operation: ZMarkStartYoungAndOld (Proactive)
Event: 132816.855 Executing safepoint VM operation: ZMarkStartYoungAndOld (Proactive) done
Event: 132816.859 Executing non-safepoint VM operation: HandshakeAllThreads (ZMarkFlushAndFreeStacks)
Event: 132816.859 Executing non-safepoint VM operation: HandshakeAllThreads (ZMarkFlushAndFreeStacks) done
Event: 132816.859 Executing non-safepoint VM operation: ZMarkFlushOperation
Event: 132816.859 Executing non-safepoint VM operation: ZMarkFlushOperation done
Event: 132816.859 Executing non-safepoint VM operation: HandshakeAllThreads (ZMarkFlushAndFreeStacks)
Event: 132816.859 Executing non-safepoint VM operation: HandshakeAllThreads (ZMarkFlushAndFreeStacks) done
Event: 132816.859 Executing non-safepoint VM operation: ZMarkFlushOperation
Event: 132816.859 Executing non-safepoint VM operation: ZMarkFlushOperation done
Event: 132816.859 Executing non-safepoint VM operation: HandshakeAllThreads (ZMarkFlushAndFreeStacks)
Event: 132816.859 Executing non-safepoint VM operation: HandshakeAllThreads (ZMarkFlushAndFreeStacks) done
Event: 132816.859 Executing non-safepoint VM operation: ZMarkFlushOperation
Event: 132816.859 Executing non-safepoint VM operation: ZMarkFlushOperation done
Event: 132816.859 Executing safepoint VM operation: ZMarkEndYoung (Proactive)
Event: 132816.859 Executing safepoint VM operation: ZMarkEndYoung (Proactive) done
Event: 132816.863 Executing safepoint VM operation: ZRelocateStartYoung (Proactive)
Event: 132816.864 Executing safepoint VM operation: ZRelocateStartYoung (Proactive) done
Event: 132817.061 Executing non-safepoint VM operation: HandshakeAllThreads (ZMarkFlushAndFreeStacks)
Event: 132817.061 Executing non-safepoint VM operation: HandshakeAllThreads (ZMarkFlushAndFreeStacks) done
Event: 132817.061 Executing non-safepoint VM operation: ZMarkFlushOperation
Event: 132817.061 Executing non-safepoint VM operation: ZMarkFlushOperation done
Event: 132817.061 Executing non-safepoint VM operation: HandshakeAllThreads (ZMarkFlushAndFreeStacks)
Event: 132817.061 Executing non-safepoint VM operation: HandshakeAllThreads (ZMarkFlushAndFreeStacks) done
Event: 132817.061 Executing non-safepoint VM operation: ZMarkFlushOperation
Event: 132817.061 Executing non-safepoint VM operation: ZMarkFlushOperation done
Event: 132817.061 Executing non-safepoint VM operation: HandshakeAllThreads (ZMarkFlushAndFreeStacks)
Event: 132817.061 Executing non-safepoint VM operation: HandshakeAllThreads (ZMarkFlushAndFreeStacks) done
Event: 132817.061 Executing non-safepoint VM operation: ZMarkFlushOperation
Event: 132817.061 Executing non-safepoint VM operation: ZMarkFlushOperation done
Event: 132817.061 Executing safepoint VM operation: ZMarkEndOld (Proactive)
Event: 132817.061 Executing safepoint VM operation: ZMarkEndOld (Proactive) done
Event: 132817.065 Executing non-safepoint VM operation: HandshakeAllThreads (ZRendezvous)
Event: 132817.065 Executing non-safepoint VM operation: HandshakeAllThreads (ZRendezvous) done
Event: 132817.065 Executing non-safepoint VM operation: ZRendezvousGCThreads
Event: 132817.065 Executing non-safepoint VM operation: ZRendezvousGCThreads done
Event: 132817.083 Executing safepoint VM operation: ZRelocateStartOld (Proactive)
Event: 132817.083 Executing safepoint VM operation: ZRelocateStartOld (Proactive) done
Event: 132839.411 Executing non-safepoint VM operation: HandshakeAllThreads (HandshakeForDeflation)
Event: 132839.411 Executing non-safepoint VM operation: HandshakeAllThreads (HandshakeForDeflation) done
Event: 132839.411 Executing non-safepoint VM operation: RendezvousGCThreads
Event: 132839.411 Executing non-safepoint VM operation: RendezvousGCThreads done
Event: 133019.489 Executing non-safepoint VM operation: HandshakeAllThreads (HandshakeForDeflation)
Event: 133019.489 Executing non-safepoint VM operation: HandshakeAllThreads (HandshakeForDeflation) done
Event: 133019.489 Executing non-safepoint VM operation: RendezvousGCThreads
Event: 133019.489 Executing non-safepoint VM operation: RendezvousGCThreads done
Event: 133079.525 Executing non-safepoint VM operation: HandshakeAllThreads (HandshakeForDeflation)
Event: 133079.526 Executing non-safepoint VM operation: HandshakeAllThreads (HandshakeForDeflation) done
Event: 133079.526 Executing non-safepoint VM operation: RendezvousGCThreads
Event: 133079.526 Executing non-safepoint VM operation: RendezvousGCThreads done
Event: 133117.088 Executing safepoint VM operation: ZMarkStartYoungAndOld (Proactive)
Event: 133117.088 Executing safepoint VM operation: ZMarkStartYoungAndOld (Proactive) done
Event: 133117.093 Executing non-safepoint VM operation: HandshakeAllThreads (ZMarkFlushAndFreeStacks)
Event: 133117.093 Executing non-safepoint VM operation: HandshakeAllThreads (ZMarkFlushAndFreeStacks) done
Event: 133117.094 Executing non-safepoint VM operation: ZMarkFlushOperation
Event: 133117.094 Executing non-safepoint VM operation: ZMarkFlushOperation done
Event: 133117.094 Executing non-safepoint VM operation: HandshakeAllThreads (ZMarkFlushAndFreeStacks)
Event: 133117.094 Executing non-safepoint VM operation: HandshakeAllThreads (ZMarkFlushAndFreeStacks) done
Event: 133117.094 Executing non-safepoint VM operation: ZMarkFlushOperation
Event: 133117.094 Executing non-safepoint VM operation: ZMarkFlushOperation done
Event: 133117.094 Executing non-safepoint VM operation: HandshakeAllThreads (ZMarkFlushAndFreeStacks)
Event: 133117.094 Executing non-safepoint VM operation: HandshakeAllThreads (ZMarkFlushAndFreeStacks) done
Event: 133117.094 Executing non-safepoint VM operation: ZMarkFlushOperation
Event: 133117.094 Executing non-safepoint VM operation: ZMarkFlushOperation done
Event: 133117.094 Executing safepoint VM operation: ZMarkEndYoung (Proactive)
Event: 133117.094 Executing safepoint VM operation: ZMarkEndYoung (Proactive) done
Event: 133117.096 Executing safepoint VM operation: ZRelocateStartYoung (Proactive)
Event: 133117.096 Executing safepoint VM operation: ZRelocateStartYoung (Proactive) done
Event: 133117.227 Executing non-safepoint VM operation: HandshakeAllThreads (ZMarkFlushAndFreeStacks)
Event: 133117.228 Executing non-safepoint VM operation: HandshakeAllThreads (ZMarkFlushAndFreeStacks) done
Event: 133117.228 Executing non-safepoint VM operation: ZMarkFlushOperation
Event: 133117.228 Executing non-safepoint VM operation: ZMarkFlushOperation done
Event: 133117.228 Executing non-safepoint VM operation: HandshakeAllThreads (ZMarkFlushAndFreeStacks)
Event: 133117.228 Executing non-safepoint VM operation: HandshakeAllThreads (ZMarkFlushAndFreeStacks) done
Event: 133117.228 Executing non-safepoint VM operation: ZMarkFlushOperation
Event: 133117.228 Executing non-safepoint VM operation: ZMarkFlushOperation done
Event: 133117.228 Executing non-safepoint VM operation: HandshakeAllThreads (ZMarkFlushAndFreeStacks)
Event: 133117.228 Executing non-safepoint VM operation: HandshakeAllThreads (ZMarkFlushAndFreeStacks) done
Event: 133117.228 Executing non-safepoint VM operation: ZMarkFlushOperation
Event: 133117.228 Executing non-safepoint VM operation: ZMarkFlushOperation done
Event: 133117.228 Executing safepoint VM operation: ZMarkEndOld (Proactive)
Event: 133117.228 Executing safepoint VM operation: ZMarkEndOld (Proactive) done
Event: 133117.231 Executing non-safepoint VM operation: HandshakeAllThreads (ZRendezvous)
Event: 133117.231 Executing non-safepoint VM operation: HandshakeAllThreads (ZRendezvous) done
Event: 133117.231 Executing non-safepoint VM operation: ZRendezvousGCThreads
Event: 133117.231 Executing non-safepoint VM operation: ZRendezvousGCThreads done
Event: 133117.240 Executing safepoint VM operation: ZRelocateStartOld (Proactive)
Event: 133117.240 Executing safepoint VM operation: ZRelocateStartOld (Proactive) done
Event: 133139.541 Executing non-safepoint VM operation: HandshakeAllThreads (HandshakeForDeflation)
Event: 133139.541 Executing non-safepoint VM operation: HandshakeAllThreads (HandshakeForDeflation) done
Event: 133139.541 Executing non-safepoint VM operation: RendezvousGCThreads
Event: 133139.541 Executing non-safepoint VM operation: RendezvousGCThreads done
Event: 133199.564 Executing non-safepoint VM operation: HandshakeAllThreads (HandshakeForDeflation)
Event: 133199.564 Executing non-safepoint VM operation: HandshakeAllThreads (HandshakeForDeflation) done
Event: 133199.564 Executing non-safepoint VM operation: RendezvousGCThreads
Event: 133199.564 Executing non-safepoint VM operation: RendezvousGCThreads done
Event: 133259.583 Executing non-safepoint VM operation: HandshakeAllThreads (HandshakeForDeflation)
Event: 133259.583 Executing non-safepoint VM operation: HandshakeAllThreads (HandshakeForDeflation) done
Event: 133259.583 Executing non-safepoint VM operation: RendezvousGCThreads
Event: 133259.583 Executing non-safepoint VM operation: RendezvousGCThreads done
Event: 133379.640 Executing non-safepoint VM operation: HandshakeAllThreads (HandshakeForDeflation)
Event: 133379.640 Executing non-safepoint VM operation: HandshakeAllThreads (HandshakeForDeflation) done
Event: 133379.640 Executing non-safepoint VM operation: RendezvousGCThreads
Event: 133379.640 Executing non-safepoint VM operation: RendezvousGCThreads done
Event: 133412.557 Executing safepoint VM operation: ZMarkStartYoungAndOld (Proactive)
Event: 133412.558 Executing safepoint VM operation: ZMarkStartYoungAndOld (Proactive) done
Event: 133412.561 Executing non-safepoint VM operation: HandshakeAllThreads (ZMarkFlushAndFreeStacks)
Event: 133412.561 Executing non-safepoint VM operation: HandshakeAllThreads (ZMarkFlushAndFreeStacks) done
Event: 133412.561 Executing non-safepoint VM operation: ZMarkFlushOperation
Event: 133412.561 Executing non-safepoint VM operation: ZMarkFlushOperation done
Event: 133412.561 Executing non-safepoint VM operation: HandshakeAllThreads (ZMarkFlushAndFreeStacks)
Event: 133412.561 Executing non-safepoint VM operation: HandshakeAllThreads (ZMarkFlushAndFreeStacks) done
Event: 133412.561 Executing non-safepoint VM operation: ZMarkFlushOperation
Event: 133412.561 Executing non-safepoint VM operation: ZMarkFlushOperation done
Event: 133412.561 Executing non-safepoint VM operation: HandshakeAllThreads (ZMarkFlushAndFreeStacks)
Event: 133412.561 Executing non-safepoint VM operation: HandshakeAllThreads (ZMarkFlushAndFreeStacks) done
Event: 133412.561 Executing non-safepoint VM operation: ZMarkFlushOperation
Event: 133412.561 Executing non-safepoint VM operation: ZMarkFlushOperation done
Event: 133412.561 Executing safepoint VM operation: ZMarkEndYoung (Proactive)
Event: 133412.561 Executing safepoint VM operation: ZMarkEndYoung (Proactive) done
Event: 133412.565 Executing safepoint VM operation: ZRelocateStartYoung (Proactive)
Event: 133412.565 Executing safepoint VM operation: ZRelocateStartYoung (Proactive) done
Event: 133412.776 Executing non-safepoint VM operation: HandshakeAllThreads (ZMarkFlushAndFreeStacks)
Event: 133412.776 Executing non-safepoint VM operation: HandshakeAllThreads (ZMarkFlushAndFreeStacks) done
Event: 133412.776 Executing non-safepoint VM operation: ZMarkFlushOperation
Event: 133412.776 Executing non-safepoint VM operation: ZMarkFlushOperation done
Event: 133412.776 Executing non-safepoint VM operation: HandshakeAllThreads (ZMarkFlushAndFreeStacks)
Event: 133412.776 Executing non-safepoint VM operation: HandshakeAllThreads (ZMarkFlushAndFreeStacks) done
Event: 133412.776 Executing non-safepoint VM operation: ZMarkFlushOperation
Event: 133412.776 Executing non-safepoint VM operation: ZMarkFlushOperation done
Event: 133412.776 Executing non-safepoint VM operation: HandshakeAllThreads (ZMarkFlushAndFreeStacks)
Event: 133412.776 Executing non-safepoint VM operation: HandshakeAllThreads (ZMarkFlushAndFreeStacks) done
Event: 133412.776 Executing non-safepoint VM operation: ZMarkFlushOperation
Event: 133412.776 Executing non-safepoint VM operation: ZMarkFlushOperation done
Event: 133412.776 Executing safepoint VM operation: ZMarkEndOld (Proactive)
Event: 133412.778 Executing safepoint VM operation: ZMarkEndOld (Proactive) done
Event: 133412.782 Executing non-safepoint VM operation: HandshakeAllThreads (ZRendezvous)
Event: 133412.782 Executing non-safepoint VM operation: HandshakeAllThreads (ZRendezvous) done
Event: 133412.782 Executing non-safepoint VM operation: ZRendezvousGCThreads
Event: 133412.782 Executing non-safepoint VM operation: ZRendezvousGCThreads done
Event: 133412.798 Executing safepoint VM operation: ZRelocateStartOld (Proactive)
Event: 133412.798 Executing safepoint VM operation: ZRelocateStartOld (Proactive) done

Memory protections (250 events):
Event: 132171.851 Protecting memory [0x000074afd5030000,0x000074afd5034000] with protection modes 0
Event: 132176.852 Protecting memory [0x000074afd5030000,0x000074afd5034000] with protection modes 0
Event: 132181.851 Protecting memory [0x000074afd5030000,0x000074afd5034000] with protection modes 0
Event: 132186.852 Protecting memory [0x000074afd5030000,0x000074afd5034000] with protection modes 0
Event: 132191.852 Protecting memory [0x000074afd5030000,0x000074afd5034000] with protection modes 0
Event: 132196.851 Protecting memory [0x000074afd5030000,0x000074afd5034000] with protection modes 0
Event: 132201.851 Protecting memory [0x000074afd5030000,0x000074afd5034000] with protection modes 0
Event: 132206.851 Protecting memory [0x000074afd5030000,0x000074afd5034000] with protection modes 0
Event: 132211.851 Protecting memory [0x000074afd5030000,0x000074afd5034000] with protection modes 0
Event: 132216.851 Protecting memory [0x000074afd5030000,0x000074afd5034000] with protection modes 0
Event: 132221.850 Protecting memory [0x000074afd5030000,0x000074afd5034000] with protection modes 0
Event: 132226.851 Protecting memory [0x000074afd5030000,0x000074afd5034000] with protection modes 0
Event: 132231.851 Protecting memory [0x000074afd5030000,0x000074afd5034000] with protection modes 0
Event: 132236.851 Protecting memory [0x000074afd5030000,0x000074afd5034000] with protection modes 0
Event: 132241.851 Protecting memory [0x000074afd5030000,0x000074afd5034000] with protection modes 0
Event: 132246.852 Protecting memory [0x000074afd5030000,0x000074afd5034000] with protection modes 0
Event: 132251.851 Protecting memory [0x000074afd5030000,0x000074afd5034000] with protection modes 0
Event: 132256.851 Protecting memory [0x000074afd5030000,0x000074afd5034000] with protection modes 0
Event: 132261.851 Protecting memory [0x000074afd5030000,0x000074afd5034000] with protection modes 0
Event: 132266.851 Protecting memory [0x000074afd5030000,0x000074afd5034000] with protection modes 0
Event: 132271.851 Protecting memory [0x000074afd5030000,0x000074afd5034000] with protection modes 0
Event: 132276.851 Protecting memory [0x000074afd5030000,0x000074afd5034000] with protection modes 0
Event: 132281.851 Protecting memory [0x000074afd5030000,0x000074afd5034000] with protection modes 0
Event: 132286.851 Protecting memory [0x000074afd5030000,0x000074afd5034000] with protection modes 0
Event: 132291.851 Protecting memory [0x000074afd5030000,0x000074afd5034000] with protection modes 0
Event: 132296.851 Protecting memory [0x000074afd5030000,0x000074afd5034000] with protection modes 0
Event: 132301.851 Protecting memory [0x000074afd5030000,0x000074afd5034000] with protection modes 0
Event: 132306.852 Protecting memory [0x000074afd5030000,0x000074afd5034000] with protection modes 0
Event: 132311.850 Protecting memory [0x000074afd5030000,0x000074afd5034000] with protection modes 0
Event: 132316.851 Protecting memory [0x000074afd5030000,0x000074afd5034000] with protection modes 0
Event: 132321.852 Protecting memory [0x000074afd5030000,0x000074afd5034000] with protection modes 0
Event: 132326.851 Protecting memory [0x000074afd5030000,0x000074afd5034000] with protection modes 0
Event: 132331.851 Protecting memory [0x000074afd5030000,0x000074afd5034000] with protection modes 0
Event: 132336.851 Protecting memory [0x000074afd5030000,0x000074afd5034000] with protection modes 0
Event: 132341.851 Protecting memory [0x000074afd5030000,0x000074afd5034000] with protection modes 0
Event: 132346.851 Protecting memory [0x000074afd5030000,0x000074afd5034000] with protection modes 0
Event: 132351.851 Protecting memory [0x000074afd5030000,0x000074afd5034000] with protection modes 0
Event: 132356.851 Protecting memory [0x000074afd5030000,0x000074afd5034000] with protection modes 0
Event: 132361.851 Protecting memory [0x000074afd5030000,0x000074afd5034000] with protection modes 0
Event: 132366.851 Protecting memory [0x000074afd5030000,0x000074afd5034000] with protection modes 0
Event: 132371.851 Protecting memory [0x000074afd5030000,0x000074afd5034000] with protection modes 0
Event: 132376.851 Protecting memory [0x000074afd5030000,0x000074afd5034000] with protection modes 0
Event: 132381.851 Protecting memory [0x000074afd5030000,0x000074afd5034000] with protection modes 0
Event: 132386.851 Protecting memory [0x000074afd5030000,0x000074afd5034000] with protection modes 0
Event: 132391.851 Protecting memory [0x000074afd5030000,0x000074afd5034000] with protection modes 0
Event: 132396.851 Protecting memory [0x000074afd5030000,0x000074afd5034000] with protection modes 0
Event: 132401.851 Protecting memory [0x000074afd5030000,0x000074afd5034000] with protection modes 0
Event: 132406.851 Protecting memory [0x000074afd5030000,0x000074afd5034000] with protection modes 0
Event: 132411.852 Protecting memory [0x000074afd5030000,0x000074afd5034000] with protection modes 0
Event: 132416.851 Protecting memory [0x000074afd5030000,0x000074afd5034000] with protection modes 0
Event: 132421.851 Protecting memory [0x000074afd5030000,0x000074afd5034000] with protection modes 0
Event: 132426.852 Protecting memory [0x000074afd5030000,0x000074afd5034000] with protection modes 0
Event: 132431.851 Protecting memory [0x000074afd5030000,0x000074afd5034000] with protection modes 0
Event: 132436.852 Protecting memory [0x000074afd5030000,0x000074afd5034000] with protection modes 0
Event: 132441.851 Protecting memory [0x000074afd5030000,0x000074afd5034000] with protection modes 0
Event: 132446.851 Protecting memory [0x000074afd5030000,0x000074afd5034000] with protection modes 0
Event: 132451.851 Protecting memory [0x000074afd5030000,0x000074afd5034000] with protection modes 0
Event: 132456.852 Protecting memory [0x000074afd5030000,0x000074afd5034000] with protection modes 0
Event: 132461.853 Protecting memory [0x000074afd5030000,0x000074afd5034000] with protection modes 0
Event: 132466.852 Protecting memory [0x000074afd5030000,0x000074afd5034000] with protection modes 0
Event: 132471.851 Protecting memory [0x000074afd5030000,0x000074afd5034000] with protection modes 0
Event: 132476.851 Protecting memory [0x000074afd5030000,0x000074afd5034000] with protection modes 0
Event: 132481.851 Protecting memory [0x000074afd5030000,0x000074afd5034000] with protection modes 0
Event: 132486.851 Protecting memory [0x000074afd5030000,0x000074afd5034000] with protection modes 0
Event: 132491.851 Protecting memory [0x000074afd5030000,0x000074afd5034000] with protection modes 0
Event: 132496.851 Protecting memory [0x000074afd5030000,0x000074afd5034000] with protection modes 0
Event: 132501.851 Protecting memory [0x000074afd5030000,0x000074afd5034000] with protection modes 0
Event: 132506.851 Protecting memory [0x000074afd5030000,0x000074afd5034000] with protection modes 0
Event: 132511.851 Protecting memory [0x000074afd5030000,0x000074afd5034000] with protection modes 0
Event: 132516.851 Protecting memory [0x000074afd5030000,0x000074afd5034000] with protection modes 0
Event: 132521.851 Protecting memory [0x000074afd5030000,0x000074afd5034000] with protection modes 0
Event: 132526.852 Protecting memory [0x000074afd5030000,0x000074afd5034000] with protection modes 0
Event: 132531.851 Protecting memory [0x000074afd5030000,0x000074afd5034000] with protection modes 0
Event: 132536.852 Protecting memory [0x000074afd5030000,0x000074afd5034000] with protection modes 0
Event: 132541.853 Protecting memory [0x000074afd5030000,0x000074afd5034000] with protection modes 0
Event: 132546.851 Protecting memory [0x000074afd5030000,0x000074afd5034000] with protection modes 0
Event: 132551.851 Protecting memory [0x000074afd5030000,0x000074afd5034000] with protection modes 0
Event: 132556.851 Protecting memory [0x000074afd5030000,0x000074afd5034000] with protection modes 0
Event: 132561.851 Protecting memory [0x000074afd5030000,0x000074afd5034000] with protection modes 0
Event: 132566.852 Protecting memory [0x000074afd5030000,0x000074afd5034000] with protection modes 0
Event: 132571.851 Protecting memory [0x000074afd5030000,0x000074afd5034000] with protection modes 0
Event: 132576.851 Protecting memory [0x000074afd5030000,0x000074afd5034000] with protection modes 0
Event: 132581.851 Protecting memory [0x000074afd5030000,0x000074afd5034000] with protection modes 0
Event: 132586.853 Protecting memory [0x000074afd5030000,0x000074afd5034000] with protection modes 0
Event: 132591.851 Protecting memory [0x000074afd5030000,0x000074afd5034000] with protection modes 0
Event: 132596.852 Protecting memory [0x000074afd5030000,0x000074afd5034000] with protection modes 0
Event: 132601.851 Protecting memory [0x000074afd5030000,0x000074afd5034000] with protection modes 0
Event: 132606.853 Protecting memory [0x000074afd5030000,0x000074afd5034000] with protection modes 0
Event: 132611.851 Protecting memory [0x000074afd5030000,0x000074afd5034000] with protection modes 0
Event: 132616.854 Protecting memory [0x000074afd5030000,0x000074afd5034000] with protection modes 0
Event: 132621.851 Protecting memory [0x000074afd5030000,0x000074afd5034000] with protection modes 0
Event: 132626.854 Protecting memory [0x000074afd5030000,0x000074afd5034000] with protection modes 0
Event: 132631.851 Protecting memory [0x000074afd5030000,0x000074afd5034000] with protection modes 0
Event: 132636.851 Protecting memory [0x000074afd5030000,0x000074afd5034000] with protection modes 0
Event: 132641.851 Protecting memory [0x000074afd5030000,0x000074afd5034000] with protection modes 0
Event: 132646.852 Protecting memory [0x000074afd5030000,0x000074afd5034000] with protection modes 0
Event: 132651.851 Protecting memory [0x000074afd5030000,0x000074afd5034000] with protection modes 0
Event: 132656.851 Protecting memory [0x000074afd5030000,0x000074afd5034000] with protection modes 0
Event: 132661.851 Protecting memory [0x000074afd5030000,0x000074afd5034000] with protection modes 0
Event: 132666.851 Protecting memory [0x000074afd5030000,0x000074afd5034000] with protection modes 0
Event: 132671.851 Protecting memory [0x000074afd5030000,0x000074afd5034000] with protection modes 0
Event: 132676.852 Protecting memory [0x000074afd5030000,0x000074afd5034000] with protection modes 0
Event: 132681.851 Protecting memory [0x000074afd5030000,0x000074afd5034000] with protection modes 0
Event: 132686.851 Protecting memory [0x000074afd5030000,0x000074afd5034000] with protection modes 0
Event: 132691.851 Protecting memory [0x000074afd5030000,0x000074afd5034000] with protection modes 0
Event: 132696.854 Protecting memory [0x000074afd5030000,0x000074afd5034000] with protection modes 0
Event: 132701.851 Protecting memory [0x000074afd5030000,0x000074afd5034000] with protection modes 0
Event: 132706.851 Protecting memory [0x000074afd5030000,0x000074afd5034000] with protection modes 0
Event: 132711.850 Protecting memory [0x000074afd5030000,0x000074afd5034000] with protection modes 0
Event: 132716.852 Protecting memory [0x000074afd5030000,0x000074afd5034000] with protection modes 0
Event: 132721.851 Protecting memory [0x000074afd5030000,0x000074afd5034000] with protection modes 0
Event: 132726.851 Protecting memory [0x000074afd5030000,0x000074afd5034000] with protection modes 0
Event: 132731.851 Protecting memory [0x000074afd5030000,0x000074afd5034000] with protection modes 0
Event: 132736.851 Protecting memory [0x000074afd5030000,0x000074afd5034000] with protection modes 0
Event: 132741.851 Protecting memory [0x000074afd5030000,0x000074afd5034000] with protection modes 0
Event: 132746.851 Protecting memory [0x000074afd5030000,0x000074afd5034000] with protection modes 0
Event: 132751.851 Protecting memory [0x000074afd5030000,0x000074afd5034000] with protection modes 0
Event: 132756.851 Protecting memory [0x000074afd5030000,0x000074afd5034000] with protection modes 0
Event: 132761.851 Protecting memory [0x000074afd5030000,0x000074afd5034000] with protection modes 0
Event: 132766.851 Protecting memory [0x000074afd5030000,0x000074afd5034000] with protection modes 0
Event: 132771.851 Protecting memory [0x000074afd5030000,0x000074afd5034000] with protection modes 0
Event: 132776.853 Protecting memory [0x000074afd5030000,0x000074afd5034000] with protection modes 0
Event: 132781.851 Protecting memory [0x000074afd5030000,0x000074afd5034000] with protection modes 0
Event: 132786.851 Protecting memory [0x000074afd5030000,0x000074afd5034000] with protection modes 0
Event: 132791.851 Protecting memory [0x000074afd5030000,0x000074afd5034000] with protection modes 0
Event: 132796.851 Protecting memory [0x000074afd5030000,0x000074afd5034000] with protection modes 0
Event: 132801.851 Protecting memory [0x000074afd5030000,0x000074afd5034000] with protection modes 0
Event: 132806.850 Protecting memory [0x000074afd5030000,0x000074afd5034000] with protection modes 0
Event: 132811.851 Protecting memory [0x000074afd5030000,0x000074afd5034000] with protection modes 0
Event: 132816.851 Protecting memory [0x000074afd5030000,0x000074afd5034000] with protection modes 0
Event: 132821.851 Protecting memory [0x000074afd5030000,0x000074afd5034000] with protection modes 0
Event: 132826.852 Protecting memory [0x000074afd5030000,0x000074afd5034000] with protection modes 0
Event: 132831.851 Protecting memory [0x000074afd5030000,0x000074afd5034000] with protection modes 0
Event: 132836.851 Protecting memory [0x000074afd5030000,0x000074afd5034000] with protection modes 0
Event: 132841.851 Protecting memory [0x000074afd5030000,0x000074afd5034000] with protection modes 0
Event: 132846.851 Protecting memory [0x000074afd5030000,0x000074afd5034000] with protection modes 0
Event: 132851.851 Protecting memory [0x000074afd5030000,0x000074afd5034000] with protection modes 0
Event: 132856.851 Protecting memory [0x000074afd5030000,0x000074afd5034000] with protection modes 0
Event: 132861.851 Protecting memory [0x000074afd5030000,0x000074afd5034000] with protection modes 0
Event: 132866.851 Protecting memory [0x000074afd5030000,0x000074afd5034000] with protection modes 0
Event: 132871.851 Protecting memory [0x000074afd5030000,0x000074afd5034000] with protection modes 0
Event: 132876.851 Protecting memory [0x000074afd5030000,0x000074afd5034000] with protection modes 0
Event: 132881.851 Protecting memory [0x000074afd5030000,0x000074afd5034000] with protection modes 0
Event: 132886.851 Protecting memory [0x000074afd5030000,0x000074afd5034000] with protection modes 0
Event: 132891.851 Protecting memory [0x000074afd5030000,0x000074afd5034000] with protection modes 0
Event: 132896.851 Protecting memory [0x000074afd5030000,0x000074afd5034000] with protection modes 0
Event: 132901.851 Protecting memory [0x000074afd5030000,0x000074afd5034000] with protection modes 0
Event: 132906.851 Protecting memory [0x000074afd5030000,0x000074afd5034000] with protection modes 0
Event: 132911.851 Protecting memory [0x000074afd5030000,0x000074afd5034000] with protection modes 0
Event: 132916.851 Protecting memory [0x000074afd5030000,0x000074afd5034000] with protection modes 0
Event: 132921.851 Protecting memory [0x000074afd5030000,0x000074afd5034000] with protection modes 0
Event: 132926.851 Protecting memory [0x000074afd5030000,0x000074afd5034000] with protection modes 0
Event: 132931.851 Protecting memory [0x000074afd5030000,0x000074afd5034000] with protection modes 0
Event: 132936.851 Protecting memory [0x000074afd5030000,0x000074afd5034000] with protection modes 0
Event: 132941.851 Protecting memory [0x000074afd5030000,0x000074afd5034000] with protection modes 0
Event: 132946.854 Protecting memory [0x000074afd5030000,0x000074afd5034000] with protection modes 0
Event: 132951.851 Protecting memory [0x000074afd5030000,0x000074afd5034000] with protection modes 0
Event: 132956.851 Protecting memory [0x000074afd5030000,0x000074afd5034000] with protection modes 0
Event: 132961.852 Protecting memory [0x000074afd5030000,0x000074afd5034000] with protection modes 0
Event: 132966.851 Protecting memory [0x000074afd5030000,0x000074afd5034000] with protection modes 0
Event: 132971.851 Protecting memory [0x000074afd5030000,0x000074afd5034000] with protection modes 0
Event: 132976.851 Protecting memory [0x000074afd5030000,0x000074afd5034000] with protection modes 0
Event: 132981.851 Protecting memory [0x000074afd5030000,0x000074afd5034000] with protection modes 0
Event: 132986.854 Protecting memory [0x000074afd5030000,0x000074afd5034000] with protection modes 0
Event: 132991.851 Protecting memory [0x000074afd5030000,0x000074afd5034000] with protection modes 0
Event: 132996.851 Protecting memory [0x000074afd5030000,0x000074afd5034000] with protection modes 0
Event: 133001.850 Protecting memory [0x000074afd5030000,0x000074afd5034000] with protection modes 0
Event: 133006.851 Protecting memory [0x000074afd5030000,0x000074afd5034000] with protection modes 0
Event: 133011.851 Protecting memory [0x000074afd5030000,0x000074afd5034000] with protection modes 0
Event: 133016.851 Protecting memory [0x000074afd5030000,0x000074afd5034000] with protection modes 0
Event: 133021.851 Protecting memory [0x000074afd5030000,0x000074afd5034000] with protection modes 0
Event: 133026.851 Protecting memory [0x000074afd5030000,0x000074afd5034000] with protection modes 0
Event: 133031.851 Protecting memory [0x000074afd5030000,0x000074afd5034000] with protection modes 0
Event: 133036.852 Protecting memory [0x000074afd5030000,0x000074afd5034000] with protection modes 0
Event: 133041.851 Protecting memory [0x000074afd5030000,0x000074afd5034000] with protection modes 0
Event: 133046.852 Protecting memory [0x000074afd5030000,0x000074afd5034000] with protection modes 0
Event: 133051.851 Protecting memory [0x000074afd5030000,0x000074afd5034000] with protection modes 0
Event: 133056.851 Protecting memory [0x000074afd5030000,0x000074afd5034000] with protection modes 0
Event: 133061.851 Protecting memory [0x000074afd5030000,0x000074afd5034000] with protection modes 0
Event: 133066.851 Protecting memory [0x000074afd5030000,0x000074afd5034000] with protection modes 0
Event: 133071.851 Protecting memory [0x000074afd5030000,0x000074afd5034000] with protection modes 0
Event: 133076.851 Protecting memory [0x000074afd5030000,0x000074afd5034000] with protection modes 0
Event: 133081.851 Protecting memory [0x000074afd5030000,0x000074afd5034000] with protection modes 0
Event: 133086.851 Protecting memory [0x000074afd5030000,0x000074afd5034000] with protection modes 0
Event: 133091.850 Protecting memory [0x000074afd5030000,0x000074afd5034000] with protection modes 0
Event: 133096.853 Protecting memory [0x000074afd5030000,0x000074afd5034000] with protection modes 0
Event: 133101.851 Protecting memory [0x000074afd5030000,0x000074afd5034000] with protection modes 0
Event: 133106.852 Protecting memory [0x000074afd5030000,0x000074afd5034000] with protection modes 0
Event: 133111.851 Protecting memory [0x000074afd5030000,0x000074afd5034000] with protection modes 0
Event: 133116.851 Protecting memory [0x000074afd5030000,0x000074afd5034000] with protection modes 0
Event: 133121.851 Protecting memory [0x000074afd5030000,0x000074afd5034000] with protection modes 0
Event: 133126.853 Protecting memory [0x000074afd5030000,0x000074afd5034000] with protection modes 0
Event: 133131.851 Protecting memory [0x000074afd5030000,0x000074afd5034000] with protection modes 0
Event: 133136.851 Protecting memory [0x000074afd5030000,0x000074afd5034000] with protection modes 0
Event: 133141.851 Protecting memory [0x000074afd5030000,0x000074afd5034000] with protection modes 0
Event: 133146.851 Protecting memory [0x000074afd5030000,0x000074afd5034000] with protection modes 0
Event: 133151.851 Protecting memory [0x000074afd5030000,0x000074afd5034000] with protection modes 0
Event: 133156.851 Protecting memory [0x000074afd5030000,0x000074afd5034000] with protection modes 0
Event: 133161.852 Protecting memory [0x000074afd5030000,0x000074afd5034000] with protection modes 0
Event: 133166.855 Protecting memory [0x000074afd5030000,0x000074afd5034000] with protection modes 0
Event: 133171.851 Protecting memory [0x000074afd5030000,0x000074afd5034000] with protection modes 0
Event: 133176.851 Protecting memory [0x000074afd5030000,0x000074afd5034000] with protection modes 0
Event: 133181.851 Protecting memory [0x000074afd5030000,0x000074afd5034000] with protection modes 0
Event: 133186.852 Protecting memory [0x000074afd5030000,0x000074afd5034000] with protection modes 0
Event: 133191.851 Protecting memory [0x000074afd5030000,0x000074afd5034000] with protection modes 0
Event: 133196.851 Protecting memory [0x000074afd5030000,0x000074afd5034000] with protection modes 0
Event: 133201.851 Protecting memory [0x000074afd5030000,0x000074afd5034000] with protection modes 0
Event: 133206.852 Protecting memory [0x000074afd5030000,0x000074afd5034000] with protection modes 0
Event: 133211.851 Protecting memory [0x000074afd5030000,0x000074afd5034000] with protection modes 0
Event: 133216.854 Protecting memory [0x000074afd5030000,0x000074afd5034000] with protection modes 0
Event: 133221.851 Protecting memory [0x000074afd5030000,0x000074afd5034000] with protection modes 0
Event: 133226.852 Protecting memory [0x000074afd5030000,0x000074afd5034000] with protection modes 0
Event: 133231.853 Protecting memory [0x000074afd5030000,0x000074afd5034000] with protection modes 0
Event: 133236.851 Protecting memory [0x000074afd5030000,0x000074afd5034000] with protection modes 0
Event: 133241.851 Protecting memory [0x000074afd5030000,0x000074afd5034000] with protection modes 0
Event: 133246.851 Protecting memory [0x000074afd5030000,0x000074afd5034000] with protection modes 0
Event: 133251.852 Protecting memory [0x000074afd5030000,0x000074afd5034000] with protection modes 0
Event: 133256.851 Protecting memory [0x000074afd5030000,0x000074afd5034000] with protection modes 0
Event: 133261.851 Protecting memory [0x000074afd5030000,0x000074afd5034000] with protection modes 0
Event: 133266.851 Protecting memory [0x000074afd5030000,0x000074afd5034000] with protection modes 0
Event: 133271.851 Protecting memory [0x000074afd5030000,0x000074afd5034000] with protection modes 0
Event: 133276.851 Protecting memory [0x000074afd5030000,0x000074afd5034000] with protection modes 0
Event: 133281.851 Protecting memory [0x000074afd5030000,0x000074afd5034000] with protection modes 0
Event: 133286.852 Protecting memory [0x000074afd5030000,0x000074afd5034000] with protection modes 0
Event: 133291.851 Protecting memory [0x000074afd5030000,0x000074afd5034000] with protection modes 0
Event: 133296.851 Protecting memory [0x000074afd5030000,0x000074afd5034000] with protection modes 0
Event: 133301.851 Protecting memory [0x000074afd5030000,0x000074afd5034000] with protection modes 0
Event: 133306.852 Protecting memory [0x000074afd5030000,0x000074afd5034000] with protection modes 0
Event: 133311.851 Protecting memory [0x000074afd5030000,0x000074afd5034000] with protection modes 0
Event: 133316.851 Protecting memory [0x000074afd5030000,0x000074afd5034000] with protection modes 0
Event: 133321.851 Protecting memory [0x000074afd5030000,0x000074afd5034000] with protection modes 0
Event: 133326.855 Protecting memory [0x000074afd5030000,0x000074afd5034000] with protection modes 0
Event: 133331.851 Protecting memory [0x000074afd5030000,0x000074afd5034000] with protection modes 0
Event: 133336.853 Protecting memory [0x000074afd5030000,0x000074afd5034000] with protection modes 0
Event: 133341.851 Protecting memory [0x000074afd5030000,0x000074afd5034000] with protection modes 0
Event: 133346.852 Protecting memory [0x000074afd5030000,0x000074afd5034000] with protection modes 0
Event: 133351.851 Protecting memory [0x000074afd5030000,0x000074afd5034000] with protection modes 0
Event: 133356.856 Protecting memory [0x000074afd5030000,0x000074afd5034000] with protection modes 0
Event: 133361.851 Protecting memory [0x000074afd5030000,0x000074afd5034000] with protection modes 0
Event: 133366.853 Protecting memory [0x000074afd5030000,0x000074afd5034000] with protection modes 0
Event: 133371.850 Protecting memory [0x000074afd5030000,0x000074afd5034000] with protection modes 0
Event: 133376.851 Protecting memory [0x000074afd5030000,0x000074afd5034000] with protection modes 0
Event: 133381.851 Protecting memory [0x000074afd5030000,0x000074afd5034000] with protection modes 0
Event: 133386.851 Protecting memory [0x000074afd5030000,0x000074afd5034000] with protection modes 0
Event: 133391.851 Protecting memory [0x000074afd5030000,0x000074afd5034000] with protection modes 0
Event: 133396.854 Protecting memory [0x000074afd5030000,0x000074afd5034000] with protection modes 0
Event: 133401.851 Protecting memory [0x000074afd5030000,0x000074afd5034000] with protection modes 0
Event: 133406.851 Protecting memory [0x000074afd5030000,0x000074afd5034000] with protection modes 0
Event: 133411.851 Protecting memory [0x000074afd5030000,0x000074afd5034000] with protection modes 0
Event: 133416.851 Protecting memory [0x000074afd5030000,0x000074afd5034000] with protection modes 0

Nmethod flushes (250 events):
Event: 26855.159 Thread 0x000074b00c13dff0 flushing  nmethod 0x000074aff48e0c90
Event: 26855.159 Thread 0x000074b00c13dff0 flushing  nmethod 0x000074aff4af8510
Event: 26855.159 Thread 0x000074b00c13dff0 flushing  nmethod 0x000074aff4ba4090
Event: 26855.159 Thread 0x000074b00c13dff0 flushing  nmethod 0x000074aff4684010
Event: 26855.159 Thread 0x000074b00c13dff0 flushing  nmethod 0x000074aff46f1490
Event: 26855.159 Thread 0x000074b00c13dff0 flushing  nmethod 0x000074aff46f0f90
Event: 26855.159 Thread 0x000074b00c13dff0 flushing  nmethod 0x000074aff4811410
Event: 26855.159 Thread 0x000074b00c13dff0 flushing  nmethod 0x000074aff4afb810
Event: 26855.159 Thread 0x000074b00c13dff0 flushing  nmethod 0x000074aff496b290
Event: 26855.159 Thread 0x000074b00c13dff0 flushing  nmethod 0x000074aff46ac710
Event: 27155.343 Thread 0x000074b00c13dff0 flushing  nmethod 0x000074aff47ae010
Event: 27155.343 Thread 0x000074b00c13dff0 flushing  nmethod 0x000074aff4a03510
Event: 27155.343 Thread 0x000074b00c13dff0 flushing  nmethod 0x000074aff466f190
Event: 27155.343 Thread 0x000074b00c13dff0 flushing  nmethod 0x000074aff4a03090
Event: 27155.343 Thread 0x000074b00c13dff0 flushing  nmethod 0x000074aff4b02490
Event: 27155.343 Thread 0x000074b00c13dff0 flushing  nmethod 0x000074aff4606f10
Event: 27155.343 Thread 0x000074b00c13dff0 flushing  nmethod 0x000074aff47aec90
Event: 27155.343 Thread 0x000074b00c13dff0 flushing  nmethod 0x000074aff4671010
Event: 27155.343 Thread 0x000074b00c13dff0 flushing  nmethod 0x000074aff4b11990
Event: 27155.343 Thread 0x000074b00c13dff0 flushing  nmethod 0x000074aff466e390
Event: 27155.343 Thread 0x000074b00c13dff0 flushing  nmethod 0x000074aff4a02a10
Event: 27450.312 Thread 0x000074b00c13dff0 flushing  nmethod 0x000074aff460dd10
Event: 27750.450 Thread 0x000074b00c13dff0 flushing  nmethod 0x000074aff489ad10
Event: 27750.450 Thread 0x000074b00c13dff0 flushing  nmethod 0x000074aff4b69990
Event: 28050.594 Thread 0x000074b00c13dff0 flushing  nmethod 0x000074affc3a5c90
Event: 28050.594 Thread 0x000074b00c13dff0 flushing  nmethod 0x000074aff4b3bd90
Event: 28050.594 Thread 0x000074b00c13dff0 flushing  nmethod 0x000074aff4b3b490
Event: 28050.594 Thread 0x000074b00c13dff0 flushing  nmethod 0x000074aff4b3b890
Event: 28350.797 Thread 0x000074b00c13dff0 flushing  nmethod 0x000074aff47f2090
Event: 28350.797 Thread 0x000074b00c13dff0 flushing  nmethod 0x000074aff47ac090
Event: 28350.797 Thread 0x000074b00c13dff0 flushing  nmethod 0x000074aff4a02d10
Event: 29251.415 Thread 0x000074b00c13dff0 flushing  nmethod 0x000074aff4996d90
Event: 29251.415 Thread 0x000074b00c13dff0 flushing  nmethod 0x000074aff4962310
Event: 29851.698 Thread 0x000074b00c13dff0 flushing  nmethod 0x000074aff4b51890
Event: 30750.501 Thread 0x000074b00c13dff0 flushing  nmethod 0x000074aff46d8310
Event: 30750.501 Thread 0x000074b00c13dff0 flushing  nmethod 0x000074aff463d210
Event: 30750.501 Thread 0x000074b00c13dff0 flushing  nmethod 0x000074aff48db110
Event: 30750.501 Thread 0x000074b00c13dff0 flushing  nmethod 0x000074aff475cd90
Event: 31945.794 Thread 0x000074b00c13dff0 flushing  nmethod 0x000074aff4654b90
Event: 31945.794 Thread 0x000074b00c13dff0 flushing  nmethod 0x000074aff48feb10
Event: 31945.794 Thread 0x000074b00c13dff0 flushing  nmethod 0x000074aff487a990
Event: 31945.794 Thread 0x000074b00c13dff0 flushing  nmethod 0x000074aff497a690
Event: 31945.794 Thread 0x000074b00c13dff0 flushing  nmethod 0x000074aff4655990
Event: 32241.223 Thread 0x000074b00c13dff0 flushing  nmethod 0x000074aff4b04890
Event: 32241.223 Thread 0x000074b00c13dff0 flushing  nmethod 0x000074aff47ad690
Event: 32241.223 Thread 0x000074b00c13dff0 flushing  nmethod 0x000074aff4808310
Event: 32241.223 Thread 0x000074b00c13dff0 flushing  nmethod 0x000074aff4688c10
Event: 32841.581 Thread 0x000074b00c13dff0 flushing  nmethod 0x000074aff46f5310
Event: 32841.581 Thread 0x000074b00c13dff0 flushing  nmethod 0x000074aff46ad610
Event: 32841.581 Thread 0x000074b00c13dff0 flushing  nmethod 0x000074aff465ab10
Event: 32841.581 Thread 0x000074b00c13dff0 flushing  nmethod 0x000074aff4617510
Event: 33439.927 Thread 0x000074b00c13dff0 flushing  nmethod 0x000074aff4b3ca90
Event: 33439.927 Thread 0x000074b00c13dff0 flushing  nmethod 0x000074aff4922e90
Event: 33439.927 Thread 0x000074b00c13dff0 flushing  nmethod 0x000074aff4b03c90
Event: 33439.927 Thread 0x000074b00c13dff0 flushing  nmethod 0x000074aff483f890
Event: 33439.927 Thread 0x000074b00c13dff0 flushing  nmethod 0x000074aff470ec10
Event: 33439.927 Thread 0x000074b00c13dff0 flushing  nmethod 0x000074aff4746410
Event: 33439.927 Thread 0x000074b00c13dff0 flushing  nmethod 0x000074aff4958c10
Event: 33439.927 Thread 0x000074b00c13dff0 flushing  nmethod 0x000074aff476dd90
Event: 34622.809 Thread 0x000074b00c13dff0 flushing  nmethod 0x000074aff4af3590
Event: 35220.959 Thread 0x000074b00c13dff0 flushing  nmethod 0x000074aff4af4f90
Event: 35821.367 Thread 0x000074b00c13dff0 flushing  nmethod 0x000074aff48ab810
Event: 36115.403 Thread 0x000074b00c13dff0 flushing  nmethod 0x000074aff49e7690
Event: 36415.656 Thread 0x000074b00c13dff0 flushing  nmethod 0x000074aff4bca990
Event: 36415.656 Thread 0x000074b00c13dff0 flushing  nmethod 0x000074aff4a4ef10
Event: 38212.697 Thread 0x000074b00c13dff0 flushing  nmethod 0x000074aff496ef10
Event: 38508.026 Thread 0x000074b00c13dff0 flushing  nmethod 0x000074aff4b0f590
Event: 38508.026 Thread 0x000074b00c13dff0 flushing  nmethod 0x000074aff4732890
Event: 38508.026 Thread 0x000074b00c13dff0 flushing  nmethod 0x000074aff47d8110
Event: 38508.026 Thread 0x000074b00c13dff0 flushing  nmethod 0x000074aff496fd10
Event: 38508.026 Thread 0x000074b00c13dff0 flushing  nmethod 0x000074aff47a7310
Event: 38508.026 Thread 0x000074b00c13dff0 flushing  nmethod 0x000074aff4984d10
Event: 38508.026 Thread 0x000074b00c13dff0 flushing  nmethod 0x000074aff4b02b90
Event: 38508.026 Thread 0x000074b00c13dff0 flushing  nmethod 0x000074aff4b3ec90
Event: 38508.026 Thread 0x000074b00c13dff0 flushing  nmethod 0x000074aff4a20510
Event: 38508.026 Thread 0x000074b00c13dff0 flushing  nmethod 0x000074aff48aa490
Event: 38508.026 Thread 0x000074b00c13dff0 flushing  nmethod 0x000074aff4b16990
Event: 38508.026 Thread 0x000074b00c13dff0 flushing  nmethod 0x000074aff4609290
Event: 38508.026 Thread 0x000074b00c13dff0 flushing  nmethod 0x000074aff4bb0c10
Event: 41202.017 Thread 0x000074b00c13dff0 flushing  nmethod 0x000074aff47abc10
Event: 41802.414 Thread 0x000074b00c13dff0 flushing  nmethod 0x000074affc417890
Event: 43594.021 Thread 0x000074b00c13dff0 flushing  nmethod 0x000074aff4658b10
Event: 43594.021 Thread 0x000074b00c13dff0 flushing  nmethod 0x000074aff46b2610
Event: 43594.021 Thread 0x000074b00c13dff0 flushing  nmethod 0x000074aff48c3410
Event: 43594.021 Thread 0x000074b00c13dff0 flushing  nmethod 0x000074aff4b05310
Event: 43594.021 Thread 0x000074b00c13dff0 flushing  nmethod 0x000074aff4807f90
Event: 43594.021 Thread 0x000074b00c13dff0 flushing  nmethod 0x000074aff4609790
Event: 43594.021 Thread 0x000074b00c13dff0 flushing  nmethod 0x000074aff48c0d90
Event: 43594.021 Thread 0x000074b00c13dff0 flushing  nmethod 0x000074aff4b67d90
Event: 43594.021 Thread 0x000074b00c13dff0 flushing  nmethod 0x000074aff4969f10
Event: 43594.021 Thread 0x000074b00c13dff0 flushing  nmethod 0x000074aff4600390
Event: 43594.021 Thread 0x000074b00c13dff0 flushing  nmethod 0x000074aff4bad810
Event: 43594.021 Thread 0x000074b00c13dff0 flushing  nmethod 0x000074aff4bb7390
Event: 43594.021 Thread 0x000074b00c13dff0 flushing  nmethod 0x000074aff4600d10
Event: 43594.021 Thread 0x000074b00c13dff0 flushing  nmethod 0x000074aff480b190
Event: 43594.021 Thread 0x000074b00c13dff0 flushing  nmethod 0x000074aff4687190
Event: 43594.021 Thread 0x000074b00c13dff0 flushing  nmethod 0x000074aff4b01e90
Event: 43594.021 Thread 0x000074b00c13dff0 flushing  nmethod 0x000074aff4977610
Event: 43594.021 Thread 0x000074b00c13dff0 flushing  nmethod 0x000074aff4b33190
Event: 43594.021 Thread 0x000074b00c13dff0 flushing  nmethod 0x000074aff4b00e90
Event: 43594.021 Thread 0x000074b00c13dff0 flushing  nmethod 0x000074aff4827d10
Event: 43894.299 Thread 0x000074b00c13dff0 flushing  nmethod 0x000074aff4713490
Event: 45085.155 Thread 0x000074b00c13dff0 flushing  nmethod 0x000074aff4a22510
Event: 45385.297 Thread 0x000074b00c13dff0 flushing  nmethod 0x000074aff48e1390
Event: 45385.297 Thread 0x000074b00c13dff0 flushing  nmethod 0x000074aff46e3710
Event: 45385.297 Thread 0x000074b00c13dff0 flushing  nmethod 0x000074aff470da90
Event: 47173.188 Thread 0x000074b00c13dff0 flushing  nmethod 0x000074aff4604790
Event: 47470.039 Thread 0x000074b00c13dff0 flushing  nmethod 0x000074aff481e890
Event: 47470.039 Thread 0x000074b00c13dff0 flushing  nmethod 0x000074aff4974c90
Event: 48668.040 Thread 0x000074b00c13dff0 flushing  nmethod 0x000074aff49d3c10
Event: 48668.040 Thread 0x000074b00c13dff0 flushing  nmethod 0x000074aff4ae7f90
Event: 48668.040 Thread 0x000074b00c13dff0 flushing  nmethod 0x000074aff49d5290
Event: 48668.040 Thread 0x000074b00c13dff0 flushing  nmethod 0x000074aff48de410
Event: 48668.040 Thread 0x000074b00c13dff0 flushing  nmethod 0x000074aff49d4390
Event: 48668.040 Thread 0x000074b00c13dff0 flushing  nmethod 0x000074aff4ae9490
Event: 48668.040 Thread 0x000074b00c13dff0 flushing  nmethod 0x000074aff4ae8910
Event: 48968.177 Thread 0x000074b00c13dff0 flushing  nmethod 0x000074aff4aff810
Event: 49568.598 Thread 0x000074b00c13dff0 flushing  nmethod 0x000074aff46dfb90
Event: 49868.792 Thread 0x000074b00c13dff0 flushing  nmethod 0x000074aff4827490
Event: 50462.157 Thread 0x000074b00c13dff0 flushing  nmethod 0x000074aff4a25410
Event: 50752.947 Thread 0x000074b00c13dff0 flushing  nmethod 0x000074aff463dc90
Event: 50752.947 Thread 0x000074b00c13dff0 flushing  nmethod 0x000074aff4997190
Event: 51053.262 Thread 0x000074b00c13dff0 flushing  nmethod 0x000074aff4bc3890
Event: 51053.262 Thread 0x000074b00c13dff0 flushing  nmethod 0x000074aff470bc90
Event: 51937.221 Thread 0x000074b00c13dff0 flushing  nmethod 0x000074aff4ac8b90
Event: 52233.861 Thread 0x000074b00c13dff0 flushing  nmethod 0x000074aff4658010
Event: 52233.861 Thread 0x000074b00c13dff0 flushing  nmethod 0x000074aff47f0f10
Event: 52534.036 Thread 0x000074b00c13dff0 flushing  nmethod 0x000074aff47eaf90
Event: 53134.334 Thread 0x000074b00c13dff0 flushing  nmethod 0x000074aff4a27290
Event: 53134.334 Thread 0x000074b00c13dff0 flushing  nmethod 0x000074aff4a27990
Event: 53434.545 Thread 0x000074b00c13dff0 flushing  nmethod 0x000074aff4a0a290
Event: 53434.545 Thread 0x000074b00c13dff0 flushing  nmethod 0x000074aff4a0b310
Event: 53734.762 Thread 0x000074b00c13dff0 flushing  nmethod 0x000074affc548e90
Event: 54029.665 Thread 0x000074b00c13dff0 flushing  nmethod 0x000074aff4aecb90
Event: 54029.665 Thread 0x000074b00c13dff0 flushing  nmethod 0x000074aff476f110
Event: 55225.676 Thread 0x000074b00c13dff0 flushing  nmethod 0x000074aff496fd10
Event: 56422.652 Thread 0x000074b00c13dff0 flushing osr nmethod 0x000074aff46f8e90
Event: 57620.768 Thread 0x000074b00c13dff0 flushing  nmethod 0x000074aff4970110
Event: 59121.197 Thread 0x000074b00c13dff0 flushing  nmethod 0x000074aff476d810
Event: 59717.258 Thread 0x000074b00c13dff0 flushing  nmethod 0x000074aff49e9990
Event: 61212.660 Thread 0x000074b00c13dff0 flushing  nmethod 0x000074aff4af9090
Event: 61212.660 Thread 0x000074b00c13dff0 flushing  nmethod 0x000074aff4603710
Event: 61212.660 Thread 0x000074b00c13dff0 flushing  nmethod 0x000074aff468d590
Event: 61212.660 Thread 0x000074b00c13dff0 flushing  nmethod 0x000074aff48d9790
Event: 61803.853 Thread 0x000074b00c13dff0 flushing  nmethod 0x000074aff4714910
Event: 62404.322 Thread 0x000074b00c13dff0 flushing  nmethod 0x000074aff4b04010
Event: 62995.326 Thread 0x000074b00c13dff0 flushing  nmethod 0x000074aff4672c10
Event: 63292.040 Thread 0x000074b00c13dff0 flushing  nmethod 0x000074aff4b0ca10
Event: 63292.040 Thread 0x000074b00c13dff0 flushing  nmethod 0x000074aff49e0690
Event: 63881.687 Thread 0x000074b00c13dff0 flushing  nmethod 0x000074aff47e9f10
Event: 64181.838 Thread 0x000074b00c13dff0 flushing  nmethod 0x000074aff4729c10
Event: 64471.767 Thread 0x000074b00c13dff0 flushing  nmethod 0x000074aff4896390
Event: 65356.858 Thread 0x000074b00c13dff0 flushing  nmethod 0x000074aff4b10010
Event: 65356.858 Thread 0x000074b00c13dff0 flushing  nmethod 0x000074aff47ea690
Event: 65957.275 Thread 0x000074b00c13dff0 flushing  nmethod 0x000074aff4afdb10
Event: 65957.275 Thread 0x000074b00c13dff0 flushing  nmethod 0x000074aff4815410
Event: 66255.903 Thread 0x000074b00c13dff0 flushing  nmethod 0x000074aff4aab710
Event: 67156.475 Thread 0x000074b00c13dff0 flushing  nmethod 0x000074aff4b63e90
Event: 67754.177 Thread 0x000074b00c13dff0 flushing  nmethod 0x000074aff4a4c410
Event: 69228.728 Thread 0x000074b00c13dff0 flushing  nmethod 0x000074aff4709210
Event: 71013.317 Thread 0x000074b00c13dff0 flushing  nmethod 0x000074aff4702b90
Event: 72205.520 Thread 0x000074b00c13dff0 flushing  nmethod 0x000074aff470a490
Event: 72805.934 Thread 0x000074b00c13dff0 flushing  nmethod 0x000074aff47d2e10
Event: 73406.065 Thread 0x000074b00c13dff0 flushing  nmethod 0x000074aff4a3e690
Event: 73706.300 Thread 0x000074b00c13dff0 flushing  nmethod 0x000074aff4b1fb90
Event: 74902.087 Thread 0x000074b00c13dff0 flushing  nmethod 0x000074aff4785190
Event: 75502.380 Thread 0x000074b00c13dff0 flushing  nmethod 0x000074aff4820c90
Event: 75502.380 Thread 0x000074b00c13dff0 flushing  nmethod 0x000074aff4b2e010
Event: 75502.380 Thread 0x000074b00c13dff0 flushing  nmethod 0x000074aff4b15510
Event: 75801.988 Thread 0x000074b00c13dff0 flushing  nmethod 0x000074aff47a4590
Event: 76100.624 Thread 0x000074b00c13dff0 flushing  nmethod 0x000074aff483f590
Event: 76100.624 Thread 0x000074b00c13dff0 flushing  nmethod 0x000074affc3c0990
Event: 76100.624 Thread 0x000074b00c13dff0 flushing  nmethod 0x000074aff49bdf10
Event: 76100.624 Thread 0x000074b00c13dff0 flushing  nmethod 0x000074aff482a010
Event: 76400.810 Thread 0x000074b00c13dff0 flushing  nmethod 0x000074aff4973390
Event: 76699.461 Thread 0x000074b00c13dff0 flushing  nmethod 0x000074aff4afae90
Event: 76699.461 Thread 0x000074b00c13dff0 flushing  nmethod 0x000074aff4afab90
Event: 76999.581 Thread 0x000074b00c13dff0 flushing  nmethod 0x000074aff4982510
Event: 77299.728 Thread 0x000074b00c13dff0 flushing  nmethod 0x000074aff4b13510
Event: 77593.291 Thread 0x000074b00c13dff0 flushing  nmethod 0x000074aff47a7810
Event: 77593.291 Thread 0x000074b00c13dff0 flushing  nmethod 0x000074aff490a790
Event: 78487.347 Thread 0x000074b00c13dff0 flushing  nmethod 0x000074aff4adb010
Event: 79988.235 Thread 0x000074b00c13dff0 flushing  nmethod 0x000074aff4681210
Event: 80576.992 Thread 0x000074b00c13dff0 flushing  nmethod 0x000074aff4709b10
Event: 80576.992 Thread 0x000074b00c13dff0 flushing  nmethod 0x000074aff46f3c90
Event: 80576.992 Thread 0x000074b00c13dff0 flushing  nmethod 0x000074aff4705a90
Event: 80576.992 Thread 0x000074b00c13dff0 flushing  nmethod 0x000074aff4703e10
Event: 80877.332 Thread 0x000074b00c13dff0 flushing  nmethod 0x000074aff48f0d90
Event: 83550.779 Thread 0x000074b00c13dff0 flushing  nmethod 0x000074aff495f210
Event: 85042.398 Thread 0x000074b00c13dff0 flushing  nmethod 0x000074aff489dc10
Event: 85327.504 Thread 0x000074b00c13dff0 flushing  nmethod 0x000074aff4b37910
Event: 88004.671 Thread 0x000074b00c13dff0 flushing  nmethod 0x000074aff4959010
Event: 88004.671 Thread 0x000074b00c13dff0 flushing  nmethod 0x000074aff4b3c610
Event: 88605.127 Thread 0x000074b00c13dff0 flushing  nmethod 0x000074aff4b15a90
Event: 88887.021 Thread 0x000074b00c13dff0 flushing  nmethod 0x000074aff4710a10
Event: 89174.361 Thread 0x000074b00c13dff0 flushing  nmethod 0x000074aff4971710
Event: 89174.361 Thread 0x000074b00c13dff0 flushing  nmethod 0x000074aff4a07210
Event: 89174.361 Thread 0x000074b00c13dff0 flushing  nmethod 0x000074aff46c0490
Event: 89755.862 Thread 0x000074b00c13dff0 flushing  nmethod 0x000074aff4b3cf10
Event: 93004.049 Thread 0x000074b00c13dff0 flushing  nmethod 0x000074aff4bc9310
Event: 93880.507 Thread 0x000074b00c13dff0 flushing  nmethod 0x000074aff497d410
Event: 93880.507 Thread 0x000074b00c13dff0 flushing  nmethod 0x000074aff4925190
Event: 94172.892 Thread 0x000074b00c13dff0 flushing  nmethod 0x000074aff47e6590
Event: 95637.736 Thread 0x000074b00c13dff0 flushing  nmethod 0x000074aff46bc610
Event: 95637.736 Thread 0x000074b00c13dff0 flushing  nmethod 0x000074aff4a01f10
Event: 96227.044 Thread 0x000074b00c13dff0 flushing  nmethod 0x000074aff4884f10
Event: 98595.173 Thread 0x000074b00c13dff0 flushing  nmethod 0x000074aff47e6910
Event: 98595.173 Thread 0x000074b00c13dff0 flushing  nmethod 0x000074affc3bea10
Event: 98894.258 Thread 0x000074b00c13dff0 flushing  nmethod 0x000074aff492ef10
Event: 98894.258 Thread 0x000074b00c13dff0 flushing  nmethod 0x000074aff476c690
Event: 98894.258 Thread 0x000074b00c13dff0 flushing  nmethod 0x000074aff4af3910
Event: 99194.506 Thread 0x000074b00c13dff0 flushing  nmethod 0x000074aff49dd510
Event: 99194.506 Thread 0x000074b00c13dff0 flushing  nmethod 0x000074aff4a26810
Event: 99194.506 Thread 0x000074b00c13dff0 flushing  nmethod 0x000074aff4923290
Event: 99494.641 Thread 0x000074b00c13dff0 flushing  nmethod 0x000074aff4b2d590
Event: 99494.641 Thread 0x000074b00c13dff0 flushing  nmethod 0x000074aff49de690
Event: 99783.158 Thread 0x000074b00c13dff0 flushing  nmethod 0x000074aff4a06590
Event: 100075.878 Thread 0x000074b00c13dff0 flushing  nmethod 0x000074aff47ea210
Event: 100369.618 Thread 0x000074b00c13dff0 flushing  nmethod 0x000074aff4822590
Event: 100369.618 Thread 0x000074b00c13dff0 flushing  nmethod 0x000074aff4bc2d10
Event: 100369.618 Thread 0x000074b00c13dff0 flushing  nmethod 0x000074aff465a010
Event: 101553.068 Thread 0x000074b00c13dff0 flushing  nmethod 0x000074aff4bc2190
Event: 101851.971 Thread 0x000074b00c13dff0 flushing  nmethod 0x000074aff483b890
Event: 101851.971 Thread 0x000074b00c13dff0 flushing  nmethod 0x000074aff49ea710
Event: 102152.164 Thread 0x000074b00c13dff0 flushing  nmethod 0x000074aff481a810
Event: 102752.509 Thread 0x000074b00c13dff0 flushing  nmethod 0x000074aff4aee310
Event: 102752.509 Thread 0x000074b00c13dff0 flushing  nmethod 0x000074aff48ddc90
Event: 102752.509 Thread 0x000074b00c13dff0 flushing  nmethod 0x000074aff4784790
Event: 102752.509 Thread 0x000074b00c13dff0 flushing  nmethod 0x000074aff4afcb10
Event: 103942.780 Thread 0x000074b00c13dff0 flushing  nmethod 0x000074aff4a09910
Event: 111987.452 Thread 0x000074b00c13dff0 flushing  nmethod 0x000074aff483ce10
Event: 111987.452 Thread 0x000074b00c13dff0 flushing  nmethod 0x000074aff4b15a90
Event: 111987.452 Thread 0x000074b00c13dff0 flushing  nmethod 0x000074affc301990
Event: 111987.452 Thread 0x000074b00c13dff0 flushing  nmethod 0x000074affc303e90
Event: 113464.405 Thread 0x000074b00c13dff0 flushing  nmethod 0x000074aff46bde10
Event: 113764.550 Thread 0x000074b00c13dff0 flushing  nmethod 0x000074aff48d9290
Event: 114363.983 Thread 0x000074b00c13dff0 flushing  nmethod 0x000074aff468e710
Event: 114363.983 Thread 0x000074b00c13dff0 flushing  nmethod 0x000074aff48fad90
Event: 114662.919 Thread 0x000074b00c13dff0 flushing  nmethod 0x000074aff47a5490
Event: 116443.306 Thread 0x000074b00c13dff0 flushing  nmethod 0x000074aff4985910
Event: 118213.375 Thread 0x000074b00c13dff0 flushing  nmethod 0x000074aff46e5b10
Event: 118509.806 Thread 0x000074b00c13dff0 flushing  nmethod 0x000074aff47d8990
Event: 118509.806 Thread 0x000074b00c13dff0 flushing  nmethod 0x000074aff4986610
Event: 118509.806 Thread 0x000074b00c13dff0 flushing  nmethod 0x000074aff49b7590
Event: 119110.140 Thread 0x000074b00c13dff0 flushing  nmethod 0x000074affc57a590
Event: 125403.149 Thread 0x000074b00c13dff0 flushing  nmethod 0x000074aff48e3890
Event: 125703.397 Thread 0x000074b00c13dff0 flushing  nmethod 0x000074aff4b2ad90
Event: 128687.158 Thread 0x000074b00c13dff0 flushing  nmethod 0x000074aff4963890
Event: 129285.113 Thread 0x000074b00c13dff0 flushing  nmethod 0x000074aff4a21710
Event: 131631.329 Thread 0x000074b00c13dff0 flushing  nmethod 0x000074aff47af790

Events (250 events):
Event: 132796.850 Thread 0x000074aa686bd420 Thread added: 0x000074a9d80073f0
Event: 132796.851 Thread 0x000074a9d80073f0 Thread exited: 0x000074a9d80073f0
Event: 132801.851 Thread 0x000074aa686bd420 Thread added: 0x000074a9d80073f0
Event: 132801.851 Thread 0x000074a9d80073f0 Thread exited: 0x000074a9d80073f0
Event: 132806.850 Thread 0x000074aa686bd420 Thread added: 0x000074a9d80073f0
Event: 132806.851 Thread 0x000074a9d80073f0 Thread exited: 0x000074a9d80073f0
Event: 132811.851 Thread 0x000074aa686bd420 Thread added: 0x000074a9d80073f0
Event: 132811.851 Thread 0x000074a9d80073f0 Thread exited: 0x000074a9d80073f0
Event: 132816.851 Thread 0x000074aa686bd420 Thread added: 0x000074a9d80073f0
Event: 132816.851 Thread 0x000074a9d80073f0 Thread exited: 0x000074a9d80073f0
Event: 132821.851 Thread 0x000074aa686bd420 Thread added: 0x000074a9d80073f0
Event: 132821.851 Thread 0x000074a9d80073f0 Thread exited: 0x000074a9d80073f0
Event: 132826.852 Thread 0x000074aa686bd420 Thread added: 0x000074a9d80073f0
Event: 132826.852 Thread 0x000074a9d80073f0 Thread exited: 0x000074a9d80073f0
Event: 132831.851 Thread 0x000074aa686bd420 Thread added: 0x000074a9d80073f0
Event: 132831.851 Thread 0x000074a9d80073f0 Thread exited: 0x000074a9d80073f0
Event: 132836.851 Thread 0x000074aa686bd420 Thread added: 0x000074a9d80073f0
Event: 132836.851 Thread 0x000074a9d80073f0 Thread exited: 0x000074a9d80073f0
Event: 132841.851 Thread 0x000074aa686bd420 Thread added: 0x000074a9d80073f0
Event: 132841.851 Thread 0x000074a9d80073f0 Thread exited: 0x000074a9d80073f0
Event: 132846.851 Thread 0x000074aa686bd420 Thread added: 0x000074a9d80073f0
Event: 132846.851 Thread 0x000074a9d80073f0 Thread exited: 0x000074a9d80073f0
Event: 132851.851 Thread 0x000074aa686bd420 Thread added: 0x000074a9d80073f0
Event: 132851.851 Thread 0x000074a9d80073f0 Thread exited: 0x000074a9d80073f0
Event: 132856.851 Thread 0x000074aa686bd420 Thread added: 0x000074a9d80073f0
Event: 132856.851 Thread 0x000074a9d80073f0 Thread exited: 0x000074a9d80073f0
Event: 132861.851 Thread 0x000074aa686bd420 Thread added: 0x000074a9d80073f0
Event: 132861.851 Thread 0x000074a9d80073f0 Thread exited: 0x000074a9d80073f0
Event: 132866.851 Thread 0x000074aa686bd420 Thread added: 0x000074a9d80073f0
Event: 132866.852 Thread 0x000074a9d80073f0 Thread exited: 0x000074a9d80073f0
Event: 132871.851 Thread 0x000074aa686bd420 Thread added: 0x000074a9d80073f0
Event: 132871.852 Thread 0x000074a9d80073f0 Thread exited: 0x000074a9d80073f0
Event: 132876.850 Thread 0x000074aa686bd420 Thread added: 0x000074a9d80073f0
Event: 132876.852 Thread 0x000074a9d80073f0 Thread exited: 0x000074a9d80073f0
Event: 132881.851 Thread 0x000074aa686bd420 Thread added: 0x000074a9d80073f0
Event: 132881.851 Thread 0x000074a9d80073f0 Thread exited: 0x000074a9d80073f0
Event: 132886.851 Thread 0x000074aa686bd420 Thread added: 0x000074a9d80073f0
Event: 132886.851 Thread 0x000074a9d80073f0 Thread exited: 0x000074a9d80073f0
Event: 132891.851 Thread 0x000074aa686bd420 Thread added: 0x000074a9d80073f0
Event: 132891.851 Thread 0x000074a9d80073f0 Thread exited: 0x000074a9d80073f0
Event: 132896.851 Thread 0x000074aa686bd420 Thread added: 0x000074a9d80073f0
Event: 132896.852 Thread 0x000074a9d80073f0 Thread exited: 0x000074a9d80073f0
Event: 132901.851 Thread 0x000074aa686bd420 Thread added: 0x000074a9d80073f0
Event: 132901.851 Thread 0x000074a9d80073f0 Thread exited: 0x000074a9d80073f0
Event: 132906.851 Thread 0x000074aa686bd420 Thread added: 0x000074a9d80073f0
Event: 132906.851 Thread 0x000074a9d80073f0 Thread exited: 0x000074a9d80073f0
Event: 132911.851 Thread 0x000074aa686bd420 Thread added: 0x000074a9d80073f0
Event: 132911.851 Thread 0x000074a9d80073f0 Thread exited: 0x000074a9d80073f0
Event: 132916.851 Thread 0x000074aa686bd420 Thread added: 0x000074a9d80073f0
Event: 132916.851 Thread 0x000074a9d80073f0 Thread exited: 0x000074a9d80073f0
Event: 132921.851 Thread 0x000074aa686bd420 Thread added: 0x000074a9d80073f0
Event: 132921.851 Thread 0x000074a9d80073f0 Thread exited: 0x000074a9d80073f0
Event: 132926.851 Thread 0x000074aa686bd420 Thread added: 0x000074a9d80073f0
Event: 132926.852 Thread 0x000074a9d80073f0 Thread exited: 0x000074a9d80073f0
Event: 132931.851 Thread 0x000074aa686bd420 Thread added: 0x000074a9d80073f0
Event: 132931.851 Thread 0x000074a9d80073f0 Thread exited: 0x000074a9d80073f0
Event: 132936.851 Thread 0x000074aa686bd420 Thread added: 0x000074a9d80073f0
Event: 132936.851 Thread 0x000074a9d80073f0 Thread exited: 0x000074a9d80073f0
Event: 132941.851 Thread 0x000074aa686bd420 Thread added: 0x000074a9d80073f0
Event: 132941.851 Thread 0x000074a9d80073f0 Thread exited: 0x000074a9d80073f0
Event: 132946.851 Thread 0x000074aa686bd420 Thread added: 0x000074a9d80073f0
Event: 132946.854 Thread 0x000074a9d80073f0 Thread exited: 0x000074a9d80073f0
Event: 132951.851 Thread 0x000074aa686bd420 Thread added: 0x000074a9d80073f0
Event: 132951.851 Thread 0x000074a9d80073f0 Thread exited: 0x000074a9d80073f0
Event: 132956.851 Thread 0x000074aa686bd420 Thread added: 0x000074a9d80073f0
Event: 132956.851 Thread 0x000074a9d80073f0 Thread exited: 0x000074a9d80073f0
Event: 132961.852 Thread 0x000074aa686bd420 Thread added: 0x000074a9d80073f0
Event: 132961.852 Thread 0x000074a9d80073f0 Thread exited: 0x000074a9d80073f0
Event: 132966.851 Thread 0x000074aa686bd420 Thread added: 0x000074a9d80073f0
Event: 132966.851 Thread 0x000074a9d80073f0 Thread exited: 0x000074a9d80073f0
Event: 132971.851 Thread 0x000074aa686bd420 Thread added: 0x000074a9d80073f0
Event: 132971.851 Thread 0x000074a9d80073f0 Thread exited: 0x000074a9d80073f0
Event: 132976.851 Thread 0x000074aa686bd420 Thread added: 0x000074a9d80073f0
Event: 132976.851 Thread 0x000074a9d80073f0 Thread exited: 0x000074a9d80073f0
Event: 132981.851 Thread 0x000074aa686bd420 Thread added: 0x000074a9d80073f0
Event: 132981.851 Thread 0x000074a9d80073f0 Thread exited: 0x000074a9d80073f0
Event: 132986.854 Thread 0x000074aa686bd420 Thread added: 0x000074a9d80073f0
Event: 132986.854 Thread 0x000074a9d80073f0 Thread exited: 0x000074a9d80073f0
Event: 132991.851 Thread 0x000074aa686bd420 Thread added: 0x000074a9d80073f0
Event: 132991.852 Thread 0x000074a9d80073f0 Thread exited: 0x000074a9d80073f0
Event: 132996.851 Thread 0x000074aa686bd420 Thread added: 0x000074a9d80073f0
Event: 132996.851 Thread 0x000074a9d80073f0 Thread exited: 0x000074a9d80073f0
Event: 133001.850 Thread 0x000074aa686bd420 Thread added: 0x000074a9d80073f0
Event: 133001.851 Thread 0x000074a9d80073f0 Thread exited: 0x000074a9d80073f0
Event: 133006.851 Thread 0x000074aa686bd420 Thread added: 0x000074a9d80073f0
Event: 133006.851 Thread 0x000074a9d80073f0 Thread exited: 0x000074a9d80073f0
Event: 133011.851 Thread 0x000074aa686bd420 Thread added: 0x000074a9d80073f0
Event: 133011.852 Thread 0x000074a9d80073f0 Thread exited: 0x000074a9d80073f0
Event: 133016.851 Thread 0x000074aa686bd420 Thread added: 0x000074a9d80073f0
Event: 133016.851 Thread 0x000074a9d80073f0 Thread exited: 0x000074a9d80073f0
Event: 133021.851 Thread 0x000074aa686bd420 Thread added: 0x000074a9d80073f0
Event: 133021.851 Thread 0x000074a9d80073f0 Thread exited: 0x000074a9d80073f0
Event: 133026.851 Thread 0x000074aa686bd420 Thread added: 0x000074a9d80073f0
Event: 133026.851 Thread 0x000074a9d80073f0 Thread exited: 0x000074a9d80073f0
Event: 133031.851 Thread 0x000074aa686bd420 Thread added: 0x000074a9d80073f0
Event: 133031.851 Thread 0x000074a9d80073f0 Thread exited: 0x000074a9d80073f0
Event: 133036.852 Thread 0x000074aa686bd420 Thread added: 0x000074a9d80073f0
Event: 133036.852 Thread 0x000074a9d80073f0 Thread exited: 0x000074a9d80073f0
Event: 133041.851 Thread 0x000074aa686bd420 Thread added: 0x000074a9d80073f0
Event: 133041.851 Thread 0x000074a9d80073f0 Thread exited: 0x000074a9d80073f0
Event: 133046.852 Thread 0x000074aa686bd420 Thread added: 0x000074a9d80073f0
Event: 133046.852 Thread 0x000074a9d80073f0 Thread exited: 0x000074a9d80073f0
Event: 133051.851 Thread 0x000074aa686bd420 Thread added: 0x000074a9d80073f0
Event: 133051.851 Thread 0x000074a9d80073f0 Thread exited: 0x000074a9d80073f0
Event: 133056.851 Thread 0x000074aa686bd420 Thread added: 0x000074a9d80073f0
Event: 133056.851 Thread 0x000074a9d80073f0 Thread exited: 0x000074a9d80073f0
Event: 133061.851 Thread 0x000074aa686bd420 Thread added: 0x000074a9d80073f0
Event: 133061.851 Thread 0x000074a9d80073f0 Thread exited: 0x000074a9d80073f0
Event: 133066.851 Thread 0x000074aa686bd420 Thread added: 0x000074a9d80073f0
Event: 133066.851 Thread 0x000074a9d80073f0 Thread exited: 0x000074a9d80073f0
Event: 133071.851 Thread 0x000074aa686bd420 Thread added: 0x000074a9d80073f0
Event: 133071.851 Thread 0x000074a9d80073f0 Thread exited: 0x000074a9d80073f0
Event: 133076.851 Thread 0x000074aa686bd420 Thread added: 0x000074a9d80073f0
Event: 133076.851 Thread 0x000074a9d80073f0 Thread exited: 0x000074a9d80073f0
Event: 133081.851 Thread 0x000074aa686bd420 Thread added: 0x000074a9d80073f0
Event: 133081.851 Thread 0x000074a9d80073f0 Thread exited: 0x000074a9d80073f0
Event: 133086.851 Thread 0x000074aa686bd420 Thread added: 0x000074a9d80073f0
Event: 133086.852 Thread 0x000074a9d80073f0 Thread exited: 0x000074a9d80073f0
Event: 133091.850 Thread 0x000074aa686bd420 Thread added: 0x000074a9d80073f0
Event: 133091.851 Thread 0x000074a9d80073f0 Thread exited: 0x000074a9d80073f0
Event: 133096.853 Thread 0x000074aa686bd420 Thread added: 0x000074a9d80073f0
Event: 133096.854 Thread 0x000074a9d80073f0 Thread exited: 0x000074a9d80073f0
Event: 133101.851 Thread 0x000074aa686bd420 Thread added: 0x000074a9d80073f0
Event: 133101.851 Thread 0x000074a9d80073f0 Thread exited: 0x000074a9d80073f0
Event: 133106.852 Thread 0x000074aa686bd420 Thread added: 0x000074a9d80073f0
Event: 133106.852 Thread 0x000074a9d80073f0 Thread exited: 0x000074a9d80073f0
Event: 133111.851 Thread 0x000074aa686bd420 Thread added: 0x000074a9d80073f0
Event: 133111.852 Thread 0x000074a9d80073f0 Thread exited: 0x000074a9d80073f0
Event: 133116.851 Thread 0x000074aa686bd420 Thread added: 0x000074a9d80073f0
Event: 133116.852 Thread 0x000074a9d80073f0 Thread exited: 0x000074a9d80073f0
Event: 133121.851 Thread 0x000074aa686bd420 Thread added: 0x000074a9d80073f0
Event: 133121.851 Thread 0x000074a9d80073f0 Thread exited: 0x000074a9d80073f0
Event: 133126.853 Thread 0x000074aa686bd420 Thread added: 0x000074a9d80073f0
Event: 133126.853 Thread 0x000074a9d80073f0 Thread exited: 0x000074a9d80073f0
Event: 133131.851 Thread 0x000074aa686bd420 Thread added: 0x000074a9d80073f0
Event: 133131.851 Thread 0x000074a9d80073f0 Thread exited: 0x000074a9d80073f0
Event: 133136.851 Thread 0x000074aa686bd420 Thread added: 0x000074a9d80073f0
Event: 133136.851 Thread 0x000074a9d80073f0 Thread exited: 0x000074a9d80073f0
Event: 133141.851 Thread 0x000074aa686bd420 Thread added: 0x000074a9d80073f0
Event: 133141.851 Thread 0x000074a9d80073f0 Thread exited: 0x000074a9d80073f0
Event: 133146.851 Thread 0x000074aa686bd420 Thread added: 0x000074a9d80073f0
Event: 133146.851 Thread 0x000074a9d80073f0 Thread exited: 0x000074a9d80073f0
Event: 133151.851 Thread 0x000074aa686bd420 Thread added: 0x000074a9d80073f0
Event: 133151.851 Thread 0x000074a9d80073f0 Thread exited: 0x000074a9d80073f0
Event: 133156.851 Thread 0x000074aa686bd420 Thread added: 0x000074a9d80073f0
Event: 133156.851 Thread 0x000074a9d80073f0 Thread exited: 0x000074a9d80073f0
Event: 133161.852 Thread 0x000074aa686bd420 Thread added: 0x000074a9d80073f0
Event: 133161.852 Thread 0x000074a9d80073f0 Thread exited: 0x000074a9d80073f0
Event: 133166.852 Thread 0x000074aa686bd420 Thread added: 0x000074a9d80073f0
Event: 133166.855 Thread 0x000074a9d80073f0 Thread exited: 0x000074a9d80073f0
Event: 133171.851 Thread 0x000074aa686bd420 Thread added: 0x000074a9d80073f0
Event: 133171.851 Thread 0x000074a9d80073f0 Thread exited: 0x000074a9d80073f0
Event: 133176.851 Thread 0x000074aa686bd420 Thread added: 0x000074a9d80073f0
Event: 133176.851 Thread 0x000074a9d80073f0 Thread exited: 0x000074a9d80073f0
Event: 133181.851 Thread 0x000074aa686bd420 Thread added: 0x000074a9d80073f0
Event: 133181.851 Thread 0x000074a9d80073f0 Thread exited: 0x000074a9d80073f0
Event: 133186.852 Thread 0x000074aa686bd420 Thread added: 0x000074a9d80073f0
Event: 133186.852 Thread 0x000074a9d80073f0 Thread exited: 0x000074a9d80073f0
Event: 133191.851 Thread 0x000074aa686bd420 Thread added: 0x000074a9d80073f0
Event: 133191.851 Thread 0x000074a9d80073f0 Thread exited: 0x000074a9d80073f0
Event: 133196.851 Thread 0x000074aa686bd420 Thread added: 0x000074a9d80073f0
Event: 133196.851 Thread 0x000074a9d80073f0 Thread exited: 0x000074a9d80073f0
Event: 133201.851 Thread 0x000074aa686bd420 Thread added: 0x000074a9d80073f0
Event: 133201.852 Thread 0x000074a9d80073f0 Thread exited: 0x000074a9d80073f0
Event: 133206.852 Thread 0x000074aa686bd420 Thread added: 0x000074a9d80073f0
Event: 133206.852 Thread 0x000074a9d80073f0 Thread exited: 0x000074a9d80073f0
Event: 133211.851 Thread 0x000074aa686bd420 Thread added: 0x000074a9d80073f0
Event: 133211.851 Thread 0x000074a9d80073f0 Thread exited: 0x000074a9d80073f0
Event: 133216.851 Thread 0x000074aa686bd420 Thread added: 0x000074a9d80073f0
Event: 133216.854 Thread 0x000074a9d80073f0 Thread exited: 0x000074a9d80073f0
Event: 133221.851 Thread 0x000074aa686bd420 Thread added: 0x000074a9d80073f0
Event: 133221.851 Thread 0x000074a9d80073f0 Thread exited: 0x000074a9d80073f0
Event: 133226.852 Thread 0x000074aa686bd420 Thread added: 0x000074a9d80073f0
Event: 133226.852 Thread 0x000074a9d80073f0 Thread exited: 0x000074a9d80073f0
Event: 133231.853 Thread 0x000074aa686bd420 Thread added: 0x000074a9d80073f0
Event: 133231.853 Thread 0x000074a9d80073f0 Thread exited: 0x000074a9d80073f0
Event: 133236.851 Thread 0x000074aa686bd420 Thread added: 0x000074a9d80073f0
Event: 133236.851 Thread 0x000074a9d80073f0 Thread exited: 0x000074a9d80073f0
Event: 133241.851 Thread 0x000074aa686bd420 Thread added: 0x000074a9d80073f0
Event: 133241.852 Thread 0x000074a9d80073f0 Thread exited: 0x000074a9d80073f0
Event: 133246.851 Thread 0x000074aa686bd420 Thread added: 0x000074a9d80073f0
Event: 133246.851 Thread 0x000074a9d80073f0 Thread exited: 0x000074a9d80073f0
Event: 133251.851 Thread 0x000074aa686bd420 Thread added: 0x000074a9d80073f0
Event: 133251.852 Thread 0x000074a9d80073f0 Thread exited: 0x000074a9d80073f0
Event: 133256.851 Thread 0x000074aa686bd420 Thread added: 0x000074a9d80073f0
Event: 133256.851 Thread 0x000074a9d80073f0 Thread exited: 0x000074a9d80073f0
Event: 133261.851 Thread 0x000074aa686bd420 Thread added: 0x000074a9d80073f0
Event: 133261.851 Thread 0x000074a9d80073f0 Thread exited: 0x000074a9d80073f0
Event: 133266.851 Thread 0x000074aa686bd420 Thread added: 0x000074a9d80073f0
Event: 133266.851 Thread 0x000074a9d80073f0 Thread exited: 0x000074a9d80073f0
Event: 133271.851 Thread 0x000074aa686bd420 Thread added: 0x000074a9d80073f0
Event: 133271.851 Thread 0x000074a9d80073f0 Thread exited: 0x000074a9d80073f0
Event: 133276.851 Thread 0x000074aa686bd420 Thread added: 0x000074a9d80073f0
Event: 133276.851 Thread 0x000074a9d80073f0 Thread exited: 0x000074a9d80073f0
Event: 133281.851 Thread 0x000074aa686bd420 Thread added: 0x000074a9d80073f0
Event: 133281.851 Thread 0x000074a9d80073f0 Thread exited: 0x000074a9d80073f0
Event: 133286.852 Thread 0x000074aa686bd420 Thread added: 0x000074a9d80073f0
Event: 133286.852 Thread 0x000074a9d80073f0 Thread exited: 0x000074a9d80073f0
Event: 133291.851 Thread 0x000074aa686bd420 Thread added: 0x000074a9d80073f0
Event: 133291.851 Thread 0x000074a9d80073f0 Thread exited: 0x000074a9d80073f0
Event: 133296.851 Thread 0x000074aa686bd420 Thread added: 0x000074a9d80073f0
Event: 133296.851 Thread 0x000074a9d80073f0 Thread exited: 0x000074a9d80073f0
Event: 133301.851 Thread 0x000074aa686bd420 Thread added: 0x000074a9d80073f0
Event: 133301.851 Thread 0x000074a9d80073f0 Thread exited: 0x000074a9d80073f0
Event: 133306.852 Thread 0x000074aa686bd420 Thread added: 0x000074a9d80073f0
Event: 133306.852 Thread 0x000074a9d80073f0 Thread exited: 0x000074a9d80073f0
Event: 133311.851 Thread 0x000074aa686bd420 Thread added: 0x000074a9d80073f0
Event: 133311.851 Thread 0x000074a9d80073f0 Thread exited: 0x000074a9d80073f0
Event: 133316.851 Thread 0x000074aa686bd420 Thread added: 0x000074a9d80073f0
Event: 133316.851 Thread 0x000074a9d80073f0 Thread exited: 0x000074a9d80073f0
Event: 133321.851 Thread 0x000074aa686bd420 Thread added: 0x000074a9d80073f0
Event: 133321.851 Thread 0x000074a9d80073f0 Thread exited: 0x000074a9d80073f0
Event: 133326.851 Thread 0x000074aa686bd420 Thread added: 0x000074a9d80073f0
Event: 133326.855 Thread 0x000074a9d80073f0 Thread exited: 0x000074a9d80073f0
Event: 133331.851 Thread 0x000074aa686bd420 Thread added: 0x000074a9d80073f0
Event: 133331.851 Thread 0x000074a9d80073f0 Thread exited: 0x000074a9d80073f0
Event: 133336.851 Thread 0x000074aa686bd420 Thread added: 0x000074a9d80073f0
Event: 133336.853 Thread 0x000074a9d80073f0 Thread exited: 0x000074a9d80073f0
Event: 133341.851 Thread 0x000074aa686bd420 Thread added: 0x000074a9d80073f0
Event: 133341.851 Thread 0x000074a9d80073f0 Thread exited: 0x000074a9d80073f0
Event: 133346.852 Thread 0x000074aa686bd420 Thread added: 0x000074a9d80073f0
Event: 133346.852 Thread 0x000074a9d80073f0 Thread exited: 0x000074a9d80073f0
Event: 133351.851 Thread 0x000074aa686bd420 Thread added: 0x000074a9d80073f0
Event: 133351.851 Thread 0x000074a9d80073f0 Thread exited: 0x000074a9d80073f0
Event: 133356.856 Thread 0x000074aa686bd420 Thread added: 0x000074a9d80073f0
Event: 133356.856 Thread 0x000074a9d80073f0 Thread exited: 0x000074a9d80073f0
Event: 133361.851 Thread 0x000074aa686bd420 Thread added: 0x000074a9d80073f0
Event: 133361.852 Thread 0x000074a9d80073f0 Thread exited: 0x000074a9d80073f0
Event: 133366.851 Thread 0x000074aa686bd420 Thread added: 0x000074a9d80073f0
Event: 133366.853 Thread 0x000074a9d80073f0 Thread exited: 0x000074a9d80073f0
Event: 133371.850 Thread 0x000074aa686bd420 Thread added: 0x000074a9d80073f0
Event: 133371.851 Thread 0x000074a9d80073f0 Thread exited: 0x000074a9d80073f0
Event: 133376.851 Thread 0x000074aa686bd420 Thread added: 0x000074a9d80073f0
Event: 133376.851 Thread 0x000074a9d80073f0 Thread exited: 0x000074a9d80073f0
Event: 133381.851 Thread 0x000074aa686bd420 Thread added: 0x000074a9d80073f0
Event: 133381.851 Thread 0x000074a9d80073f0 Thread exited: 0x000074a9d80073f0
Event: 133386.851 Thread 0x000074aa686bd420 Thread added: 0x000074a9d80073f0
Event: 133386.851 Thread 0x000074a9d80073f0 Thread exited: 0x000074a9d80073f0
Event: 133391.851 Thread 0x000074aa686bd420 Thread added: 0x000074a9d80073f0
Event: 133391.851 Thread 0x000074a9d80073f0 Thread exited: 0x000074a9d80073f0
Event: 133396.854 Thread 0x000074aa686bd420 Thread added: 0x000074a9d80073f0
Event: 133396.857 Thread 0x000074a9d80073f0 Thread exited: 0x000074a9d80073f0
Event: 133401.851 Thread 0x000074aa686bd420 Thread added: 0x000074a9d80073f0
Event: 133401.851 Thread 0x000074a9d80073f0 Thread exited: 0x000074a9d80073f0
Event: 133406.851 Thread 0x000074aa686bd420 Thread added: 0x000074a9d80073f0
Event: 133406.852 Thread 0x000074a9d80073f0 Thread exited: 0x000074a9d80073f0
Event: 133411.851 Thread 0x000074aa686bd420 Thread added: 0x000074a9d80073f0
Event: 133411.851 Thread 0x000074a9d80073f0 Thread exited: 0x000074a9d80073f0
Event: 133416.851 Thread 0x000074aa686bd420 Thread added: 0x000074a9d80073f0
Event: 133416.852 Thread 0x000074a9d80073f0 Thread exited: 0x000074a9d80073f0


Dynamic libraries:
40000000000-40030000000 rw-s 00000000 00:01 3434                         /memfd:java_heap (deleted)
40030000000-40300000000 ---p 00000000 00:00 0 
5b19b4596000-5b19b4597000 r-xp 00000000 103:06 42209347                  /usr/lib/jvm/zulu21-ca-amd64/bin/java
5b19b4598000-5b19b4599000 r--p 00001000 103:06 42209347                  /usr/lib/jvm/zulu21-ca-amd64/bin/java
5b19b4599000-5b19b459a000 rw-p 00002000 103:06 42209347                  /usr/lib/jvm/zulu21-ca-amd64/bin/java
5b19bc902000-5b19bc948000 rw-p 00000000 00:00 0                          [heap]
74a9bbff8000-74a9beff9000 rw-s 00000000 00:1c 1654578                    /dev/shm/aeron-emre-1-driver/images/144.logbuffer
74a9beff9000-74a9c1ffa000 rw-s 00000000 00:1c 1654578                    /dev/shm/aeron-emre-1-driver/images/144.logbuffer
74a9c1ffa000-74a9c4ffb000 rw-s 00000000 00:1c 1654578                    /dev/shm/aeron-emre-1-driver/images/144.logbuffer
74a9cdffe000-74a9d0fff000 rw-s 00000000 00:1c 1654578                    /dev/shm/aeron-emre-1-driver/images/144.logbuffer
74a9d0fff000-74a9d4000000 rw-s 00000000 00:1c 1654573                    /dev/shm/aeron-emre-1-driver/publications/131.logbuffer
74a9d4000000-74a9d4021000 rw-p 00000000 00:00 0 
74a9d4021000-74a9d8000000 ---p 00000000 00:00 0 
74a9d8000000-74a9d8021000 rw-p 00000000 00:00 0 
74a9d8021000-74a9dc000000 ---p 00000000 00:00 0 
74a9dc000000-74a9dc026000 rw-p 00000000 00:00 0 
74a9dc026000-74a9e0000000 ---p 00000000 00:00 0 
74a9e0000000-74a9e0056000 rw-p 00000000 00:00 0 
74a9e0056000-74a9e4000000 ---p 00000000 00:00 0 
74a9e4000000-74a9e4035000 rw-p 00000000 00:00 0 
74a9e4035000-74a9e8000000 ---p 00000000 00:00 0 
74a9e8000000-74a9e808c000 rw-p 00000000 00:00 0 
74a9e808c000-74a9ec000000 ---p 00000000 00:00 0 
74a9ec000000-74a9ec0c3000 rw-p 00000000 00:00 0 
74a9ec0c3000-74a9f0000000 ---p 00000000 00:00 0 
74a9f0000000-74a9f007c000 rw-p 00000000 00:00 0 
74a9f007c000-74a9f4000000 ---p 00000000 00:00 0 
74a9f4000000-74a9f406c000 rw-p 00000000 00:00 0 
74a9f406c000-74a9f8000000 ---p 00000000 00:00 0 
74a9f8000000-74a9f807a000 rw-p 00000000 00:00 0 
74a9f807a000-74a9fc000000 ---p 00000000 00:00 0 
74a9fc000000-74a9fc05c000 rw-p 00000000 00:00 0 
74a9fc05c000-74aa00000000 ---p 00000000 00:00 0 
74aa01ff6000-74aa0dff7000 rw-s 00000000 00:1c 1654571                    /dev/shm/aeron-emre-1-driver/publications/120.logbuffer
74aa0dff7000-74aa19ff8000 rw-s 00000000 00:1c 1654571                    /dev/shm/aeron-emre-1-driver/publications/120.logbuffer
74aa1fff7000-74aa22ff8000 rw-s 00000000 00:1c 1654617                    /dev/shm/aeron-emre-1-driver/publications/175.logbuffer
74aa22ff8000-74aa25ff9000 rw-s 00000000 00:1c 1654617                    /dev/shm/aeron-emre-1-driver/publications/175.logbuffer
74aa31ffa000-74aa3dffb000 rw-s 00000000 00:1c 1654571                    /dev/shm/aeron-emre-1-driver/publications/120.logbuffer
74aa3dffb000-74aa40ffc000 rw-s 00000000 00:1c 1654617                    /dev/shm/aeron-emre-1-driver/publications/175.logbuffer
74aa4cffd000-74aa4fffe000 rw-s 00000000 00:1c 1654573                    /dev/shm/aeron-emre-1-driver/publications/131.logbuffer
74aa5cfff000-74aa60000000 rw-s 00000000 00:1c 1654572                    /dev/shm/aeron-emre-1-driver/publications/130.logbuffer
74aa60000000-74aa60053000 rw-p 00000000 00:00 0 
74aa60053000-74aa64000000 ---p 00000000 00:00 0 
74aa64fff000-74aa68000000 rw-s 00000000 00:1c 1654615                    /dev/shm/aeron-emre-1-driver/publications/172.logbuffer
74aa68000000-74aa686f1000 rw-p 00000000 00:00 0 
74aa686f1000-74aa6c000000 ---p 00000000 00:00 0 
74aa6cfff000-74aa70000000 rw-s 00000000 00:1c 1654615                    /dev/shm/aeron-emre-1-driver/publications/172.logbuffer
74aa70000000-74aa7095e000 rw-p 00000000 00:00 0 
74aa7095e000-74aa74000000 ---p 00000000 00:00 0 
74aa74000000-74aa74e09000 rw-p 00000000 00:00 0 
74aa74e09000-74aa78000000 ---p 00000000 00:00 0 
74aa78000000-74aa796ec000 rw-p 00000000 00:00 0 
74aa796ec000-74aa7c000000 ---p 00000000 00:00 0 
74aa7effd000-74aa81ffe000 rw-s 00000000 00:1c 1654615                    /dev/shm/aeron-emre-1-driver/publications/172.logbuffer
74aa88000000-74aa88021000 rw-p 00000000 00:00 0 
74aa88021000-74aa8c000000 ---p 00000000 00:00 0 
74aa8f1fd000-74aa91ffe000 rw-s 00000000 00:1c 1654549                    /dev/shm/aeron-emre-1-driver/cnc.dat
74aa94fff000-74aa98000000 rw-s 00000000 00:1c 1654572                    /dev/shm/aeron-emre-1-driver/publications/130.logbuffer
74aa98000000-74aa98033000 rw-p 00000000 00:00 0 
74aa98033000-74aa9c000000 ---p 00000000 00:00 0 
74aa9d1ff000-74aaa0000000 rw-s 00000000 00:1c 1654549                    /dev/shm/aeron-emre-1-driver/cnc.dat
74aaa0000000-74aaa0046000 rw-p 00000000 00:00 0 
74aaa0046000-74aaa4000000 ---p 00000000 00:00 0 
74aaa4000000-74aaa4078000 rw-p 00000000 00:00 0 
74aaa4078000-74aaa8000000 ---p 00000000 00:00 0 
74aaab1f5000-74aaae1f6000 rw-s 00000000 00:1c 1654557                    /dev/shm/aeron-emre-1-driver/publications/49.logbuffer
74aaae1f6000-74aab0ff7000 rw-s 00000000 00:1c 1654549                    /dev/shm/aeron-emre-1-driver/cnc.dat
74aab3ff8000-74aab6ff9000 rw-s 00000000 00:1c 1654556                    /dev/shm/aeron-emre-1-driver/images/46.logbuffer
74aab6ff9000-74aab9ffa000 rw-s 00000000 00:1c 1654557                    /dev/shm/aeron-emre-1-driver/publications/49.logbuffer
74aab9ffa000-74aabcffb000 rw-s 00000000 00:1c 1654557                    /dev/shm/aeron-emre-1-driver/publications/49.logbuffer
74aabcffb000-74aabfffc000 rw-s 00000000 00:1c 1654555                    /dev/shm/aeron-emre-1-driver/publications/44.logbuffer
74aabfffc000-74aac2ffd000 rw-s 00000000 00:1c 1654556                    /dev/shm/aeron-emre-1-driver/images/46.logbuffer
74aac2ffd000-74aac5ffe000 rw-s 00000000 00:1c 1654555                    /dev/shm/aeron-emre-1-driver/publications/44.logbuffer
74aac5ffe000-74aac8fff000 rw-s 00000000 00:1c 1654554                    /dev/shm/aeron-emre-1-driver/images/41.logbuffer
74aac8fff000-74aacc000000 rw-s 00000000 00:1c 1654555                    /dev/shm/aeron-emre-1-driver/publications/44.logbuffer
74aacc000000-74aacc076000 rw-p 00000000 00:00 0 
74aacc076000-74aad0000000 ---p 00000000 00:00 0 
74aad0fff000-74aad4000000 rw-s 00000000 00:1c 1654554                    /dev/shm/aeron-emre-1-driver/images/41.logbuffer
74aad4000000-74aad402f000 rw-p 00000000 00:00 0 
74aad402f000-74aad8000000 ---p 00000000 00:00 0 
74aad90ff000-74aad9103000 ---p 00000000 00:00 0 
74aad9103000-74aad91ff000 rw-p 00000000 00:00 0 
74aad91ff000-74aadc000000 rw-s 00000000 00:1c 1654549                    /dev/shm/aeron-emre-1-driver/cnc.dat
74aadc000000-74aadc14f000 rw-p 00000000 00:00 0 
74aadc14f000-74aae0000000 ---p 00000000 00:00 0 
74aae0000000-74aae002a000 rw-p 00000000 00:00 0 
74aae002a000-74aae4000000 ---p 00000000 00:00 0 
74aae4000000-74aae4f0d000 rw-p 00000000 00:00 0 
74aae4f0d000-74aae8000000 ---p 00000000 00:00 0 
74aae8000000-74aae8b87000 rw-p 00000000 00:00 0 
74aae8b87000-74aaec000000 ---p 00000000 00:00 0 
74aaec000000-74aaed531000 rw-p 00000000 00:00 0 
74aaed531000-74aaf0000000 ---p 00000000 00:00 0 
74aaf0000000-74aaf077e000 rw-p 00000000 00:00 0 
74aaf077e000-74aaf4000000 ---p 00000000 00:00 0 
74aaf4000000-74aaf409d000 rw-p 00000000 00:00 0 
74aaf409d000-74aaf8000000 ---p 00000000 00:00 0 
74aaf8000000-74aaf8059000 rw-p 00000000 00:00 0 
74aaf8059000-74aafc000000 ---p 00000000 00:00 0 
74aafc000000-74aafc030000 rw-p 00000000 00:00 0 
74aafc030000-74ab00000000 ---p 00000000 00:00 0 
74ab00000000-74ab000aa000 rw-p 00000000 00:00 0 
74ab000aa000-74ab04000000 ---p 00000000 00:00 0 
74ab04000000-74ab040a5000 rw-p 00000000 00:00 0 
74ab040a5000-74ab08000000 ---p 00000000 00:00 0 
74ab08048000-74ab0804c000 ---p 00000000 00:00 0 
74ab0804c000-74ab08148000 rw-p 00000000 00:00 0 
74ab08148000-74ab0814c000 ---p 00000000 00:00 0 
74ab0814c000-74ab08248000 rw-p 00000000 00:00 0 
74ab08248000-74ab0824c000 ---p 00000000 00:00 0 
74ab0824c000-74ab08348000 rw-p 00000000 00:00 0 
74ab08348000-74ab0834c000 ---p 00000000 00:00 0 
74ab0834c000-74ab08448000 rw-p 00000000 00:00 0 
74ab08448000-74ab0844c000 ---p 00000000 00:00 0 
74ab0844c000-74ab08548000 rw-p 00000000 00:00 0 
74ab08548000-74ab0854c000 ---p 00000000 00:00 0 
74ab0854c000-74ab08648000 rw-p 00000000 00:00 0 
74ab08648000-74ab0864c000 ---p 00000000 00:00 0 
74ab0864c000-74ab08748000 rw-p 00000000 00:00 0 
74ab08748000-74ab0874c000 ---p 00000000 00:00 0 
74ab0874c000-74ab08848000 rw-p 00000000 00:00 0 
74ab08848000-74ab0884c000 ---p 00000000 00:00 0 
74ab0884c000-74ab08948000 rw-p 00000000 00:00 0 
74ab08948000-74ab0894c000 ---p 00000000 00:00 0 
74ab0894c000-74ab08a48000 rw-p 00000000 00:00 0 
74ab08a48000-74ab08a4c000 ---p 00000000 00:00 0 
74ab08a4c000-74ab08b48000 rw-p 00000000 00:00 0 
74ab08b48000-74ab08ba9000 rw-s 00000000 00:1c 1654553                    /dev/shm/aeron-emre-1-driver/publications/40.logbuffer
74ab08ba9000-74ab08bda000 rw-s 00000000 00:1c 1654566                    /dev/shm/aeron-emre-1-driver/images/99.logbuffer
74ab08bda000-74ab08c0b000 rw-s 00000000 00:1c 1654566                    /dev/shm/aeron-emre-1-driver/images/99.logbuffer
74ab08c0b000-74ab08c0f000 ---p 00000000 00:00 0 
74ab08c0f000-74ab08d0b000 rw-p 00000000 00:00 0 
74ab08d3c000-74ab08d40000 ---p 00000000 00:00 0 
74ab08d40000-74ab08e3c000 rw-p 00000000 00:00 0 
74ab08e3c000-74ab08e40000 ---p 00000000 00:00 0 
74ab08e40000-74ab08f3c000 rw-p 00000000 00:00 0 
74ab08f3c000-74ab08f9d000 rw-s 00000000 00:1c 1654564                    /dev/shm/aeron-emre-1-driver/publications/90.logbuffer
74ab08f9d000-74ab08ffe000 rw-s 00000000 00:1c 1654564                    /dev/shm/aeron-emre-1-driver/publications/90.logbuffer
74ab08ffe000-74ab09002000 ---p 00000000 00:00 0 
74ab09002000-74ab090fe000 rw-p 00000000 00:00 0 
74ab090fe000-74ab09102000 ---p 00000000 00:00 0 
74ab09102000-74ab091fe000 rw-p 00000000 00:00 0 
74ab091fe000-74ab0bfff000 rw-s 00000000 00:1c 1654549                    /dev/shm/aeron-emre-1-driver/cnc.dat
74ab0bfff000-74ab10021000 rw-p 00000000 00:00 0 
74ab10021000-74ab14000000 ---p 00000000 00:00 0 
74ab14000000-74ab14021000 rw-p 00000000 00:00 0 
74ab14021000-74ab18000000 ---p 00000000 00:00 0 
74ab18000000-74ab18e95000 rw-p 00000000 00:00 0 
74ab18e95000-74ab1c000000 ---p 00000000 00:00 0 
74ab1c000000-74ab1c2d1000 rw-p 00000000 00:00 0 
74ab1c2d1000-74ab20000000 ---p 00000000 00:00 0 
74ab20000000-74ab22a07000 rw-p 00000000 00:00 0 
74ab22a07000-74ab24000000 ---p 00000000 00:00 0 
74ab24000000-74ab249fd000 rw-p 00000000 00:00 0 
74ab249fd000-74ab28000000 ---p 00000000 00:00 0 
74ab28000000-74ab28021000 rw-p 00000000 00:00 0 
74ab28021000-74ab2c000000 ---p 00000000 00:00 0 
74ab2c000000-74ab2c021000 rw-p 00000000 00:00 0 
74ab2c021000-74ab30000000 ---p 00000000 00:00 0 
74ab30000000-74ab30021000 rw-p 00000000 00:00 0 
74ab30021000-74ab34000000 ---p 00000000 00:00 0 
74ab34000000-74ab34021000 rw-p 00000000 00:00 0 
74ab34021000-74ab38000000 ---p 00000000 00:00 0 
74ab38000000-74ab38021000 rw-p 00000000 00:00 0 
74ab38021000-74ab3c000000 ---p 00000000 00:00 0 
74ab3c000000-74ab3c021000 rw-p 00000000 00:00 0 
74ab3c021000-74ab40000000 ---p 00000000 00:00 0 
74ab40000000-74ab40400000 rw-p 00000000 00:00 0 
74ab40400000-74ab40ee0000 rw-p 00000000 00:00 0 
74ab40ee0000-74ab40f00000 ---p 00000000 00:00 0 
74ab40f00000-74ab40f50000 rw-p 00000000 00:00 0 
74ab40f50000-74ab44000000 ---p 00000000 00:00 0 
74ab44000000-74ab44021000 rw-p 00000000 00:00 0 
74ab44021000-74ab48000000 ---p 00000000 00:00 0 
74ab4803a000-74ab4809b000 rw-s 00000000 00:1c 1654564                    /dev/shm/aeron-emre-1-driver/publications/90.logbuffer
74ab480fd000-74ab481ff000 rw-s 00000000 103:06 9577551                   /home/emre/openexchange-data/aeron-cluster/node1/cluster/cluster-mark-service-0.dat
74ab481ff000-74ab4b000000 rw-s 00000000 00:1c 1654549                    /dev/shm/aeron-emre-1-driver/cnc.dat
74ab4b000000-74ab4bcff000 rw-p 00001000 103:06 42209307                  /usr/lib/jvm/zulu21-ca-amd64/lib/server/classes_nocoops.jsa
74ab4bcff000-74ab4c000000 ---p 00000000 00:00 0 
74ab4c000000-74ab4c040000 rw-p 00000000 00:00 0 
74ab4c040000-74ab4c080000 rw-p 00000000 00:00 0 
74ab4c080000-74ab4c140000 rw-p 00000000 00:00 0 
74ab4c140000-74ab4c160000 rw-p 00000000 00:00 0 
74ab4c160000-74ab4c180000 ---p 00000000 00:00 0 
74ab4c180000-74ab4c190000 rw-p 00000000 00:00 0 
74ab4c190000-74ab8c000000 ---p 00000000 00:00 0 
74ab8c000000-74ab8c021000 rw-p 00000000 00:00 0 
74ab8c021000-74ab90000000 ---p 00000000 00:00 0 
74ab90000000-74ab90021000 rw-p 00000000 00:00 0 
74ab90021000-74ab94000000 ---p 00000000 00:00 0 
74ab94000000-74ab94021000 rw-p 00000000 00:00 0 
74ab94021000-74ab98000000 ---p 00000000 00:00 0 
74ab98000000-74ab98021000 rw-p 00000000 00:00 0 
74ab98021000-74ab9c000000 ---p 00000000 00:00 0 
74ab9c000000-74ab9c021000 rw-p 00000000 00:00 0 
74ab9c021000-74aba0000000 ---p 00000000 00:00 0 
74aba0000000-74aba0021000 rw-p 00000000 00:00 0 
74aba0021000-74aba4000000 ---p 00000000 00:00 0 
74aba4000000-74aba4021000 rw-p 00000000 00:00 0 
74aba4021000-74aba8000000 ---p 00000000 00:00 0 
74aba8000000-74aba8021000 rw-p 00000000 00:00 0 
74aba8021000-74abac000000 ---p 00000000 00:00 0 
74abac000000-74abac612000 rw-p 00000000 00:00 0 
74abac612000-74abb0000000 ---p 00000000 00:00 0 
74abb0000000-74abb0021000 rw-p 00000000 00:00 0 
74abb0021000-74abb4000000 ---p 00000000 00:00 0 
74abb4000000-74abb6000000 rw-p 00000000 00:00 0 
74abb6000000-74adb4000000 ---p 00000000 00:00 0 
74adb4000000-74adb45ed000 rw-p 00000000 00:00 0 
74adb45ed000-74adb8000000 ---p 00000000 00:00 0 
74adb8000000-74adb8021000 rw-p 00000000 00:00 0 
74adb8021000-74adbc000000 ---p 00000000 00:00 0 
74adbc000000-74adbc394000 rw-p 00000000 00:00 0 
74adbc394000-74adc0000000 ---p 00000000 00:00 0 
74adc0000000-74adc04ec000 rw-p 00000000 00:00 0 
74adc04ec000-74adc4000000 ---p 00000000 00:00 0 
74adc4000000-74adc40b7000 rw-p 00000000 00:00 0 
74adc40b7000-74adc8000000 ---p 00000000 00:00 0 
74adc8000000-74adc83ad000 rw-p 00000000 00:00 0 
74adc83ad000-74adcc000000 ---p 00000000 00:00 0 
74adcc000000-74adcc39b000 rw-p 00000000 00:00 0 
74adcc39b000-74add0000000 ---p 00000000 00:00 0 
74add0000000-74add2000000 rw-p 00000000 00:00 0 
74add2000000-74afd0000000 ---p 00000000 00:00 0 
74afd0000000-74afd002a000 rw-p 00000000 00:00 0 
74afd002a000-74afd4000000 ---p 00000000 00:00 0 
74afd4006000-74afd4037000 rw-s 00000000 00:1c 1654561                    /dev/shm/aeron-emre-1-driver/publications/78.logbuffer
74afd4037000-74afd4068000 rw-s 00000000 00:1c 1654561                    /dev/shm/aeron-emre-1-driver/publications/78.logbuffer
74afd4068000-74afd406c000 ---p 00000000 00:00 0 
74afd406c000-74afd4168000 rw-p 00000000 00:00 0 
74afd4168000-74afd416c000 ---p 00000000 00:00 0 
74afd416c000-74afd4268000 rw-p 00000000 00:00 0 
74afd4268000-74afd426c000 ---p 00000000 00:00 0 
74afd426c000-74afd4368000 rw-p 00000000 00:00 0 
74afd4368000-74afd4468000 rw-s 00000000 103:06 9568332                   /home/emre/openexchange-data/match-journal/node1/archive/archive.catalog
74afd4468000-74afd456a000 rw-s 00000000 103:06 9568330                   /home/emre/openexchange-data/match-journal/node1/archive/archive-mark.dat
74afd456a000-74afd456e000 ---p 00000000 00:00 0 
74afd456e000-74afd466a000 rw-p 00000000 00:00 0 
74afd466a000-74afd46cb000 rw-s 00000000 00:1c 1654553                    /dev/shm/aeron-emre-1-driver/publications/40.logbuffer
74afd46cb000-74afd472c000 rw-s 00000000 00:1c 1654553                    /dev/shm/aeron-emre-1-driver/publications/40.logbuffer
74afd472c000-74afd482c000 rw-s 00000000 103:06 9568316                   /home/emre/openexchange-data/aeron-cluster/node1/cluster/node-state.dat
74afd482c000-74afd492e000 rw-s 00000000 103:06 9568311                   /home/emre/openexchange-data/aeron-cluster/node1/cluster/cluster-mark.dat
74afd492e000-74afd4932000 ---p 00000000 00:00 0 
74afd4932000-74afd4a2e000 rw-p 00000000 00:00 0 
74afd4a2e000-74afd4a32000 ---p 00000000 00:00 0 
74afd4a32000-74afd4b2e000 rw-p 00000000 00:00 0 
74afd4b2e000-74afd4b32000 ---p 00000000 00:00 0 
74afd4b32000-74afd4c2e000 rw-p 00000000 00:00 0 
74afd4c2e000-74afd4d2e000 rw-s 00000000 103:06 9568301                   /home/emre/openexchange-data/aeron-cluster/node1/archive/archive.catalog
74afd4d2e000-74afd4e30000 rw-s 00000000 103:06 9568299                   /home/emre/openexchange-data/aeron-cluster/node1/archive/archive-mark.dat
74afd4e30000-74afd4e34000 ---p 00000000 00:00 0 
74afd4e34000-74afd4f30000 rw-p 00000000 00:00 0 
74afd4f30000-74afd4f34000 ---p 00000000 00:00 0 
74afd4f34000-74afd5030000 rw-p 00000000 00:00 0 
74afd5030000-74afd5034000 ---p 00000000 00:00 0 
74afd5034000-74afd5130000 rw-p 00000000 00:00 0 
74afd5130000-74afd5134000 ---p 00000000 00:00 0 
74afd5134000-74afd5230000 rw-p 00000000 00:00 0 
74afd5230000-74afd5234000 ---p 00000000 00:00 0 
74afd5234000-74afd5330000 rw-p 00000000 00:00 0 
74afd5330000-74afd5334000 ---p 00000000 00:00 0 
74afd5334000-74afd5430000 rw-p 00000000 00:00 0 
74afd5430000-74afd5434000 ---p 00000000 00:00 0 
74afd5434000-74afd5530000 rw-p 00000000 00:00 0 
74afd5530000-74afd5534000 ---p 00000000 00:00 0 
74afd5534000-74afd5630000 rw-p 00000000 00:00 0 
74afd5630000-74afd5634000 ---p 00000000 00:00 0 
74afd5634000-74afd5730000 rw-p 00000000 00:00 0 
74afd5730000-74afd5830000 rw-s 00000000 00:1c 1654552                    /dev/shm/aeron-emre-1-driver/loss-report.dat
74afd5830000-74afd5834000 ---p 00000000 00:00 0 
74afd5834000-74afd5930000 rw-p 00000000 00:00 0 
74afd5930000-74afd5934000 ---p 00000000 00:00 0 
74afd5934000-74afd5a30000 rw-p 00000000 00:00 0 
74afd5a30000-74afd5a34000 ---p 00000000 00:00 0 
74afd5a34000-74afd5b30000 rw-p 00000000 00:00 0 
74afd5b30000-74afd5b34000 ---p 00000000 00:00 0 
74afd5b34000-74afd5c30000 rw-p 00000000 00:00 0 
74afd5c30000-74afd5cfe000 r-xp 00000000 103:06 42209345                  /usr/lib/jvm/zulu21-ca-amd64/lib/libjsvml.so
74afd5cfe000-74afd5cff000 r--p 000cd000 103:06 42209345                  /usr/lib/jvm/zulu21-ca-amd64/lib/libjsvml.so
74afd5cff000-74afd5d00000 rw-p 000ce000 103:06 42209345                  /usr/lib/jvm/zulu21-ca-amd64/lib/libjsvml.so
74afd5d00000-74afd5d04000 ---p 00000000 00:00 0 
74afd5d04000-74afd5e00000 rw-p 00000000 00:00 0 
74afd5e00000-74afd5e04000 ---p 00000000 00:00 0 
74afd5e04000-74afd5f00000 rw-p 00000000 00:00 0 
74afd5f00000-74afd5f04000 ---p 00000000 00:00 0 
74afd5f04000-74afd6000000 rw-p 00000000 00:00 0 
74afd6000000-74afd6004000 ---p 00000000 00:00 0 
74afd6004000-74afd6100000 rw-p 00000000 00:00 0 
74afd6100000-74afd6104000 ---p 00000000 00:00 0 
74afd6104000-74afd6200000 rw-p 00000000 00:00 0 
74afd6200000-74afd6204000 ---p 00000000 00:00 0 
74afd6204000-74afd6300000 rw-p 00000000 00:00 0 
74afd6300000-74afd6304000 ---p 00000000 00:00 0 
74afd6304000-74afd6400000 rw-p 00000000 00:00 0 
74afd6400000-74afd6975000 r--p 00000000 103:06 41549904                  /usr/lib/locale/locale-archive
74afd698d000-74afd69be000 rw-s 00000000 00:1c 1654729                    /dev/shm/aeron-emre-1-driver/images/5374.logbuffer
74afd69be000-74afd69fa000 rw-p 00000000 00:00 0 
74afd69fa000-74afd69fb000 ---p 00000000 00:00 0 
74afd69fb000-74afd6afb000 rw-p 00000000 00:00 0 
74afd6afb000-74afd6afc000 ---p 00000000 00:00 0 
74afd6afc000-74afd6bfc000 rw-p 00000000 00:00 0 
74afd6bfc000-74afd6bfd000 ---p 00000000 00:00 0 
74afd6bfd000-74afd6cfd000 rw-p 00000000 00:00 0 
74afd6cfd000-74afd6cfe000 ---p 00000000 00:00 0 
74afd6cfe000-74afd6dfe000 rw-p 00000000 00:00 0 
74afd6dfe000-74afd6dff000 ---p 00000000 00:00 0 
74afd6dff000-74afd6eff000 rw-p 00000000 00:00 0 
74afd6eff000-74afd6f00000 ---p 00000000 00:00 0 
74afd6f00000-74afd7000000 rw-p 00000000 00:00 0 
74afd7000000-74afd8021000 rw-p 00000000 00:00 0 
74afd8021000-74afdc000000 ---p 00000000 00:00 0 
74afdc000000-74afdc021000 rw-p 00000000 00:00 0 
74afdc021000-74afe0000000 ---p 00000000 00:00 0 
74afe0000000-74afe00a1000 rw-p 00000000 00:00 0 
74afe00a1000-74afe4000000 ---p 00000000 00:00 0 
74afe4000000-74afe402c000 rw-p 00000000 00:00 0 
74afe402c000-74afe8000000 ---p 00000000 00:00 0 
74afe8000000-74afe8021000 rw-p 00000000 00:00 0 
74afe8021000-74afec000000 ---p 00000000 00:00 0 
74afec000000-74afec021000 rw-p 00000000 00:00 0 
74afec021000-74aff0000000 ---p 00000000 00:00 0 
74aff0000000-74aff0021000 rw-p 00000000 00:00 0 
74aff0021000-74aff4000000 ---p 00000000 00:00 0 
74aff4018000-74aff401f000 r--s 00000000 103:06 41568527                  /usr/lib/x86_64-linux-gnu/gconv/gconv-modules.cache
74aff401f000-74aff40fb000 rw-p 00000000 00:00 0 
74aff40fb000-74aff40fc000 ---p 00000000 00:00 0 
74aff40fc000-74aff41fc000 rw-p 00000000 00:00 0 
74aff41fc000-74aff41fd000 ---p 00000000 00:00 0 
74aff41fd000-74aff42fd000 rw-p 00000000 00:00 0 
74aff42fd000-74aff42fe000 ---p 00000000 00:00 0 
74aff42fe000-74aff43fe000 rw-p 00000000 00:00 0 
74aff43fe000-74aff43ff000 ---p 00000000 00:00 0 
74aff43ff000-74aff44ff000 rw-p 00000000 00:00 0 
74aff44ff000-74aff4500000 ---p 00000000 00:00 0 
74aff4500000-74aff4600000 rw-p 00000000 00:00 0 
74aff4600000-74aff4bd0000 rwxp 00000000 00:00 0 
74aff4bd0000-74affba5f000 ---p 00000000 00:00 0 
74affba5f000-74affbdcf000 rwxp 00000000 00:00 0 
74affbdcf000-74affc1a0000 ---p 00000000 00:00 0 
74affc1a0000-74affc5c0000 rwxp 00000000 00:00 0 
74affc5c0000-74b003600000 ---p 00000000 00:00 0 
74b003600000-74b00bec9000 r--s 00000000 103:06 42209316                  /usr/lib/jvm/zulu21-ca-amd64/lib/modules
74b00bece000-74b00beff000 rw-s 00000000 00:1c 1654729                    /dev/shm/aeron-emre-1-driver/images/5374.logbuffer
74b00beff000-74b00bf00000 ---p 00000000 00:00 0 
74b00bf00000-74b00c000000 rw-p 00000000 00:00 0 
74b00c000000-74b00c865000 rw-p 00000000 00:00 0 
74b00c865000-74b010000000 ---p 00000000 00:00 0 
74b010002000-74b010009000 r-xp 00000000 103:06 42209300                  /usr/lib/jvm/zulu21-ca-amd64/lib/libzip.so
74b010009000-74b01000a000 ---p 00007000 103:06 42209300                  /usr/lib/jvm/zulu21-ca-amd64/lib/libzip.so
74b01000a000-74b01000b000 r--p 00007000 103:06 42209300                  /usr/lib/jvm/zulu21-ca-amd64/lib/libzip.so
74b01000b000-74b01000c000 rw-p 00008000 103:06 42209300                  /usr/lib/jvm/zulu21-ca-amd64/lib/libzip.so
74b01000c000-74b010018000 r-xp 00000000 103:06 42209301                  /usr/lib/jvm/zulu21-ca-amd64/lib/libnet.so
74b010018000-74b010019000 r--p 0000b000 103:06 42209301                  /usr/lib/jvm/zulu21-ca-amd64/lib/libnet.so
74b010019000-74b01001a000 rw-p 0000c000 103:06 42209301                  /usr/lib/jvm/zulu21-ca-amd64/lib/libnet.so
74b01001a000-74b01002e000 r-xp 00000000 103:06 42209331                  /usr/lib/jvm/zulu21-ca-amd64/lib/libnio.so
74b01002e000-74b01002f000 r--p 00013000 103:06 42209331                  /usr/lib/jvm/zulu21-ca-amd64/lib/libnio.so
74b01002f000-74b010030000 rw-p 00014000 103:06 42209331                  /usr/lib/jvm/zulu21-ca-amd64/lib/libnio.so
74b010030000-74b010071000 rw-p 00000000 00:00 0 
74b010071000-74b010072000 ---p 00000000 00:00 0 
74b010072000-74b010172000 rw-p 00000000 00:00 0 
74b010172000-74b0101f4000 rw-p 00000000 00:00 0 
74b0101f4000-74b0101f5000 ---p 00000000 00:00 0 
74b0101f5000-74b0102f5000 rw-p 00000000 00:00 0 
74b0102f5000-74b0102f6000 ---p 00000000 00:00 0 
74b0102f6000-74b0103f6000 rw-p 00000000 00:00 0 
74b0103f6000-74b0103f7000 ---p 00000000 00:00 0 
74b0103f7000-74b0104f7000 rw-p 00000000 00:00 0 
74b0104f7000-74b0104f8000 ---p 00000000 00:00 0 
74b0104f8000-74b0105f8000 rw-p 00000000 00:00 0 
74b0105f8000-74b0105f9000 ---p 00000000 00:00 0 
74b0105f9000-74b0106f9000 rw-p 00000000 00:00 0 
74b0106f9000-74b0106fa000 ---p 00000000 00:00 0 
74b0106fa000-74b0107fa000 rw-p 00000000 00:00 0 
74b0107fa000-74b0107fb000 ---p 00000000 00:00 0 
74b0107fb000-74b0108fb000 rw-p 00000000 00:00 0 
74b0108fb000-74b0108fc000 ---p 00000000 00:00 0 
74b0108fc000-74b0109fc000 rw-p 00000000 00:00 0 
74b0109fc000-74b0109fd000 ---p 00000000 00:00 0 
74b0109fd000-74b010afd000 rw-p 00000000 00:00 0 
74b010afd000-74b010afe000 ---p 00000000 00:00 0 
74b010afe000-74b010bfe000 rw-p 00000000 00:00 0 
74b010bfe000-74b010bff000 ---p 00000000 00:00 0 
74b010bff000-74b010cff000 rw-p 00000000 00:00 0 
74b010cff000-74b010d00000 ---p 00000000 00:00 0 
74b010d00000-74b010e00000 rw-p 00000000 00:00 0 
74b010e00000-74b012e00000 rw-p 00000000 00:00 0 
74b012e02000-74b012e03000 ---p 00000000 00:00 0 
74b012e03000-74b012f03000 rw-p 00000000 00:00 0 
74b012f03000-74b012f04000 ---p 00000000 00:00 0 
74b012f04000-74b013004000 rw-p 00000000 00:00 0 
74b013004000-74b01304e000 rw-p 00000000 00:00 0 
74b01304e000-74b01312e000 ---p 00000000 00:00 0 
74b01312e000-74b01313a000 rw-p 00000000 00:00 0 
74b01313a000-74b013217000 ---p 00000000 00:00 0 
74b013217000-74b01321b000 ---p 00000000 00:00 0 
74b01321b000-74b013317000 rw-p 00000000 00:00 0 
74b013317000-74b013327000 r--p 00000000 103:06 41569512                  /usr/lib/x86_64-linux-gnu/libm.so.6
74b013327000-74b0133a6000 r-xp 00010000 103:06 41569512                  /usr/lib/x86_64-linux-gnu/libm.so.6
74b0133a6000-74b0133fe000 r--p 0008f000 103:06 41569512                  /usr/lib/x86_64-linux-gnu/libm.so.6
74b0133fe000-74b0133ff000 r--p 000e7000 103:06 41569512                  /usr/lib/x86_64-linux-gnu/libm.so.6
74b0133ff000-74b013400000 rw-p 000e8000 103:06 41569512                  /usr/lib/x86_64-linux-gnu/libm.so.6
74b013400000-74b014829000 r-xp 00000000 103:06 42209310                  /usr/lib/jvm/zulu21-ca-amd64/lib/server/libjvm.so
74b014829000-74b0148fe000 r--p 01428000 103:06 42209310                  /usr/lib/jvm/zulu21-ca-amd64/lib/server/libjvm.so
74b0148fe000-74b01492e000 rw-p 014fd000 103:06 42209310                  /usr/lib/jvm/zulu21-ca-amd64/lib/server/libjvm.so
74b01492e000-74b014995000 rw-p 00000000 00:00 0 
74b01499b000-74b0149a2000 rw-p 00000000 00:00 0 
74b0149a2000-74b0149aa000 ---p 00000000 00:00 0 
74b0149aa000-74b0149cb000 r-xp 00000000 103:06 42209329                  /usr/lib/jvm/zulu21-ca-amd64/lib/libjava.so
74b0149cb000-74b0149cc000 r--p 00020000 103:06 42209329                  /usr/lib/jvm/zulu21-ca-amd64/lib/libjava.so
74b0149cc000-74b0149cd000 rw-p 00021000 103:06 42209329                  /usr/lib/jvm/zulu21-ca-amd64/lib/libjava.so
74b0149cd000-74b0149ce000 rw-p 00000000 00:00 0 
74b0149ce000-74b0149d1000 r--p 00000000 103:06 41561707                  /usr/lib/x86_64-linux-gnu/libnuma.so.1.0.0
74b0149d1000-74b0149d8000 r-xp 00003000 103:06 41561707                  /usr/lib/x86_64-linux-gnu/libnuma.so.1.0.0
74b0149d8000-74b0149da000 r--p 0000a000 103:06 41561707                  /usr/lib/x86_64-linux-gnu/libnuma.so.1.0.0
74b0149da000-74b0149db000 r--p 0000b000 103:06 41561707                  /usr/lib/x86_64-linux-gnu/libnuma.so.1.0.0
74b0149db000-74b0149dc000 rw-p 0000c000 103:06 41561707                  /usr/lib/x86_64-linux-gnu/libnuma.so.1.0.0
74b0149dc000-74b0149f7000 r-xp 00000000 103:06 42209333                  /usr/lib/jvm/zulu21-ca-amd64/lib/libjimage.so
74b0149f7000-74b0149f8000 ---p 0001b000 103:06 42209333                  /usr/lib/jvm/zulu21-ca-amd64/lib/libjimage.so
74b0149f8000-74b0149fa000 r--p 0001b000 103:06 42209333                  /usr/lib/jvm/zulu21-ca-amd64/lib/libjimage.so
74b0149fa000-74b0149fb000 rw-p 0001d000 103:06 42209333                  /usr/lib/jvm/zulu21-ca-amd64/lib/libjimage.so
74b0149fb000-74b0149fc000 r--p 00000000 103:06 41570398                  /usr/lib/x86_64-linux-gnu/librt.so.1
74b0149fc000-74b0149fd000 r-xp 00001000 103:06 41570398                  /usr/lib/x86_64-linux-gnu/librt.so.1
74b0149fd000-74b0149fe000 r--p 00002000 103:06 41570398                  /usr/lib/x86_64-linux-gnu/librt.so.1
74b0149fe000-74b0149ff000 r--p 00002000 103:06 41570398                  /usr/lib/x86_64-linux-gnu/librt.so.1
74b0149ff000-74b014a00000 rw-p 00003000 103:06 41570398                  /usr/lib/x86_64-linux-gnu/librt.so.1
74b014a00000-74b014a28000 r--p 00000000 103:06 41569503                  /usr/lib/x86_64-linux-gnu/libc.so.6
74b014a28000-74b014bb0000 r-xp 00028000 103:06 41569503                  /usr/lib/x86_64-linux-gnu/libc.so.6
74b014bb0000-74b014bff000 r--p 001b0000 103:06 41569503                  /usr/lib/x86_64-linux-gnu/libc.so.6
74b014bff000-74b014c03000 r--p 001fe000 103:06 41569503                  /usr/lib/x86_64-linux-gnu/libc.so.6
74b014c03000-74b014c05000 rw-p 00202000 103:06 41569503                  /usr/lib/x86_64-linux-gnu/libc.so.6
74b014c05000-74b014c12000 rw-p 00000000 00:00 0 
74b014c14000-74b014c18000 rw-p 00000000 00:00 0 
74b014c18000-74b014c19000 r--p 00000000 103:06 41569505                  /usr/lib/x86_64-linux-gnu/libdl.so.2
74b014c19000-74b014c1a000 r-xp 00001000 103:06 41569505                  /usr/lib/x86_64-linux-gnu/libdl.so.2
74b014c1a000-74b014c1b000 r--p 00002000 103:06 41569505                  /usr/lib/x86_64-linux-gnu/libdl.so.2
74b014c1b000-74b014c1c000 r--p 00002000 103:06 41569505                  /usr/lib/x86_64-linux-gnu/libdl.so.2
74b014c1c000-74b014c1d000 rw-p 00003000 103:06 41569505                  /usr/lib/x86_64-linux-gnu/libdl.so.2
74b014c1d000-74b014c1e000 r--p 00000000 103:06 41570396                  /usr/lib/x86_64-linux-gnu/libpthread.so.0
74b014c1e000-74b014c1f000 r-xp 00001000 103:06 41570396                  /usr/lib/x86_64-linux-gnu/libpthread.so.0
74b014c1f000-74b014c20000 r--p 00002000 103:06 41570396                  /usr/lib/x86_64-linux-gnu/libpthread.so.0
74b014c20000-74b014c21000 r--p 00002000 103:06 41570396                  /usr/lib/x86_64-linux-gnu/libpthread.so.0
74b014c21000-74b014c22000 rw-p 00003000 103:06 41570396                  /usr/lib/x86_64-linux-gnu/libpthread.so.0
74b014c22000-74b014c31000 r-xp 00000000 103:06 42209298                  /usr/lib/jvm/zulu21-ca-amd64/lib/libjli.so
74b014c31000-74b014c32000 ---p 0000f000 103:06 42209298                  /usr/lib/jvm/zulu21-ca-amd64/lib/libjli.so
74b014c32000-74b014c33000 r--p 0000f000 103:06 42209298                  /usr/lib/jvm/zulu21-ca-amd64/lib/libjli.so
74b014c33000-74b014c34000 rw-p 00010000 103:06 42209298                  /usr/lib/jvm/zulu21-ca-amd64/lib/libjli.so
74b014c34000-74b014c36000 r--p 00000000 103:06 41561978                  /usr/lib/x86_64-linux-gnu/libz.so.1.3
74b014c36000-74b014c48000 r-xp 00002000 103:06 41561978                  /usr/lib/x86_64-linux-gnu/libz.so.1.3
74b014c48000-74b014c4e000 r--p 00014000 103:06 41561978                  /usr/lib/x86_64-linux-gnu/libz.so.1.3
74b014c4e000-74b014c4f000 r--p 0001a000 103:06 41561978                  /usr/lib/x86_64-linux-gnu/libz.so.1.3
74b014c4f000-74b014c50000 rw-p 0001b000 103:06 41561978                  /usr/lib/x86_64-linux-gnu/libz.so.1.3
74b014c53000-74b014c55000 r-xp 00000000 103:06 42209311                  /usr/lib/jvm/zulu21-ca-amd64/lib/libextnet.so
74b014c55000-74b014c56000 r--p 00001000 103:06 42209311                  /usr/lib/jvm/zulu21-ca-amd64/lib/libextnet.so
74b014c56000-74b014c57000 rw-p 00002000 103:06 42209311                  /usr/lib/jvm/zulu21-ca-amd64/lib/libextnet.so
74b014c57000-74b014c5f000 rw-p 00000000 00:00 0 
74b014c5f000-74b014c60000 ---p 00000000 00:00 0 
74b014c60000-74b014c61000 r--p 00000000 00:00 0 
74b014c61000-74b014c62000 ---p 00000000 00:00 0 
74b014c62000-74b014c64000 rw-p 00000000 00:00 0 
74b014c64000-74b014c68000 r--p 00000000 00:00 0                          [vvar]
74b014c68000-74b014c6a000 r--p 00000000 00:00 0                          [vvar_vclock]
74b014c6a000-74b014c6c000 r-xp 00000000 00:00 0                          [vdso]
74b014c6c000-74b014c6d000 r--p 00000000 103:06 41569369                  /usr/lib/x86_64-linux-gnu/ld-linux-x86-64.so.2
74b014c6d000-74b014c98000 r-xp 00001000 103:06 41569369                  /usr/lib/x86_64-linux-gnu/ld-linux-x86-64.so.2
74b014c98000-74b014ca2000 r--p 0002c000 103:06 41569369                  /usr/lib/x86_64-linux-gnu/ld-linux-x86-64.so.2
74b014ca2000-74b014ca4000 r--p 00036000 103:06 41569369                  /usr/lib/x86_64-linux-gnu/ld-linux-x86-64.so.2
74b014ca4000-74b014ca6000 rw-p 00038000 103:06 41569369                  /usr/lib/x86_64-linux-gnu/ld-linux-x86-64.so.2
7fff25f86000-7fff25fa7000 rw-p 00000000 00:00 0                          [stack]
ffffffffff600000-ffffffffff601000 --xp 00000000 00:00 0                  [vsyscall]
Total number of mappings: 469

JVMTI agents: none


VM Arguments:
jvm_args: -XX:+UseZGC -XX:+ZGenerational -XX:+UnlockDiagnosticVMOptions -XX:GuaranteedSafepointInterval=0 -XX:+UseNUMA -XX:+PerfDisableSharedMem -XX:+TieredCompilation -XX:TieredStopAtLevel=4 --add-opens=java.base/jdk.internal.misc=ALL-UNNAMED --add-opens=java.base/sun.nio.ch=ALL-UNNAMED -Xmx768m -Xms768m 
java_command: match-cluster/target/match-cluster.jar
java_class_path (initial): match-cluster/target/match-cluster.jar
Launcher Type: SUN_STANDARD

[Global flags]
     intx CICompilerCount                          = 12                                        {product} {ergonomic}
     intx GuaranteedSafepointInterval              = 0                                      {diagnostic} {command line}
   size_t InitialHeapSize                          = 805306368                                 {product} {command line}
   size_t MaxHeapSize                              = 805306368                                 {product} {command line}
   size_t MinHeapDeltaBytes                        = 2097152                                   {product} {ergonomic}
   size_t MinHeapSize                              = 805306368                                 {product} {command line}
    uintx NonNMethodCodeHeapSize                   = 7602480                                {pd product} {ergonomic}
    uintx NonProfiledCodeHeapSize                  = 122027880                              {pd product} {ergonomic}
     bool PerfDisableSharedMem                     = true                                      {product} {command line}
    uintx ProfiledCodeHeapSize                     = 122027880                              {pd product} {ergonomic}
    uintx ReservedCodeCacheSize                    = 251658240                              {pd product} {ergonomic}
     bool SegmentedCodeCache                       = true                                      {product} {ergonomic}
   size_t SoftMaxHeapSize                          = 805306368                              {manageable} {ergonomic}
     bool THPStackMitigation                       = false                                  {diagnostic} {ergonomic}
     bool TieredCompilation                        = true                                   {pd product} {command line}
     intx TieredStopAtLevel                        = 4                                         {product} {command line}
     bool UnlockDiagnosticVMOptions                = true                                   {diagnostic} {command line}
     bool UseCompressedOops                        = false                          {product lp64_product} {ergonomic}
     bool UseNUMA                                  = false                                     {product} {command line}
     bool UseZGC                                   = true                                      {product} {command line}
     bool ZGenerational                            = true                                      {product} {command line}
     uint ZOldGCThreads                            = 6                                      {diagnostic} {ergonomic}
     bool ZUncommit                                = false                                     {product} {ergonomic}
     uint ZYoungGCThreads                          = 6                                      {diagnostic} {ergonomic}

Logging:
Log output configuration:
 #0: stdout all=warning uptime,level,tags foldmultilines=false
 #1: stderr all=off uptime,level,tags foldmultilines=false

Release file:
IMPLEMENTOR="Azul Systems, Inc."
IMPLEMENTOR_VERSION="Zulu21.50+19-CA"
JAVA_RUNTIME_VERSION="21.0.11+10-LTS"
JAVA_VERSION="21.0.11"
JAVA_VERSION_DATE="2026-04-21"
LIBC="gnu"
MODULES="java.base com.azul.tooling java.logging java.management java.security.sasl java.naming jdk.jfr com.azul.crs.client java.compiler java.datatransfer java.xml java.prefs java.desktop java.instrument java.rmi java.management.rmi java.net.http java.scripting java.security.jgss java.transaction.xa java.sql java.sql.rowset java.xml.crypto java.se java.smartcardio jdk.accessibility jdk.internal.jvmstat jdk.attach jdk.charsets jdk.internal.opt jdk.zipfs jdk.compiler jdk.crypto.ec jdk.crypto.cryptoki jdk.dynalink jdk.internal.ed jdk.editpad jdk.hotspot.agent jdk.httpserver jdk.incubator.vector jdk.internal.le jdk.internal.vm.ci jdk.internal.vm.compiler jdk.internal.vm.compiler.management jdk.jartool jdk.javadoc jdk.jcmd jdk.management jdk.management.agent jdk.jconsole jdk.jdeps jdk.jdwp.agent jdk.jdi jdk.jlink jdk.jpackage jdk.jshell jdk.jsobject jdk.jstatd jdk.localedata jdk.management.jfr jdk.naming.dns jdk.naming.rmi jdk.net jdk.nio.mapmode jdk.random jdk.sctp jdk.security.auth jdk.security.jgss jdk.unsupported jdk.unsupported.desktop jdk.xml.dom"
OS_ARCH="x86_64"
OS_NAME="Linux"
SOURCE=".:git:ffff125054c5"

Environment Variables:
PATH=/usr/local/go/bin:/home/emre/.local/bin:/usr/local/sbin:/usr/local/bin:/usr/sbin:/usr/bin:/sbin:/bin:/usr/games:/usr/local/games:/snap/bin:/snap/bin:/home/emre/.local/share/JetBrains/Toolbox/scripts
USERNAME=emre
SHELL=/bin/bash
DISPLAY=:1
LANG=en_US.UTF-8

Active Locale:
LC_ALL=en_US.UTF-8
LC_COLLATE=en_US.UTF-8
LC_CTYPE=en_US.UTF-8
LC_MESSAGES=en_US.UTF-8
LC_MONETARY=en_US.UTF-8
LC_NUMERIC=en_US.UTF-8
LC_TIME=en_US.UTF-8

Signal Handlers:
   SIGSEGV: crash_handler in libjvm.so, mask=11100100010111111101111111111110, flags=SA_RESTART|SA_SIGINFO, unblocked
    SIGBUS: crash_handler in libjvm.so, mask=11100100010111111101111111111110, flags=SA_RESTART|SA_SIGINFO, unblocked
    SIGFPE: crash_handler in libjvm.so, mask=11100100010111111101111111111110, flags=SA_RESTART|SA_SIGINFO, unblocked
   SIGPIPE: javaSignalHandler in libjvm.so, mask=11100100010111111101111111111110, flags=SA_RESTART|SA_SIGINFO, blocked
   SIGXFSZ: javaSignalHandler in libjvm.so, mask=11100100010111111101111111111110, flags=SA_RESTART|SA_SIGINFO, blocked
    SIGILL: crash_handler in libjvm.so, mask=11100100010111111101111111111110, flags=SA_RESTART|SA_SIGINFO, unblocked
   SIGUSR2: SR_handler in libjvm.so, mask=00000000000000000000000000000000, flags=SA_RESTART|SA_SIGINFO, blocked
    SIGHUP: UserHandler in libjvm.so, mask=11100100010111111101111111111110, flags=SA_RESTART|SA_SIGINFO, blocked
    SIGINT: UserHandler in libjvm.so, mask=11100100010111111101111111111110, flags=SA_RESTART|SA_SIGINFO, blocked
   SIGTERM: UserHandler in libjvm.so, mask=11100100010111111101111111111110, flags=SA_RESTART|SA_SIGINFO, blocked
   SIGQUIT: UserHandler in libjvm.so, mask=11100100010111111101111111111110, flags=SA_RESTART|SA_SIGINFO, blocked
   SIGTRAP: crash_handler in libjvm.so, mask=11100100010111111101111111111110, flags=SA_RESTART|SA_SIGINFO, unblocked


Periodic native trim disabled

---------------  S Y S T E M  ---------------

OS:
DISTRIB_ID=Ubuntu
DISTRIB_RELEASE=24.04
DISTRIB_CODENAME=noble
DISTRIB_DESCRIPTION="Ubuntu 24.04.3 LTS"
uname: Linux 6.17.0-35-generic #35~24.04.1-Ubuntu SMP PREEMPT_DYNAMIC Tue May 26 19:30:42 UTC 2 x86_64
OS uptime: 10 days 23:11 hours
libc: glibc 2.39 NPTL 2.39 
rlimit (soft/hard): STACK 8192k/infinity , CORE 0k/infinity , NPROC 126613/126613 , NOFILE 1048576/1048576 , AS infinity/infinity , CPU infinity/infinity , DATA infinity/infinity , FSIZE infinity/infinity , MEMLOCK 4077268k/4077268k
load average: 49.26 43.95 41.74

/proc/meminfo:
MemTotal:       32618156 kB
MemFree:         1480628 kB
MemAvailable:    9907544 kB
Buffers:          929012 kB
Cached:         16976332 kB
SwapCached:            0 kB
Active:          5294324 kB
Inactive:       19567124 kB
Active(anon):    4914104 kB
Inactive(anon): 11925932 kB
Active(file):     380220 kB
Inactive(file):  7641192 kB
Unevictable:       10584 kB
Mlocked:              48 kB
SwapTotal:       8388604 kB
SwapFree:        8388604 kB
Zswap:                 0 kB
Zswapped:              0 kB
Dirty:              2428 kB
Writeback:             0 kB
AnonPages:       6967056 kB
Mapped:          7598720 kB
Shmem:           9883764 kB
KReclaimable:     744408 kB
Slab:            3427248 kB
SReclaimable:     744408 kB
SUnreclaim:      2682840 kB
KernelStack:       34512 kB
PageTables:        99092 kB
SecPageTables:         0 kB
NFS_Unstable:          0 kB
Bounce:                0 kB
WritebackTmp:          0 kB
CommitLimit:    23649104 kB
Committed_AS:   29477624 kB
VmallocTotal:   34359738367 kB
VmallocUsed:      163476 kB
VmallocChunk:          0 kB
Percpu:            24960 kB
HardwareCorrupted:     0 kB
AnonHugePages:         0 kB
ShmemHugePages:    14336 kB
ShmemPmdMapped:        0 kB
FileHugePages:     75776 kB
FilePmdMapped:     57344 kB
CmaTotal:              0 kB
CmaFree:               0 kB
Unaccepted:            0 kB
Balloon:               0 kB
HugePages_Total:    1024
HugePages_Free:      953
HugePages_Rsvd:        1
HugePages_Surp:        0
Hugepagesize:       2048 kB
Hugetlb:         2097152 kB
DirectMap4k:    15813592 kB
DirectMap2M:    17498112 kB
DirectMap1G:           0 kB

/sys/kernel/mm/transparent_hugepage/enabled: always madvise [never]
/sys/kernel/mm/transparent_hugepage/hpage_pmd_size: 2097152
/sys/kernel/mm/transparent_hugepage/defrag (defrag/compaction efforts parameter): always defer defer+madvise madvise [never]

Process Memory:
Virtual Size: 37884736K (peak: 39162704K)
Resident Set Size: 1987124K (peak: 2372632K) (anon: 310092K, file: 24556K, shmem: 1652476K)
Swapped out: 0K
C-Heap outstanding allocations: 111760K, retained: 194879K
glibc malloc tunables: (default)

/proc/sys/kernel/threads-max (system-wide limit on the number of threads): 253227
/proc/sys/vm/max_map_count (maximum number of memory map areas a process may have): 1048576
/proc/sys/vm/swappiness (control to define how aggressively the kernel swaps out anonymous memory): 0
/proc/sys/kernel/pid_max (system-wide limit on number of process identifiers): 4194304

container information not found.
Steal ticks since vm start: 0
Steal ticks percentage since vm start:  0.000

CPU: total 24 (initial active 24) (12 cores per cpu, 2 threads per core) family 6 model 183 stepping 1 microcode 0x133, cx8, cmov, fxsr, ht, mmx, 3dnowpref, sse, sse2, sse3, ssse3, sse4.1, sse4.2, popcnt, lzcnt, tsc, tscinvbit, avx, avx2, aes, erms, clmul, bmi1, bmi2, adx, sha, fma, vzeroupper, clflush, clflushopt, clwb, serialize, rdtscp, rdpid, fsrm, f16c, pku, ospke, cet_ibt, cet_ss
CPU Model and flags from /proc/cpuinfo:
model name	: 13th Gen Intel(R) Core(TM) i7-13700K
flags		: fpu vme de pse tsc msr pae mce cx8 apic sep mtrr pge mca cmov pat pse36 clflush dts acpi mmx fxsr sse sse2 ss ht tm pbe syscall nx pdpe1gb rdtscp lm constant_tsc art arch_perfmon pebs bts rep_good nopl xtopology nonstop_tsc cpuid aperfmperf tsc_known_freq pni pclmulqdq dtes64 monitor ds_cpl vmx smx est tm2 ssse3 sdbg fma cx16 xtpr pdcm pcid sse4_1 sse4_2 x2apic movbe popcnt tsc_deadline_timer aes xsave avx f16c rdrand lahf_lm abm 3dnowprefetch cpuid_fault ssbd ibrs ibpb stibp ibrs_enhanced tpr_shadow flexpriority ept vpid ept_ad fsgsbase tsc_adjust bmi1 avx2 smep bmi2 erms invpcid rdseed adx smap clflushopt clwb intel_pt sha_ni xsaveopt xsavec xgetbv1 xsaves split_lock_detect user_shstk avx_vnni dtherm ida arat pln pts hwp hwp_notify hwp_act_window hwp_epp hwp_pkg_req hfi vnmi umip pku ospke waitpkg gfni vaes vpclmulqdq rdpid movdiri movdir64b fsrm md_clear serialize pconfig arch_lbr ibt flush_l1d arch_capabilities

Online cpus: 0-23
Offline cpus: 
BIOS frequency limitation: <Not Available>
Frequency switch latency (ns): 0
Available cpu frequencies: <Not Available>
Current governor: powersave
Core performance/turbo boost: <Not Available>

Memory: 4k page, physical 32618156k(9907544k free), swap 8388604k(8388604k free)
Page Sizes: 4k

vm_info: OpenJDK 64-Bit Server VM (21.0.11+10-LTS) for linux-amd64 JRE (21.0.11+10-LTS) (Zulu21.50+19-CA), built on 2026-04-17T20:39:03Z by "zulu_re" with gcc 11.2.0

END.
