#
# A fatal error has been detected by the Java Runtime Environment:
#
#  SIGILL (0x4) at pc=0x00007630a42eb481, pid=311086, tid=311149
#
# JRE version: OpenJDK Runtime Environment Zulu21.50+19-CA (21.0.11+10) (build 21.0.11+10-LTS)
# Java VM: OpenJDK 64-Bit Server VM Zulu21.50+19-CA (21.0.11+10-LTS, mixed mode, sharing, tiered, compressed class ptrs, z gc, linux-amd64)
# Problematic frame:
# J 2629 c2 org.agrona.concurrent.AgentRunner.doWork(Lorg/agrona/concurrent/IdleStrategy;Lorg/agrona/concurrent/Agent;)V (118 bytes) @ 0x00007630a42eb481 [0x00007630a42eb2a0+0x00000000000001e1]
#
# Core dump will be written. Default location: Core dumps may be processed with "/usr/share/apport/apport -p%p -s%s -c%c -d%d -P%P -u%u -g%g -F%F -- %E" (or dumping to /home/emre/Apps/openexchange/match/core.311086)
#
# If you would like to submit a bug report, please visit:
#   http://www.azul.com/support/
#

---------------  S U M M A R Y ------------

Command Line: -XX:+UseZGC -XX:+ZGenerational -XX:+UnlockDiagnosticVMOptions -XX:GuaranteedSafepointInterval=0 -XX:+UseNUMA -XX:+PerfDisableSharedMem -XX:+TieredCompilation -XX:TieredStopAtLevel=4 --add-opens=java.base/jdk.internal.misc=ALL-UNNAMED --add-opens=java.base/sun.nio.ch=ALL-UNNAMED -Xmx768m -Xms768m match-cluster/target/match-cluster.jar

Host: 13th Gen Intel(R) Core(TM) i7-13700K, 24 cores, 31G, Ubuntu 24.04.3 LTS
Time: Mon Jul 20 16:27:34 2026 +03 elapsed time: 3640.783466 seconds (0d 1h 0m 40s)

---------------  T H R E A D  ---------------

Current thread (0x00007630b4496600):  JavaThread "sender"           [_thread_in_Java, id=311149, stack(0x000076307d430000,0x000076307d530000) (1024K)]

Stack: [0x000076307d430000,0x000076307d530000],  sp=0x000076307d52e800,  free space=1018k
Native frames: (J=compiled Java code, j=interpreted, Vv=VM code, C=native code)
J 2629 c2 org.agrona.concurrent.AgentRunner.doWork(Lorg/agrona/concurrent/IdleStrategy;Lorg/agrona/concurrent/Agent;)V (118 bytes) @ 0x00007630a42eb481 [0x00007630a42eb2a0+0x00000000000001e1]
J 2735% c2 org.agrona.concurrent.AgentRunner.workLoop(Lorg/agrona/concurrent/IdleStrategy;Lorg/agrona/concurrent/Agent;)V (17 bytes) @ 0x00007630a4322418 [0x00007630a43223a0+0x0000000000000078]
j  org.agrona.concurrent.AgentRunner.run()V+63
j  java.lang.Thread.runWith(Ljava/lang/Object;Ljava/lang/Runnable;)V+5 java.base@21.0.11
j  java.lang.Thread.run()V+19 java.base@21.0.11
v  ~StubRoutines::call_stub 0x00007630a3a5fcbf
V  [libjvm.so+0x920445]  JavaCalls::call_helper(JavaValue*, methodHandle const&, JavaCallArguments*, JavaThread*)+0x2f5
V  [libjvm.so+0x921dc2]  JavaCalls::call_virtual(JavaValue*, Handle, Klass*, Symbol*, Symbol*, JavaThread*)+0x1d2
V  [libjvm.so+0x9f7b0e]  thread_entry(JavaThread*, JavaThread*)+0x8e
V  [libjvm.so+0x938110]  JavaThread::thread_main_inner()+0x1e0
V  [libjvm.so+0xf8e518]  Thread::call_run()+0xa8
V  [libjvm.so+0xd16c2a]  thread_native_entry(Thread*)+0xda
C  [libc.so.6+0x9caa4]

siginfo: si_signo: 4 (SIGILL), si_code: 2 (ILL_ILLOPN), si_addr: 0x00007630a42eb481

Registers:
RAX=0x0000000000000000, RBX=0x000004001bc007d0, RCX=0x0000000000000000, RDX=0x0000000000000000
RSP=0x000076307d52e800, RBP=0x0000000000000000, RSI=0x000004001bc01228, RDI=0x0000000000000000
R8 =0x0000000000000000, R9 =0x0000000000000000, R10=0x000004001bc03380, R11=0x0000762bf23ffc00
R12=0x000004001bc00000, R13=0x000004001bc00690, R14=0x0003611c8d8806e3, R15=0x00007630b4496600
RIP=0x00007630a42eb481, EFLAGS=0x0000000000010246, CSGSFS=0x002b000000000033, ERR=0x0000000000000000
  TRAPNO=0x0000000000000006

XMM[0]=0x0000000000000000 0x000004001bc03b80
XMM[1]=0x0000000000000000 0x000004001bc03f90
XMM[2]=0x0000000000000000 0x000004001bc03fc0
XMM[3]=0x0000000000000000 0x00007630a422bc54
XMM[4]=0x0000000000000000 0x00800381d43a1930
XMM[5]=0x0000000000000000 0x000076307d52e7a0
XMM[6]=0x00007630a422bc54 0x000076307d52e7a0
XMM[7]=0x0000000000000000 0x008002dc09e51930
XMM[8]=0x0000000000000000 0x008002dc01de1930
XMM[9]=0x0000000000000000 0x3c847415793ce429
XMM[10]=0x0000000000000000 0x000000003cb87014
XMM[11]=0x0000000000000000 0xfbdc87e175196c0a
XMM[12]=0x0000000000000000 0x00000000793ce429
XMM[13]=0x0000000000000000 0x0000000000000000
XMM[14]=0x0000000000000000 0x0000000000000000
XMM[15]=0x0000000000000000 0x0000000000000000
  MXCSR=0x00001fa2


Register to memory mapping:

RAX=0x0 is null
RBX=0x000004001bc007d0 is a zaddress: org.agrona.concurrent.BackoffIdleStrategy 
{0x000004001bc007d0} - klass: 'org/agrona/concurrent/BackoffIdleStrategy'
 - ---- fields (total size 25 words):
 - 'p000' 'B' @12  0 (0x00)
 - 'p001' 'B' @13  0 (0x00)
 - 'p002' 'B' @14  0 (0x00)
 - 'p003' 'B' @15  0 (0x00)
 - 'p004' 'B' @16  0 (0x00)
 - 'p005' 'B' @17  0 (0x00)
 - 'p006' 'B' @18  0 (0x00)
 - 'p007' 'B' @19  0 (0x00)
 - 'p008' 'B' @20  0 (0x00)
 - 'p009' 'B' @21  0 (0x00)
 - 'p010' 'B' @22  0 (0x00)
 - 'p011' 'B' @23  0 (0x00)
 - 'p012' 'B' @24  0 (0x00)
 - 'p013' 'B' @25  0 (0x00)
 - 'p014' 'B' @26  0 (0x00)
 - 'p015' 'B' @27  0 (0x00)
 - 'p016' 'B' @28  0 (0x00)
 - 'p017' 'B' @29  0 (0x00)
 - 'p018' 'B' @30  0 (0x00)
 - 'p019' 'B' @31  0 (0x00)
 - 'p020' 'B' @32  0 (0x00)
 - 'p021' 'B' @33  0 (0x00)
 - 'p022' 'B' @34  0 (0x00)
 - 'p023' 'B' @35  0 (0x00)
 - 'p024' 'B' @36  0 (0x00)
 - 'p025' 'B' @37  0 (0x00)
 - 'p026' 'B' @38  0 (0x00)
 - 'p027' 'B' @39  0 (0x00)
 - 'p028' 'B' @40  0 (0x00)
 - 'p029' 'B' @41  0 (0x00)
 - 'p030' 'B' @42  0 (0x00)
 - 'p031' 'B' @43  0 (0x00)
 - 'p032' 'B' @44  0 (0x00)
 - 'p033' 'B' @45  0 (0x00)
 - 'p034' 'B' @46  0 (0x00)
 - 'p035' 'B' @47  0 (0x00)
 - 'p036' 'B' @48  0 (0x00)
 - 'p037' 'B' @49  0 (0x00)
 - 'p038' 'B' @50  0 (0x00)
 - 'p039' 'B' @51  0 (0x00)
 - 'p040' 'B' @52  0 (0x00)
 - 'p041' 'B' @53  0 (0x00)
 - 'p042' 'B' @54  0 (0x00)
 - 'p043' 'B' @55  0 (0x00)
 - 'p044' 'B' @56  0 (0x00)
 - 'p045' 'B' @57  0 (0x00)
 - 'p046' 'B' @58  0 (0x00)
 - 'p047' 'B' @59  0 (0x00)
 - 'p048' 'B' @60  0 (0x00)
 - 'p049' 'B' @61  0 (0x00)
 - 'p050' 'B' @62  0 (0x00)
 - 'p051' 'B' @63  0 (0x00)
 - 'p052' 'B' @64  0 (0x00)
 - 'p053' 'B' @65  0 (0x00)
 - 'p054' 'B' @66  0 (0x00)
 - 'p055' 'B' @67  0 (0x00)
 - 'p056' 'B' @68  0 (0x00)
 - 'p057' 'B' @69  0 (0x00)
 - 'p058' 'B' @70  0 (0x00)
 - 'p059' 'B' @71  0 (0x00)
 - 'p060' 'B' @72  0 (0x00)
 - 'p061' 'B' @73  0 (0x00)
 - 'p062' 'B' @74  0 (0x00)
 - 'p063' 'B' @75  0 (0x00)
 - protected 'state' 'I' @76  0 (0x00000000)
 - protected final 'maxSpins' 'J' @80  10 (0x000000000000000a)
 - protected final 'maxYields' 'J' @88  5 (0x0000000000000005)
 - protected final 'minParkPeriodNs' 'J' @96  1000 (0x00000000000003e8)
 - protected final 'maxParkPeriodNs' 'J' @104  1000000 (0x00000000000f4240)
 - protected 'spins' 'J' @112  0 (0x0000000000000000)
 - protected 'yields' 'J' @120  0 (0x0000000000000000)
 - protected 'parkPeriodNs' 'J' @128  1000 (0x00000000000003e8)
 - 'p064' 'B' @136  0 (0x00)
 - 'p065' 'B' @137  0 (0x00)
 - 'p066' 'B' @138  0 (0x00)
 - 'p067' 'B' @139  0 (0x00)
 - 'p068' 'B' @140  0 (0x00)
 - 'p069' 'B' @141  0 (0x00)
 - 'p070' 'B' @142  0 (0x00)
 - 'p071' 'B' @143  0 (0x00)
 - 'p072' 'B' @144  0 (0x00)
 - 'p073' 'B' @145  0 (0x00)
 - 'p074' 'B' @146  0 (0x00)
 - 'p075' 'B' @147  0 (0x00)
 - 'p076' 'B' @148  0 (0x00)
 - 'p077' 'B' @149  0 (0x00)
 - 'p078' 'B' @150  0 (0x00)
 - 'p079' 'B' @151  0 (0x00)
 - 'p080' 'B' @152  0 (0x00)
 - 'p081' 'B' @153  0 (0x00)
 - 'p082' 'B' @154  0 (0x00)
 - 'p083' 'B' @155  0 (0x00)
 - 'p084' 'B' @156  0 (0x00)
 - 'p085' 'B' @157  0 (0x00)
 - 'p086' 'B' @158  0 (0x00)
 - 'p087' 'B' @159  0 (0x00)
 - 'p088' 'B' @160  0 (0x00)
 - 'p089' 'B' @161  0 (0x00)
 - 'p090' 'B' @162  0 (0x00)
 - 'p091' 'B' @163  0 (0x00)
 - 'p092' 'B' @164  0 (0x00)
 - 'p093' 'B' @165  0 (0x00)
 - 'p094' 'B' @166  0 (0x00)
 - 'p095' 'B' @167  0 (0x00)
 - 'p096' 'B' @168  0 (0x00)
 - 'p097' 'B' @169  0 (0x00)
 - 'p098' 'B' @170  0 (0x00)
 - 'p099' 'B' @171  0 (0x00)
 - 'p100' 'B' @172  0 (0x00)
 - 'p101' 'B' @173  0 (0x00)
 - 'p102' 'B' @174  0 (0x00)
 - 'p103' 'B' @175  0 (0x00)
 - 'p104' 'B' @176  0 (0x00)
 - 'p105' 'B' @177  0 (0x00)
 - 'p106' 'B' @178  0 (0x00)
 - 'p107' 'B' @179  0 (0x00)
 - 'p108' 'B' @180  0 (0x00)
 - 'p109' 'B' @181  0 (0x00)
 - 'p110' 'B' @182  0 (0x00)
 - 'p111' 'B' @183  0 (0x00)
 - 'p112' 'B' @184  0 (0x00)
 - 'p113' 'B' @185  0 (0x00)
 - 'p114' 'B' @186  0 (0x00)
 - 'p115' 'B' @187  0 (0x00)
 - 'p116' 'B' @188  0 (0x00)
 - 'p117' 'B' @189  0 (0x00)
 - 'p118' 'B' @190  0 (0x00)
 - 'p119' 'B' @191  0 (0x00)
 - 'p120' 'B' @192  0 (0x00)
 - 'p121' 'B' @193  0 (0x00)
 - 'p122' 'B' @194  0 (0x00)
 - 'p123' 'B' @195  0 (0x00)
 - 'p124' 'B' @196  0 (0x00)
 - 'p125' 'B' @197  0 (0x00)
 - 'p126' 'B' @198  0 (0x00)
 - 'p127' 'B' @199  0 (0x00)
RCX=0x0 is null
RDX=0x0 is null
RSP=0x000076307d52e800 is pointing into the stack for thread: 0x00007630b4496600
RBP=0x0 is null
RSI=0x000004001bc01228 is a zaddress: [Ljava.lang.Object; 
{0x000004001bc01228} - klass: 'java/lang/Object'[]
 - length: 1024
RDI=0x0 is null
R8 =0x0 is null
R9 =0x0 is null
R10=0x000004001bc03380 is a zaddress: org.agrona.concurrent.status.AtomicCounter 
{0x000004001bc03380} - klass: 'org/agrona/concurrent/status/AtomicCounter'
 - ---- fields (total size 7 words):
 - private final 'id' 'I' @12  16 (0x00000010)
 - private final 'addressOffset' 'J' @16  129931119950848 (0x0000762bf23ffc00)
 - private 'isClosed' 'Z' @24  false (0x00)
 - private final 'byteArray' '[B' @32  null (0x0000000000004930)
 - private 'countersManager' 'Lorg/agrona/concurrent/status/CountersManager;' @40  a 'org/agrona/concurrent/status/CountersManager'{0x0000040007dd8518} (0x020003eec28c4930)
 - private final 'byteBuffer' 'Ljava/nio/ByteBuffer;' @48  a 'java/nio/DirectByteBuffer'{0x0000040007dd7c48} (0x020003eebe244930)
R11=0x0000762bf23ffc00 points into unknown readable memory: 0x0000000000000000 | 00 00 00 00 00 00 00 00
R12=0x000004001bc00000 is a zaddress: java.lang.Thread 
{0x000004001bc00000} - klass: 'java/lang/Thread'
 - ---- fields (total size 22 words):
 - 'threadLocalRandomProbe' 'I' @12  0 (0x00000000)
 - private volatile 'eetop' 'J' @16  129951555216896 (0x00007630b4496600)
 - private final 'tid' 'J' @24  53 (0x0000000000000035)
 - 'threadLocalRandomSeed' 'J' @32  0 (0x0000000000000000)
 - injected 'jvmti_thread_state' 'J' @40  0 (0x0000000000000000)
 - 'threadLocalRandomSecondarySeed' 'I' @48  0 (0x00000000)
 - injected 'jvmti_VTMS_transition_disable_count' 'I' @52  0 (0x00000000)
 - injected 'jfr_epoch' 'S' @56  0 (0x0000)
 - volatile 'interrupted' 'Z' @58  false (0x00)
 - injected 'jvmti_is_in_VTMS_transition' 'Z' @59  false (0x00)
 - private volatile 'name' 'Ljava/lang/String;' @64  "sender"{0x0000040007c141b8} (0x020003e0a0dc4930)
 - private volatile 'contextClassLoader' 'Ljava/lang/ClassLoader;' @72  a 'jdk/internal/loader/ClassLoaders$AppClassLoader'{0x000004001bc00538} (0x02000de0029c4930)
 - private 'inheritedAccessControlContext' 'Ljava/security/AccessControlContext;' @80  a 'java/security/AccessControlContext'{0x0000040007c14178} (0x020003e0a0bc4930)
 - private final 'holder' 'Ljava/lang/Thread$FieldHolder;' @88  a 'java/lang/Thread$FieldHolder'{0x0000040007c14130} (0x020003e0a0984930)
 - 'threadLocals' 'Ljava/lang/ThreadLocal$ThreadLocalMap;' @96  null (0x0000000000004930)
 - 'inheritableThreadLocals' 'Ljava/lang/ThreadLocal$ThreadLocalMap;' @104  null (0x0000000000004930)
 - private 'scopedValueBindings' 'Ljava/lang/Object;' @112  a 'java/lang/Class'{0x000004001bc00ed0} = 'java/lang/Thread' (0x02000de007684930)
 - final 'interruptLock' 'Ljava/lang/Object;' @120  a 'java/lang/Object'{0x0000040007c14120} (0x020003e0a0904930)
 - private volatile 'parkBlocker' 'Ljava/lang/Object;' @128  null (0x0000000000004930)
 - volatile 'nioBlocker' 'Lsun/nio/ch/Interruptible;' @136  null (0x0000000000004930)
 - private 'cont' 'Ljdk/internal/vm/Continuation;' @144  null (0x0000000000004930)
 - private volatile 'uncaughtExceptionHandler' 'Ljava/lang/Thread$UncaughtExceptionHandler;' @152  null (0x0000000000004930)
 - private 'container' 'Ljdk/internal/vm/ThreadContainer;' @160  null (0x0000000000004930)
 - private volatile 'headStackableScopes' 'Ljdk/internal/vm/StackableScope;' @168  null (0x0000000000004930)
R13=0x000004001bc00690 is a zaddress: io.aeron.driver.Sender 
{0x000004001bc00690} - klass: 'io/aeron/driver/Sender'
 - ---- fields (total size 33 words):
 - 'p000' 'B' @12  0 (0x00)
 - 'p001' 'B' @13  0 (0x00)
 - 'p002' 'B' @14  0 (0x00)
 - 'p003' 'B' @15  0 (0x00)
 - 'p004' 'B' @16  0 (0x00)
 - 'p005' 'B' @17  0 (0x00)
 - 'p006' 'B' @18  0 (0x00)
 - 'p007' 'B' @19  0 (0x00)
 - 'p008' 'B' @20  0 (0x00)
 - 'p009' 'B' @21  0 (0x00)
 - 'p010' 'B' @22  0 (0x00)
 - 'p011' 'B' @23  0 (0x00)
 - 'p012' 'B' @24  0 (0x00)
 - 'p013' 'B' @25  0 (0x00)
 - 'p014' 'B' @26  0 (0x00)
 - 'p015' 'B' @27  0 (0x00)
 - 'p016' 'B' @28  0 (0x00)
 - 'p017' 'B' @29  0 (0x00)
 - 'p018' 'B' @30  0 (0x00)
 - 'p019' 'B' @31  0 (0x00)
 - 'p020' 'B' @32  0 (0x00)
 - 'p021' 'B' @33  0 (0x00)
 - 'p022' 'B' @34  0 (0x00)
 - 'p023' 'B' @35  0 (0x00)
 - 'p024' 'B' @36  0 (0x00)
 - 'p025' 'B' @37  0 (0x00)
 - 'p026' 'B' @38  0 (0x00)
 - 'p027' 'B' @39  0 (0x00)
 - 'p028' 'B' @40  0 (0x00)
 - 'p029' 'B' @41  0 (0x00)
 - 'p030' 'B' @42  0 (0x00)
 - 'p031' 'B' @43  0 (0x00)
 - 'p032' 'B' @44  0 (0x00)
 - 'p033' 'B' @45  0 (0x00)
 - 'p034' 'B' @46  0 (0x00)
 - 'p035' 'B' @47  0 (0x00)
 - 'p036' 'B' @48  0 (0x00)
 - 'p037' 'B' @49  0 (0x00)
 - 'p038' 'B' @50  0 (0x00)
 - 'p039' 'B' @51  0 (0x00)
 - 'p040' 'B' @52  0 (0x00)
 - 'p041' 'B' @53  0 (0x00)
 - 'p042' 'B' @54  0 (0x00)
 - 'p043' 'B' @55  0 (0x00)
 - 'p044' 'B' @56  0 (0x00)
 - 'p045' 'B' @57  0 (0x00)
 - 'p046' 'B' @58  0 (0x00)
 - 'p047' 'B' @59  0 (0x00)
 - 'p048' 'B' @60  0 (0x00)
 - 'p049' 'B' @61  0 (0x00)
 - 'p050' 'B' @62  0 (0x00)
 - 'p051' 'B' @63  0 (0x00)
 - 'p052' 'B' @64  0 (0x00)
 - 'p053' 'B' @65  0 (0x00)
 - 'p054' 'B' @66  0 (0x00)
 - 'p055' 'B' @67  0 (0x00)
 - 'p056' 'B' @68  0 (0x00)
 - 'p057' 'B' @69  0 (0x00)
 - 'p058' 'B' @70  0 (0x00)
 - 'p059' 'B' @71  0 (0x00)
 - 'p060' 'B' @72  0 (0x00)
 - 'p061' 'B' @73  0 (0x00)
 - 'p062' 'B' @74  0 (0x00)
 - 'p063' 'B' @75  0 (0x00)
 - 'dutyCycleCounter' 'I' @76  0 (0x00000000)
 - 'controlPollDeadlineNs' 'J' @80  951200291611589 (0x0003611c937de3c5)
 - 'reResolutionDeadlineNs' 'J' @88  951200806236403 (0x0003611cb22a70f3)
 - 'roundRobinIndex' 'I' @96  2 (0x00000002)
 - 'p064' 'B' @100  0 (0x00)
 - 'p065' 'B' @101  0 (0x00)
 - 'p066' 'B' @102  0 (0x00)
 - 'p067' 'B' @103  0 (0x00)
 - 'p068' 'B' @104  0 (0x00)
 - 'p069' 'B' @105  0 (0x00)
 - 'p070' 'B' @106  0 (0x00)
 - 'p071' 'B' @107  0 (0x00)
 - 'p072' 'B' @108  0 (0x00)
 - 'p073' 'B' @109  0 (0x00)
 - 'p074' 'B' @110  0 (0x00)
 - 'p075' 'B' @111  0 (0x00)
 - 'p076' 'B' @112  0 (0x00)
 - 'p077' 'B' @113  0 (0x00)
 - 'p078' 'B' @114  0 (0x00)
 - 'p079' 'B' @115  0 (0x00)
 - 'p080' 'B' @116  0 (0x00)
 - 'p081' 'B' @117  0 (0x00)
 - 'p082' 'B' @118  0 (0x00)
 - 'p083' 'B' @119  0 (0x00)
 - 'p084' 'B' @120  0 (0x00)
 - 'p085' 'B' @121  0 (0x00)
 - 'p086' 'B' @122  0 (0x00)
 - 'p087' 'B' @123  0 (0x00)
 - 'p088' 'B' @124  0 (0x00)
 - 'p089' 'B' @125  0 (0x00)
 - 'p090' 'B' @126  0 (0x00)
 - 'p091' 'B' @127  0 (0x00)
 - 'p092' 'B' @128  0 (0x00)
 - 'p093' 'B' @129  0 (0x00)
 - 'p094' 'B' @130  0 (0x00)
 - 'p095' 'B' @131  0 (0x00)
 - 'p096' 'B' @132  0 (0x00)
 - 'p097' 'B' @133  0 (0x00)
 - 'p098' 'B' @134  0 (0x00)
 - 'p099' 'B' @135  0 (0x00)
 - 'p100' 'B' @136  0 (0x00)
 - 'p101' 'B' @137  0 (0x00)
 - 'p102' 'B' @138  0 (0x00)
 - 'p103' 'B' @139  0 (0x00)
 - 'p104' 'B' @140  0 (0x00)
 - 'p105' 'B' @141  0 (0x00)
 - 'p106' 'B' @142  0 (0x00)
 - 'p107' 'B' @143  0 (0x00)
 - 'p108' 'B' @144  0 (0x00)
 - 'p109' 'B' @145  0 (0x00)
 - 'p110' 'B' @146  0 (0x00)
 - 'p111' 'B' @147  0 (0x00)
 - 'p112' 'B' @148  0 (0x00)
 - 'p113' 'B' @149  0 (0x00)
 - 'p114' 'B' @150  0 (0x00)
 - 'p115' 'B' @151  0 (0x00)
 - 'p116' 'B' @152  0 (0x00)
 - 'p117' 'B' @153  0 (0x00)
 - 'p118' 'B' @154  0 (0x00)
 - 'p119' 'B' @155  0 (0x00)
 - 'p120' 'B' @156  0 (0x00)
 - 'p121' 'B' @157  0 (0x00)
 - 'p122' 'B' @158  0 (0x00)
 - 'p123' 'B' @159  0 (0x00)
 - 'p124' 'B' @160  0 (0x00)
 - 'p125' 'B' @161  0 (0x00)
 - 'p126' 'B' @162  0 (0x00)
 - 'p127' 'B' @163  0 (0x00)
 - private final 'dutyCycleRatio' 'I' @164  6 (0x00000006)
 - private final 'statusMessageReadTimeoutNs' 'J' @168  100000000 (0x0000000005f5e100)
 - private final 'reResolutionCheckIntervalNs' 'J' @176  1000000000 (0x000000003b9aca00)
 - private 'networkPublications' '[Lio/aeron/driver/NetworkPublication;' @184  a 'io/aeron/driver/NetworkPublication'[3] {0x00000400196002a8} (0x02000cb001544930)
 - private final 'controlTransportPoller' 'Lio/aeron/driver/media/ControlTransportPoller;' @192  a 'io/aeron/driver/media/ControlTransportPoller'{0x000004001bc00620} (0x02000de003104930)
 - private final 'commandQueue' 'Lorg/agrona/concurrent/OneToOneConcurrentArrayQueue;' @200  a 'org/agrona/concurrent/OneToOneConcurrentArrayQueue'{0x000004001bc01130} (0x02000de008984930)
 - private final 'totalBytesSent' 'Lorg/agrona/concurrent/status/AtomicCounter;' @208  a 'org/agrona/concurrent/status/AtomicCounter'{0x000004001bc04e00} (0x02000de027004930)
 - private final 'resolutionChanges' 'Lorg/agrona/concurrent/status/AtomicCounter;' @216  a 'org/agrona/concurrent/status/AtomicCounter'{0x0000040007dde148} (0x020003eef0a44930)
 - private final 'shortSends' 'Lorg/agrona/concurrent/status/AtomicCounter;' @224  a 'org/agrona/concurrent/status/AtomicCounter'{0x000004001bc03380} (0x02000de019c04930)
 - private final 'nanoClock' 'Lorg/agrona/concurrent/NanoClock;' @232  a 'org/agrona/concurrent/SystemNanoClock'{0x000004001bc00ec0} (0x02000de007604930)
 - private final 'cachedNanoClock' 'Lorg/agrona/concurrent/CachedNanoClock;' @240  a 'org/agrona/concurrent/CachedNanoClock'{0x000004001bc00fb0} (0x02000de007d84930)
 - private final 'conductorProxy' 'Lio/aeron/driver/DriverConductorProxy;' @248  a 'io/aeron/driver/DriverConductorProxy'{0x0000040007c00b08} (0x020003e005844930)
 - private final 'dutyCycleTracker' 'Lio/aeron/driver/DutyCycleTracker;' @256  a 'io/aeron/driver/status/DutyCycleStallTracker'{0x000004001bc01048} (0x02000de008244930)
R14=0x0003611c8d8806e3 is an unknown value
R15=0x00007630b4496600 is a thread

Top of Stack: (sp=0x000076307d52e800)
0x000076307d52e800:   000004001bc00000 000004001bc00690   ................
0x000076307d52e810:   000004001bc00798 000004001bc007d0   ................
0x000076307d52e820:   0003611c8d8802c5 0000000000000000   .....a..........
0x000076307d52e830:   000004001bc00620 000004001bc00950    .......P.......
0x000076307d52e840:   0000000200000005 0000002400000003   ............$...
0x000076307d52e850:   000004001bc00a38 0000000000000001   8...............
0x000076307d52e860:   02000de000004930 0000000000000000   0I..............
0x000076307d52e870:   0000000000000002 0000000000000206   ................
0x000076307d52e880:   000004001bc00798 00007630a4322418   .........$2.0v..
0x000076307d52e890:   0000762be86cea00 0000762be873e160   ..l.+v..`.s.+v..
0x000076307d52e8a0:   000004001bc007d0 000004001bc00690   ................
0x000076307d52e8b0:   0000000000000000 000076307d52e8d0   ..........R}0v..
0x000076307d52e8c0:   000076307d52e938 00007630a3a66e80   8.R}0v...n..0v..
0x000076307d52e8d0:   0000040016e00508 0000040016e00648   ........H.......
0x000076307d52e8e0:   0000040016e00610 0000040002fc06b0   ................
0x000076307d52e8f0:   000076307d52e8f0 0000762be86cdf4f   ..R}0v..O.l.+v..
0x000076307d52e900:   0000000000000004 0000762be86cea00   ..........l.+v..
0x000076307d52e910:   0000000000000000 000004001bc00d30   ........0.......
0x000076307d52e920:   0000762be86cdfe8 000076307d52e8d8   ..l.+v....R}0v..
0x000076307d52e930:   000076307d52e958 000076307d52e9a8   X.R}0v....R}0v..
0x000076307d52e940:   00007630a3a67326 0000000000000000   &s..0v..........
0x000076307d52e950:   0000000000000000 000004001bc00798   ................
0x000076307d52e960:   000076307d52e960 0000762bf3c26dad   `.R}0v...m..+v..
0x000076307d52e970:   0000000000000004 0000762bf34850c8   .........PH.+v..
0x000076307d52e980:   0000000000000000 0000040016e004f8   ................
0x000076307d52e990:   0000762bf3484890 000076307d52e958   .HH.+v..X.R}0v..
0x000076307d52e9a0:   000076307d52e9b8 000076307d52ea18   ..R}0v....R}0v..
0x000076307d52e9b0:   00007630a3a66e80 0000040016e00b98   .n..0v..........
0x000076307d52e9c0:   0000040016e004f8 0000040016e00210   ................
0x000076307d52e9d0:   000076307d52e9d0 0000762bf3c2862b   ..R}0v..+...+v..
0x000076307d52e9e0:   0000000000000004 0000762bf34850c8   .........PH.+v..
0x000076307d52e9f0:   0000000000000000 0000040016e004f8   ................

Instructions: (pc=0x00007630a42eb481)
0x00007630a42eb381:   2b 43 50 49 89 43 50 41 81 fa b8 fc 01 01 0f 85
0x00007630a42eb391:   9b 0a 00 00 49 8b ab a0 00 00 00 48 c1 ed 0f 0f
0x00007630a42eb3a1:   87 b4 14 00 00 44 8b 55 08 41 81 fa 00 f0 02 01
0x00007630a42eb3b1:   0f 85 78 05 00 00 0f b6 6d 18 85 ed 0f 85 81 0b
0x00007630a42eb3c1:   00 00 4d 8b 93 a0 00 00 00 49 c1 ea 0f 49 8b 52
0x00007630a42eb3d1:   10 49 8b 72 20 48 c1 ee 0f 0f 87 c1 14 00 00 4c
0x00007630a42eb3e1:   8b d6 4d 8b 14 12 4d 3b d0 0f 8c 53 06 00 00 4d
0x00007630a42eb3f1:   8b 93 98 00 00 00 4d 3b c2 0f 8f b0 0b 00 00 4d
0x00007630a42eb401:   8b 95 c8 00 00 00 49 c1 ea 0f 0f 87 e5 14 00 00
0x00007630a42eb411:   4d 8b 9a a8 00 00 00 45 8b 82 ec 00 00 00 41 ff
0x00007630a42eb421:   c8 49 63 d0 49 23 d3 48 c1 e2 03 49 8b b2 f0 00
0x00007630a42eb431:   00 00 48 c1 ee 0f 0f 87 da 14 00 00 48 8b 6c 16
0x00007630a42eb441:   10 48 c1 ed 0f 0f 87 12 15 00 00 48 85 ed 0f 85
0x00007630a42eb451:   f0 04 00 00 33 d2 4d 8b 95 e0 00 00 00 49 c1 ea
0x00007630a42eb461:   0f 0f 87 41 15 00 00 4d 8b 5a 10 4d 8b 42 20 49
0x00007630a42eb471:   c1 e8 0f 0f 87 62 15 00 00 4f 8b 04 18 49 8b 9d
0x00007630a42eb481:   b8 00 00 00 48 c1 eb 0f 0f 87 8e 15 00 00 44 8b
0x00007630a42eb491:   53 0c 45 8b 4d 60 45 8d 59 01 45 89 5d 60 45 3b
0x00007630a42eb4a1:   ca 7c 1b 41 c7 45 60 00 00 00 00 45 85 d2 77 0b
0x00007630a42eb4b1:   45 33 c9 45 33 db e9 e6 00 00 00 45 33 c9 45 3b
0x00007630a42eb4c1:   ca 0f 83 9c 09 00 00 41 8d 4a ff 41 3b ca 0f 83
0x00007630a42eb4d1:   8f 09 00 00 41 8b c9 45 33 db eb 2b 66 66 90 4c
0x00007630a42eb4e1:   8b 24 24 4c 8b 6c 24 08 4c 8b 74 24 20 8b 54 24
0x00007630a42eb4f1:   28 48 8b 5c 24 30 4c 8b 44 24 38 44 8b 54 24 2c
0x00007630a42eb501:   44 8b 4c 24 40 8b cd 48 8b 74 cb 10 48 c1 ee 0f
0x00007630a42eb511:   0f 87 41 15 00 00 48 85 f6 0f 84 9d 08 00 00 44
0x00007630a42eb521:   89 5c 24 48 89 4c 24 44 44 89 4c 24 40 44 89 54
0x00007630a42eb531:   24 2c 4c 89 44 24 38 48 89 5c 24 30 89 54 24 28
0x00007630a42eb541:   4c 89 74 24 20 4c 89 6c 24 08 4c 89 24 24 49 8b
0x00007630a42eb551:   d6 49 8b ee 66 90 e8 24 fe eb ff 0f 1f 84 00 cc
0x00007630a42eb561:   06 00 00 44 8b 5c 24 48 44 03 d8 8b 6c 24 44 ff
0x00007630a42eb571:   c5 3b 6c 24 2c 0f 8c 64 ff ff ff 4c 8b 24 24 4c


Stack slot to memory mapping:

stack at sp + 0 slots: 0x000004001bc00000 is a zaddress: java.lang.Thread 
{0x000004001bc00000} - klass: 'java/lang/Thread'
 - ---- fields (total size 22 words):
 - 'threadLocalRandomProbe' 'I' @12  0 (0x00000000)
 - private volatile 'eetop' 'J' @16  129951555216896 (0x00007630b4496600)
 - private final 'tid' 'J' @24  53 (0x0000000000000035)
 - 'threadLocalRandomSeed' 'J' @32  0 (0x0000000000000000)
 - injected 'jvmti_thread_state' 'J' @40  0 (0x0000000000000000)
 - 'threadLocalRandomSecondarySeed' 'I' @48  0 (0x00000000)
 - injected 'jvmti_VTMS_transition_disable_count' 'I' @52  0 (0x00000000)
 - injected 'jfr_epoch' 'S' @56  0 (0x0000)
 - volatile 'interrupted' 'Z' @58  false (0x00)
 - injected 'jvmti_is_in_VTMS_transition' 'Z' @59  false (0x00)
 - private volatile 'name' 'Ljava/lang/String;' @64  "sender"{0x0000040007c141b8} (0x020003e0a0dc4930)
 - private volatile 'contextClassLoader' 'Ljava/lang/ClassLoader;' @72  a 'jdk/internal/loader/ClassLoaders$AppClassLoader'{0x000004001bc00538} (0x02000de0029c4930)
 - private 'inheritedAccessControlContext' 'Ljava/security/AccessControlContext;' @80  a 'java/security/AccessControlContext'{0x0000040007c14178} (0x020003e0a0bc4930)
 - private final 'holder' 'Ljava/lang/Thread$FieldHolder;' @88  a 'java/lang/Thread$FieldHolder'{0x0000040007c14130} (0x020003e0a0984930)
 - 'threadLocals' 'Ljava/lang/ThreadLocal$ThreadLocalMap;' @96  null (0x0000000000004930)
 - 'inheritableThreadLocals' 'Ljava/lang/ThreadLocal$ThreadLocalMap;' @104  null (0x0000000000004930)
 - private 'scopedValueBindings' 'Ljava/lang/Object;' @112  a 'java/lang/Class'{0x000004001bc00ed0} = 'java/lang/Thread' (0x02000de007684930)
 - final 'interruptLock' 'Ljava/lang/Object;' @120  a 'java/lang/Object'{0x0000040007c14120} (0x020003e0a0904930)
 - private volatile 'parkBlocker' 'Ljava/lang/Object;' @128  null (0x0000000000004930)
 - volatile 'nioBlocker' 'Lsun/nio/ch/Interruptible;' @136  null (0x0000000000004930)
 - private 'cont' 'Ljdk/internal/vm/Continuation;' @144  null (0x0000000000004930)
 - private volatile 'uncaughtExceptionHandler' 'Ljava/lang/Thread$UncaughtExceptionHandler;' @152  null (0x0000000000004930)
 - private 'container' 'Ljdk/internal/vm/ThreadContainer;' @160  null (0x0000000000004930)
 - private volatile 'headStackableScopes' 'Ljdk/internal/vm/StackableScope;' @168  null (0x0000000000004930)
stack at sp + 1 slots: 0x000004001bc00690 is a zaddress: io.aeron.driver.Sender 
{0x000004001bc00690} - klass: 'io/aeron/driver/Sender'
 - ---- fields (total size 33 words):
 - 'p000' 'B' @12  0 (0x00)
 - 'p001' 'B' @13  0 (0x00)
 - 'p002' 'B' @14  0 (0x00)
 - 'p003' 'B' @15  0 (0x00)
 - 'p004' 'B' @16  0 (0x00)
 - 'p005' 'B' @17  0 (0x00)
 - 'p006' 'B' @18  0 (0x00)
 - 'p007' 'B' @19  0 (0x00)
 - 'p008' 'B' @20  0 (0x00)
 - 'p009' 'B' @21  0 (0x00)
 - 'p010' 'B' @22  0 (0x00)
 - 'p011' 'B' @23  0 (0x00)
 - 'p012' 'B' @24  0 (0x00)
 - 'p013' 'B' @25  0 (0x00)
 - 'p014' 'B' @26  0 (0x00)
 - 'p015' 'B' @27  0 (0x00)
 - 'p016' 'B' @28  0 (0x00)
 - 'p017' 'B' @29  0 (0x00)
 - 'p018' 'B' @30  0 (0x00)
 - 'p019' 'B' @31  0 (0x00)
 - 'p020' 'B' @32  0 (0x00)
 - 'p021' 'B' @33  0 (0x00)
 - 'p022' 'B' @34  0 (0x00)
 - 'p023' 'B' @35  0 (0x00)
 - 'p024' 'B' @36  0 (0x00)
 - 'p025' 'B' @37  0 (0x00)
 - 'p026' 'B' @38  0 (0x00)
 - 'p027' 'B' @39  0 (0x00)
 - 'p028' 'B' @40  0 (0x00)
 - 'p029' 'B' @41  0 (0x00)
 - 'p030' 'B' @42  0 (0x00)
 - 'p031' 'B' @43  0 (0x00)
 - 'p032' 'B' @44  0 (0x00)
 - 'p033' 'B' @45  0 (0x00)
 - 'p034' 'B' @46  0 (0x00)
 - 'p035' 'B' @47  0 (0x00)
 - 'p036' 'B' @48  0 (0x00)
 - 'p037' 'B' @49  0 (0x00)
 - 'p038' 'B' @50  0 (0x00)
 - 'p039' 'B' @51  0 (0x00)
 - 'p040' 'B' @52  0 (0x00)
 - 'p041' 'B' @53  0 (0x00)
 - 'p042' 'B' @54  0 (0x00)
 - 'p043' 'B' @55  0 (0x00)
 - 'p044' 'B' @56  0 (0x00)
 - 'p045' 'B' @57  0 (0x00)
 - 'p046' 'B' @58  0 (0x00)
 - 'p047' 'B' @59  0 (0x00)
 - 'p048' 'B' @60  0 (0x00)
 - 'p049' 'B' @61  0 (0x00)
 - 'p050' 'B' @62  0 (0x00)
 - 'p051' 'B' @63  0 (0x00)
 - 'p052' 'B' @64  0 (0x00)
 - 'p053' 'B' @65  0 (0x00)
 - 'p054' 'B' @66  0 (0x00)
 - 'p055' 'B' @67  0 (0x00)
 - 'p056' 'B' @68  0 (0x00)
 - 'p057' 'B' @69  0 (0x00)
 - 'p058' 'B' @70  0 (0x00)
 - 'p059' 'B' @71  0 (0x00)
 - 'p060' 'B' @72  0 (0x00)
 - 'p061' 'B' @73  0 (0x00)
 - 'p062' 'B' @74  0 (0x00)
 - 'p063' 'B' @75  0 (0x00)
 - 'dutyCycleCounter' 'I' @76  0 (0x00000000)
 - 'controlPollDeadlineNs' 'J' @80  951200291611589 (0x0003611c937de3c5)
 - 'reResolutionDeadlineNs' 'J' @88  951200806236403 (0x0003611cb22a70f3)
 - 'roundRobinIndex' 'I' @96  2 (0x00000002)
 - 'p064' 'B' @100  0 (0x00)
 - 'p065' 'B' @101  0 (0x00)
 - 'p066' 'B' @102  0 (0x00)
 - 'p067' 'B' @103  0 (0x00)
 - 'p068' 'B' @104  0 (0x00)
 - 'p069' 'B' @105  0 (0x00)
 - 'p070' 'B' @106  0 (0x00)
 - 'p071' 'B' @107  0 (0x00)
 - 'p072' 'B' @108  0 (0x00)
 - 'p073' 'B' @109  0 (0x00)
 - 'p074' 'B' @110  0 (0x00)
 - 'p075' 'B' @111  0 (0x00)
 - 'p076' 'B' @112  0 (0x00)
 - 'p077' 'B' @113  0 (0x00)
 - 'p078' 'B' @114  0 (0x00)
 - 'p079' 'B' @115  0 (0x00)
 - 'p080' 'B' @116  0 (0x00)
 - 'p081' 'B' @117  0 (0x00)
 - 'p082' 'B' @118  0 (0x00)
 - 'p083' 'B' @119  0 (0x00)
 - 'p084' 'B' @120  0 (0x00)
 - 'p085' 'B' @121  0 (0x00)
 - 'p086' 'B' @122  0 (0x00)
 - 'p087' 'B' @123  0 (0x00)
 - 'p088' 'B' @124  0 (0x00)
 - 'p089' 'B' @125  0 (0x00)
 - 'p090' 'B' @126  0 (0x00)
 - 'p091' 'B' @127  0 (0x00)
 - 'p092' 'B' @128  0 (0x00)
 - 'p093' 'B' @129  0 (0x00)
 - 'p094' 'B' @130  0 (0x00)
 - 'p095' 'B' @131  0 (0x00)
 - 'p096' 'B' @132  0 (0x00)
 - 'p097' 'B' @133  0 (0x00)
 - 'p098' 'B' @134  0 (0x00)
 - 'p099' 'B' @135  0 (0x00)
 - 'p100' 'B' @136  0 (0x00)
 - 'p101' 'B' @137  0 (0x00)
 - 'p102' 'B' @138  0 (0x00)
 - 'p103' 'B' @139  0 (0x00)
 - 'p104' 'B' @140  0 (0x00)
 - 'p105' 'B' @141  0 (0x00)
 - 'p106' 'B' @142  0 (0x00)
 - 'p107' 'B' @143  0 (0x00)
 - 'p108' 'B' @144  0 (0x00)
 - 'p109' 'B' @145  0 (0x00)
 - 'p110' 'B' @146  0 (0x00)
 - 'p111' 'B' @147  0 (0x00)
 - 'p112' 'B' @148  0 (0x00)
 - 'p113' 'B' @149  0 (0x00)
 - 'p114' 'B' @150  0 (0x00)
 - 'p115' 'B' @151  0 (0x00)
 - 'p116' 'B' @152  0 (0x00)
 - 'p117' 'B' @153  0 (0x00)
 - 'p118' 'B' @154  0 (0x00)
 - 'p119' 'B' @155  0 (0x00)
 - 'p120' 'B' @156  0 (0x00)
 - 'p121' 'B' @157  0 (0x00)
 - 'p122' 'B' @158  0 (0x00)
 - 'p123' 'B' @159  0 (0x00)
 - 'p124' 'B' @160  0 (0x00)
 - 'p125' 'B' @161  0 (0x00)
 - 'p126' 'B' @162  0 (0x00)
 - 'p127' 'B' @163  0 (0x00)
 - private final 'dutyCycleRatio' 'I' @164  6 (0x00000006)
 - private final 'statusMessageReadTimeoutNs' 'J' @168  100000000 (0x0000000005f5e100)
 - private final 'reResolutionCheckIntervalNs' 'J' @176  1000000000 (0x000000003b9aca00)
 - private 'networkPublications' '[Lio/aeron/driver/NetworkPublication;' @184  a 'io/aeron/driver/NetworkPublication'[3] {0x00000400196002a8} (0x02000cb001544930)
 - private final 'controlTransportPoller' 'Lio/aeron/driver/media/ControlTransportPoller;' @192  a 'io/aeron/driver/media/ControlTransportPoller'{0x000004001bc00620} (0x02000de003104930)
 - private final 'commandQueue' 'Lorg/agrona/concurrent/OneToOneConcurrentArrayQueue;' @200  a 'org/agrona/concurrent/OneToOneConcurrentArrayQueue'{0x000004001bc01130} (0x02000de008984930)
 - private final 'totalBytesSent' 'Lorg/agrona/concurrent/status/AtomicCounter;' @208  a 'org/agrona/concurrent/status/AtomicCounter'{0x000004001bc04e00} (0x02000de027004930)
 - private final 'resolutionChanges' 'Lorg/agrona/concurrent/status/AtomicCounter;' @216  a 'org/agrona/concurrent/status/AtomicCounter'{0x0000040007dde148} (0x020003eef0a44930)
 - private final 'shortSends' 'Lorg/agrona/concurrent/status/AtomicCounter;' @224  a 'org/agrona/concurrent/status/AtomicCounter'{0x000004001bc03380} (0x02000de019c04930)
 - private final 'nanoClock' 'Lorg/agrona/concurrent/NanoClock;' @232  a 'org/agrona/concurrent/SystemNanoClock'{0x000004001bc00ec0} (0x02000de007604930)
 - private final 'cachedNanoClock' 'Lorg/agrona/concurrent/CachedNanoClock;' @240  a 'org/agrona/concurrent/CachedNanoClock'{0x000004001bc00fb0} (0x02000de007d84930)
 - private final 'conductorProxy' 'Lio/aeron/driver/DriverConductorProxy;' @248  a 'io/aeron/driver/DriverConductorProxy'{0x0000040007c00b08} (0x020003e005844930)
 - private final 'dutyCycleTracker' 'Lio/aeron/driver/DutyCycleTracker;' @256  a 'io/aeron/driver/status/DutyCycleStallTracker'{0x000004001bc01048} (0x02000de008244930)
stack at sp + 2 slots: 0x000004001bc00798 is a zaddress: org.agrona.concurrent.AgentRunner 
{0x000004001bc00798} - klass: 'org/agrona/concurrent/AgentRunner'
 - ---- fields (total size 7 words):
 - private volatile 'isRunning' 'Z' @12  true (0x01)
 - private volatile 'isClosed' 'Z' @13  false (0x00)
 - private final 'errorCounter' 'Lorg/agrona/concurrent/status/AtomicCounter;' @16  a 'org/agrona/concurrent/status/AtomicCounter'{0x0000040007dddf50} (0x020003eeefa84930)
 - private final 'errorHandler' 'Lorg/agrona/ErrorHandler;' @24  a 'io/aeron/CommonContext$ErrorHandlerWrapper'{0x0000040007de8fe8} (0x020003ef47f44930)
 - private final 'idleStrategy' 'Lorg/agrona/concurrent/IdleStrategy;' @32  a 'org/agrona/concurrent/BackoffIdleStrategy'{0x000004001bc007d0} (0x02000de003e84930)
 - private final 'agent' 'Lorg/agrona/concurrent/Agent;' @40  a 'io/aeron/driver/Sender'{0x000004001bc00690} (0x02000de003484930)
 - private final 'thread' 'Ljava/util/concurrent/atomic/AtomicReference;' @48  a 'java/util/concurrent/atomic/AtomicReference'{0x0000040007c13da8} (0x020003e09ed44930)
stack at sp + 3 slots: 0x000004001bc007d0 is a zaddress: org.agrona.concurrent.BackoffIdleStrategy 
{0x000004001bc007d0} - klass: 'org/agrona/concurrent/BackoffIdleStrategy'
 - ---- fields (total size 25 words):
 - 'p000' 'B' @12  0 (0x00)
 - 'p001' 'B' @13  0 (0x00)
 - 'p002' 'B' @14  0 (0x00)
 - 'p003' 'B' @15  0 (0x00)
 - 'p004' 'B' @16  0 (0x00)
 - 'p005' 'B' @17  0 (0x00)
 - 'p006' 'B' @18  0 (0x00)
 - 'p007' 'B' @19  0 (0x00)
 - 'p008' 'B' @20  0 (0x00)
 - 'p009' 'B' @21  0 (0x00)
 - 'p010' 'B' @22  0 (0x00)
 - 'p011' 'B' @23  0 (0x00)
 - 'p012' 'B' @24  0 (0x00)
 - 'p013' 'B' @25  0 (0x00)
 - 'p014' 'B' @26  0 (0x00)
 - 'p015' 'B' @27  0 (0x00)
 - 'p016' 'B' @28  0 (0x00)
 - 'p017' 'B' @29  0 (0x00)
 - 'p018' 'B' @30  0 (0x00)
 - 'p019' 'B' @31  0 (0x00)
 - 'p020' 'B' @32  0 (0x00)
 - 'p021' 'B' @33  0 (0x00)
 - 'p022' 'B' @34  0 (0x00)
 - 'p023' 'B' @35  0 (0x00)
 - 'p024' 'B' @36  0 (0x00)
 - 'p025' 'B' @37  0 (0x00)
 - 'p026' 'B' @38  0 (0x00)
 - 'p027' 'B' @39  0 (0x00)
 - 'p028' 'B' @40  0 (0x00)
 - 'p029' 'B' @41  0 (0x00)
 - 'p030' 'B' @42  0 (0x00)
 - 'p031' 'B' @43  0 (0x00)
 - 'p032' 'B' @44  0 (0x00)
 - 'p033' 'B' @45  0 (0x00)
 - 'p034' 'B' @46  0 (0x00)
 - 'p035' 'B' @47  0 (0x00)
 - 'p036' 'B' @48  0 (0x00)
 - 'p037' 'B' @49  0 (0x00)
 - 'p038' 'B' @50  0 (0x00)
 - 'p039' 'B' @51  0 (0x00)
 - 'p040' 'B' @52  0 (0x00)
 - 'p041' 'B' @53  0 (0x00)
 - 'p042' 'B' @54  0 (0x00)
 - 'p043' 'B' @55  0 (0x00)
 - 'p044' 'B' @56  0 (0x00)
 - 'p045' 'B' @57  0 (0x00)
 - 'p046' 'B' @58  0 (0x00)
 - 'p047' 'B' @59  0 (0x00)
 - 'p048' 'B' @60  0 (0x00)
 - 'p049' 'B' @61  0 (0x00)
 - 'p050' 'B' @62  0 (0x00)
 - 'p051' 'B' @63  0 (0x00)
 - 'p052' 'B' @64  0 (0x00)
 - 'p053' 'B' @65  0 (0x00)
 - 'p054' 'B' @66  0 (0x00)
 - 'p055' 'B' @67  0 (0x00)
 - 'p056' 'B' @68  0 (0x00)
 - 'p057' 'B' @69  0 (0x00)
 - 'p058' 'B' @70  0 (0x00)
 - 'p059' 'B' @71  0 (0x00)
 - 'p060' 'B' @72  0 (0x00)
 - 'p061' 'B' @73  0 (0x00)
 - 'p062' 'B' @74  0 (0x00)
 - 'p063' 'B' @75  0 (0x00)
 - protected 'state' 'I' @76  0 (0x00000000)
 - protected final 'maxSpins' 'J' @80  10 (0x000000000000000a)
 - protected final 'maxYields' 'J' @88  5 (0x0000000000000005)
 - protected final 'minParkPeriodNs' 'J' @96  1000 (0x00000000000003e8)
 - protected final 'maxParkPeriodNs' 'J' @104  1000000 (0x00000000000f4240)
 - protected 'spins' 'J' @112  0 (0x0000000000000000)
 - protected 'yields' 'J' @120  0 (0x0000000000000000)
 - protected 'parkPeriodNs' 'J' @128  1000 (0x00000000000003e8)
 - 'p064' 'B' @136  0 (0x00)
 - 'p065' 'B' @137  0 (0x00)
 - 'p066' 'B' @138  0 (0x00)
 - 'p067' 'B' @139  0 (0x00)
 - 'p068' 'B' @140  0 (0x00)
 - 'p069' 'B' @141  0 (0x00)
 - 'p070' 'B' @142  0 (0x00)
 - 'p071' 'B' @143  0 (0x00)
 - 'p072' 'B' @144  0 (0x00)
 - 'p073' 'B' @145  0 (0x00)
 - 'p074' 'B' @146  0 (0x00)
 - 'p075' 'B' @147  0 (0x00)
 - 'p076' 'B' @148  0 (0x00)
 - 'p077' 'B' @149  0 (0x00)
 - 'p078' 'B' @150  0 (0x00)
 - 'p079' 'B' @151  0 (0x00)
 - 'p080' 'B' @152  0 (0x00)
 - 'p081' 'B' @153  0 (0x00)
 - 'p082' 'B' @154  0 (0x00)
 - 'p083' 'B' @155  0 (0x00)
 - 'p084' 'B' @156  0 (0x00)
 - 'p085' 'B' @157  0 (0x00)
 - 'p086' 'B' @158  0 (0x00)
 - 'p087' 'B' @159  0 (0x00)
 - 'p088' 'B' @160  0 (0x00)
 - 'p089' 'B' @161  0 (0x00)
 - 'p090' 'B' @162  0 (0x00)
 - 'p091' 'B' @163  0 (0x00)
 - 'p092' 'B' @164  0 (0x00)
 - 'p093' 'B' @165  0 (0x00)
 - 'p094' 'B' @166  0 (0x00)
 - 'p095' 'B' @167  0 (0x00)
 - 'p096' 'B' @168  0 (0x00)
 - 'p097' 'B' @169  0 (0x00)
 - 'p098' 'B' @170  0 (0x00)
 - 'p099' 'B' @171  0 (0x00)
 - 'p100' 'B' @172  0 (0x00)
 - 'p101' 'B' @173  0 (0x00)
 - 'p102' 'B' @174  0 (0x00)
 - 'p103' 'B' @175  0 (0x00)
 - 'p104' 'B' @176  0 (0x00)
 - 'p105' 'B' @177  0 (0x00)
 - 'p106' 'B' @178  0 (0x00)
 - 'p107' 'B' @179  0 (0x00)
 - 'p108' 'B' @180  0 (0x00)
 - 'p109' 'B' @181  0 (0x00)
 - 'p110' 'B' @182  0 (0x00)
 - 'p111' 'B' @183  0 (0x00)
 - 'p112' 'B' @184  0 (0x00)
 - 'p113' 'B' @185  0 (0x00)
 - 'p114' 'B' @186  0 (0x00)
 - 'p115' 'B' @187  0 (0x00)
 - 'p116' 'B' @188  0 (0x00)
 - 'p117' 'B' @189  0 (0x00)
 - 'p118' 'B' @190  0 (0x00)
 - 'p119' 'B' @191  0 (0x00)
 - 'p120' 'B' @192  0 (0x00)
 - 'p121' 'B' @193  0 (0x00)
 - 'p122' 'B' @194  0 (0x00)
 - 'p123' 'B' @195  0 (0x00)
 - 'p124' 'B' @196  0 (0x00)
 - 'p125' 'B' @197  0 (0x00)
 - 'p126' 'B' @198  0 (0x00)
 - 'p127' 'B' @199  0 (0x00)
stack at sp + 4 slots: 0x0003611c8d8802c5 is an unknown value
stack at sp + 5 slots: 0x0 is null
stack at sp + 6 slots: 0x000004001bc00620 is a zaddress: io.aeron.driver.media.ControlTransportPoller 
{0x000004001bc00620} - klass: 'io/aeron/driver/media/ControlTransportPoller'
 - ---- fields (total size 14 words):
 - protected final 'selector' 'Ljava/nio/channels/Selector;' @16  a 'sun/nio/ch/EPollSelectorImpl'{0x0000040007c01a68} (0x020003e00d344930)
 - protected final 'errorHandler' 'Lorg/agrona/ErrorHandler;' @24  a 'org/agrona/concurrent/CountedErrorHandler'{0x0000040007de9210} (0x020003ef49084930)
 - private 'totalBytesReceived' 'I' @12  0 (0x00000000)
 - private final 'byteBuffer' 'Ljava/nio/ByteBuffer;' @32  a 'java/nio/DirectByteBuffer'{0x000004001bc004e0} (0x02000de002704930)
 - private final 'unsafeBuffer' 'Lorg/agrona/concurrent/UnsafeBuffer;' @40  a 'org/agrona/concurrent/UnsafeBuffer'{0x0000040007c020f0} (0x020003e010784930)
 - private final 'nakMessage' 'Lio/aeron/protocol/NakFlyweight;' @48  a 'io/aeron/protocol/NakFlyweight'{0x0000040007c02120} (0x020003e010904930)
 - private final 'statusMessage' 'Lio/aeron/protocol/StatusMessageFlyweight;' @56  a 'io/aeron/protocol/StatusMessageFlyweight'{0x0000040007c02150} (0x020003e010a84930)
 - private final 'rttMeasurement' 'Lio/aeron/protocol/RttMeasurementFlyweight;' @64  a 'io/aeron/protocol/RttMeasurementFlyweight'{0x0000040007c02180} (0x020003e010c04930)
 - private final 'responseSetup' 'Lio/aeron/protocol/ResponseSetupFlyweight;' @72  a 'io/aeron/protocol/ResponseSetupFlyweight'{0x0000040007c021b0} (0x020003e010d84930)
 - private final 'error' 'Lio/aeron/protocol/ErrorFlyweight;' @80  a 'io/aeron/protocol/ErrorFlyweight'{0x0000040007c021e0} (0x020003e010f04930)
 - private final 'conductorProxy' 'Lio/aeron/driver/DriverConductorProxy;' @88  a 'io/aeron/driver/DriverConductorProxy'{0x0000040007c00b08} (0x020003e005844930)
 - private final 'selectorPoller' 'Ljava/util/function/Consumer;' @96  a 'io/aeron/driver/media/ControlTransportPoller$$Lambda+0x0000762bf4090d48'{0x0000040007c02a88} (0x020003e015444930)
 - private final 'transports' 'Ljava/util/ArrayList;' @104  a 'java/util/ArrayList'{0x000004001bc00950} (0x02000de004a84930)
stack at sp + 7 slots: 0x000004001bc00950 is a zaddress: java.util.ArrayList 
{0x000004001bc00950} - klass: 'java/util/ArrayList'
 - ---- fields (total size 4 words):
 - protected transient 'modCount' 'I' @12  5 (0x00000005)
 - private 'size' 'I' @16  3 (0x00000003)
 - transient 'elementData' '[Ljava/lang/Object;' @24  a 'java/lang/Object'[10] {0x000004001bc04e60} (0x02000de027304930)


Compiled method (c2) 3640795 2629   !   4       org.agrona.concurrent.AgentRunner::doWork (118 bytes)
 total in heap  [0x00007630a42eae90,0x00007630a42ee3b8] = 13608
 relocation     [0x00007630a42eafe8,0x00007630a42eb298] = 688
 main code      [0x00007630a42eb2a0,0x00007630a42ed0f8] = 7768
 stub code      [0x00007630a42ed0f8,0x00007630a42ed220] = 296
 oops           [0x00007630a42ed220,0x00007630a42ed230] = 16
 metadata       [0x00007630a42ed230,0x00007630a42ed3b0] = 384
 scopes data    [0x00007630a42ed3b0,0x00007630a42edc98] = 2280
 scopes pcs     [0x00007630a42edc98,0x00007630a42ee0a8] = 1040
 dependencies   [0x00007630a42ee0a8,0x00007630a42ee100] = 88
 handler table  [0x00007630a42ee100,0x00007630a42ee340] = 576
 nul chk table  [0x00007630a42ee340,0x00007630a42ee3b8] = 120

[Constant Pool (empty)]

[MachCode]
[Entry Point]
  # {method} {0x0000762be86ce700} 'doWork' '(Lorg/agrona/concurrent/IdleStrategy;Lorg/agrona/concurrent/Agent;)V' in 'org/agrona/concurrent/AgentRunner'
  # this:     rsi:rsi   = 'org/agrona/concurrent/AgentRunner'
  # parm0:    rdx:rdx   = 'org/agrona/concurrent/IdleStrategy'
  # parm1:    rcx:rcx   = 'org/agrona/concurrent/Agent'
  #           [sp+0x90]  (sp of caller)
  0x00007630a42eb2a0: 448b 5608 | 49bb 0000 | 00f3 2b76 | 0000 4d03 | d349 3bc2 

  0x00007630a42eb2b4: ;   {runtime_call ic_miss_stub}
  0x00007630a42eb2b4: 0f85 c61a | 7cff 6690 | 0f1f 4000 
[Verified Entry Point]
  0x00007630a42eb2c0: 8984 2400 | c0fe ff55 | 4881 ec80 | 0000 0090 | 4181 7f58 | 1049 0000 | 0f85 0f1e | 0000 4889 
  0x00007630a42eb2e0: 5424 1848 | 8974 2410 

  0x00007630a42eb2e8: ; implicit exception: dispatches to 0x00007630a42ec270
  0x00007630a42eb2e8: 448b 5908 | 4d8b 9790 | 0300 004d 

  0x00007630a42eb2f4: ;   {other}
  0x00007630a42eb2f4: 8b22 49c1 | ec0f 0f87 | 8c14 0000 

  0x00007630a42eb300: ;   {metadata('io/aeron/driver/Sender')}
  0x00007630a42eb300: 4181 fb80 | 140a 010f | 85ba 0500 | 004c 8be9 | 498b ade8 

  0x00007630a42eb314: ;   {other}
  0x00007630a42eb314: 0000 0048 | c1ed 0f0f | 87b2 1400 | 0044 8b5d 

  0x00007630a42eb324: ;   {metadata('org/agrona/concurrent/SystemNanoClock')}
  0x00007630a42eb324: 0841 81fb | 18dd 0301 | 0f85 de0a | 0000 49ba | 8020 12bc | 3076 0000 

  0x00007630a42eb33c: ;   {other}
  0x00007630a42eb33c: 41ff d20f | 1f84 0000 | 0000 004d | 8b95 f000 

  0x00007630a42eb34c: ;   {other}
  0x00007630a42eb34c: 0000 49c1 | ea0f 0f87 | 9c14 0000 | 4d85 d20f | 847b 0a00 | 004c 8bf0 | 4989 4250 | 4d8b 9d00 
  0x00007630a42eb36c: ;   {other}
  0x00007630a42eb36c: 0100 0049 | c1eb 0f0f | 87ae 1400 | 0045 8b53 | 084c 8bc0 | 4d2b 4350 | 4989 4350 

  0x00007630a42eb388: ;   {metadata('io/aeron/driver/status/DutyCycleStallTracker')}
  0x00007630a42eb388: 4181 fab8 | fc01 010f | 859b 0a00 | 0049 8bab | a000 0000 

  0x00007630a42eb39c: ;   {other}
  0x00007630a42eb39c: 48c1 ed0f | 0f87 b414 | 0000 448b 

  0x00007630a42eb3a8: ;   {metadata('org/agrona/concurrent/status/AtomicCounter')}
  0x00007630a42eb3a8: 5508 4181 | fa00 f002 | 010f 8578 | 0500 000f | b66d 1885 | ed0f 8581 | 0b00 004d | 8b93 a000 
  0x00007630a42eb3c8: ;   {other}
  0x00007630a42eb3c8: 0000 49c1 | ea0f 498b | 5210 498b 

  0x00007630a42eb3d4: ;   {other}
  0x00007630a42eb3d4: 7220 48c1 | ee0f 0f87 | c114 0000 | 4c8b d64d | 8b14 124d | 3bd0 0f8c | 5306 0000 | 4d8b 9398 
  0x00007630a42eb3f4: 0000 004d | 3bc2 0f8f | b00b 0000 | 4d8b 95c8 

  0x00007630a42eb404: ;   {other}
  0x00007630a42eb404: 0000 0049 | c1ea 0f0f | 87e5 1400 | 004d 8b9a | a800 0000 | 458b 82ec | 0000 0041 | ffc8 4963 
  0x00007630a42eb424: d049 23d3 | 48c1 e203 | 498b b2f0 

  0x00007630a42eb430: ;   {other}
  0x00007630a42eb430: 0000 0048 | c1ee 0f0f | 87da 1400 | 0048 8b6c 

  0x00007630a42eb440: ;   {other}
  0x00007630a42eb440: 1610 48c1 | ed0f 0f87 | 1215 0000 | 4885 ed0f | 85f0 0400 | 0033 d24d | 8b95 e000 

  0x00007630a42eb45c: ;   {other}
  0x00007630a42eb45c: 0000 49c1 | ea0f 0f87 | 4115 0000 

  0x00007630a42eb468: ; implicit exception: dispatches to 0x00007630a42ec324
  0x00007630a42eb468: 4d8b 5a10 | 4d8b 4220 

  0x00007630a42eb470: ;   {other}
  0x00007630a42eb470: 49c1 e80f | 0f87 6215 | 0000 4f8b | 0418 498b | 9db8 0000 

  0x00007630a42eb484: ;   {other}
  0x00007630a42eb484: 0048 c1eb | 0f0f 878e | 1500 0044 | 8b53 0c45 | 8b4d 6045 | 8d59 0145 | 895d 6045 | 3bca 7c1b 
  0x00007630a42eb4a4: 41c7 4560 | 0000 0000 | 4585 d277 | 0b45 33c9 | 4533 dbe9 | e600 0000 | 4533 c945 | 3bca 0f83 
  0x00007630a42eb4c4: 9c09 0000 | 418d 4aff | 413b ca0f | 838f 0900 | 0041 8bc9 | 4533 dbeb | 2b66 6690 | 4c8b 2424 
  0x00007630a42eb4e4: 4c8b 6c24 | 084c 8b74 | 2420 8b54 | 2428 488b | 5c24 304c | 8b44 2438 | 448b 5424 | 2c44 8b4c 
  0x00007630a42eb504: 2440 8bcd | 488b 74cb 

  0x00007630a42eb50c: ;   {other}
  0x00007630a42eb50c: 1048 c1ee | 0f0f 8741 | 1500 0048 | 85f6 0f84 | 9d08 0000 | 4489 5c24 | 4889 4c24 | 4444 894c 
  0x00007630a42eb52c: 2440 4489 | 5424 2c4c | 8944 2438 | 4889 5c24 | 3089 5424 | 284c 8974 | 2420 4c89 | 6c24 084c 
  0x00007630a42eb54c: 8924 2449 | 8bd6 498b 

  0x00007630a42eb554: ;   {optimized virtual_call}
  0x00007630a42eb554: ee66 90e8 

  0x00007630a42eb558: ; ImmutableOopMap {[0]=Oop [8]=Oop [16]=Oop [24]=Oop [48]=Oop }
                      ;*invokevirtual send {reexecute=0 rethrow=0 return_oop=0}
                      ; - io.aeron.driver.Sender::doSend@59 (line 227)
                      ; - io.aeron.driver.Sender::doWork@67 (line 130)
                      ; - org.agrona.concurrent.AgentRunner::doWork@1 (line 312)
  0x00007630a42eb558: 24fe ebff 

  0x00007630a42eb55c: ;   {other}
  0x00007630a42eb55c: 0f1f 8400 | cc06 0000 | 448b 5c24 | 4844 03d8 | 8b6c 2444 | ffc5 3b6c | 242c 0f8c | 64ff ffff 
  0x00007630a42eb57c: 4c8b 2424 | 4c8b 6c24 | 084c 8b74 | 2420 8b54 | 2428 488b | 5c24 304c | 8b44 2438 | 448b 5424 
  0x00007630a42eb59c: 2c44 8b4c | 2440 4585 | c90f 8ec6 | 0000 0045 | 85d2 0f86 | 980b 0000 | 4d63 d249 | 63c9 48ff 
  0x00007630a42eb5bc: c949 3bca | 0f83 860b | 0000 33ed | 488b 74eb 

  0x00007630a42eb5cc: ;   {other}
  0x00007630a42eb5cc: 1048 c1ee | 0f0f 87e0 | 1400 0048 | 85f6 0f84 | 580a 0000 | 896c 2444 | 4489 5c24 | 4044 894c 
  0x00007630a42eb5ec: 242c 4c89 | 4424 3848 | 895c 2430 | 8954 2428 | 4c89 7424 | 204c 896c | 2408 4c89 | 2424 498b 
  0x00007630a42eb60c: d649 8bee 

  0x00007630a42eb610: ;   {optimized virtual_call}
  0x00007630a42eb610: 6666 90e8 

  0x00007630a42eb614: ; ImmutableOopMap {[0]=Oop [8]=Oop [16]=Oop [24]=Oop [48]=Oop }
                      ;*invokevirtual send {reexecute=0 rethrow=0 return_oop=0}
                      ; - io.aeron.driver.Sender::doSend@87 (line 232)
                      ; - io.aeron.driver.Sender::doWork@67 (line 130)
                      ; - org.agrona.concurrent.AgentRunner::doWork@1 (line 312)
  0x00007630a42eb614: 68fd ebff 

  0x00007630a42eb618: ;   {other}
  0x00007630a42eb618: 0f1f 8400 | 8807 0001 | 448b 5c24 | 4044 03d8 | 8b6c 2444 | ffc5 3b6c | 242c 7d26 | 4c8b 2424 
  0x00007630a42eb638: 4c8b 6c24 | 084c 8b74 | 2420 8b54 | 2428 488b | 5c24 304c | 8b44 2438 | 448b 4c24 | 2ce9 6eff 
  0x00007630a42eb658: ffff 4c8b | 2424 4c8b | 6c24 084c | 8b74 2420 | 8b54 2428 | 4c8b 4424 | 3849 63eb | 4d8b 95d0 
  0x00007630a42eb678: ;   {other}
  0x00007630a42eb678: 0000 0049 | c1ea 0f0f | 877d 1400 | 004d 8b4a | 1049 8b4a 

  0x00007630a42eb68c: ;   {other}
  0x00007630a42eb68c: 2048 c1e9 | 0f0f 87b2 | 1400 004c | 8bd1 4f8b | 140a 4c03 | d54e 8914 | 0945 85db | 0f85 2b05 
  0x00007630a42eb6ac: 0000 4533 | db4d 8b85 | c000 0000 

  0x00007630a42eb6b8: ;   {other}
  0x00007630a42eb6b8: 49c1 e80f | 0f87 dc14 | 0000 4d85 | c00f 842d | 0700 0041 | c740 0c00 | 0000 004d 

  0x00007630a42eb6d4: ;   {other}
  0x00007630a42eb6d4: 8b48 6849 | c1e9 0f0f | 87f8 1400 | 0041 8b69 | 1083 fd05 | 0f8f 0a09 | 0000 85ed | 0f84 3c01 
  0x00007630a42eb6f4: 0000 418b | 590c b9ff | ffff ff45 | 33d2 418b | 690c 3beb | 0f85 4609 | 0000 418b | 6910 443b 
  0x00007630a42eb714: d50f 8d89 | 0900 0049 

  0x00007630a42eb71c: ;   {other}
  0x00007630a42eb71c: 8b41 1848 | c1e8 0f0f | 87f1 1400 | 008b 780c | 443b d70f | 8dc3 0900 | 0041 8d4a | 0144 3bd7 
  0x00007630a42eb73c: 0f83 5a07 | 0000 4a8b 

  0x00007630a42eb744: ;   {other}
  0x00007630a42eb744: 6cd0 1048 | c1ed 0f0f | 8723 1500 | 008b 7d08 

  0x00007630a42eb754: ;   {metadata('io/aeron/driver/media/ControlTransportPoller$Transport')}
  0x00007630a42eb754: 81ff 2821 | 1001 0f85 | c00a 0000 | 498b 7820 

  0x00007630a42eb764: ;   {other}
  0x00007630a42eb764: 48c1 ef0f | 0f87 7115 | 0000 488b 

  0x00007630a42eb770: ;   {other}
  0x00007630a42eb770: 7510 48c1 | ee0f 0f87 | bd15 0000 | 4885 f60f | 846b 0700 | 0048 8974 | 2450 894c | 2448 4489 
  0x00007630a42eb790: 5424 4489 | 5c24 404c | 894c 2438 | 4c89 4424 | 3044 895c | 242c 8954 | 2428 4c89 | 7424 204c 
  0x00007630a42eb7b0: 896c 2408 | 4c89 2424 | 488b d749 

  0x00007630a42eb7bc: ;   {optimized virtual_call}
  0x00007630a42eb7bc: 8be8 90e8 

  0x00007630a42eb7c0: ; ImmutableOopMap {rbp=Oop [0]=Oop [8]=Oop [16]=Oop [24]=Oop [48]=Oop [56]=Oop [80]=Oop }
                      ;*invokevirtual receive {reexecute=0 rethrow=0 return_oop=1}
                      ; - io.aeron.driver.media.ControlTransportPoller::receive@5 (line 202)
                      ; - io.aeron.driver.media.ControlTransportPoller::poll@2 (line 192)
                      ; - io.aeron.driver.media.ControlTransportPoller::pollTransports@50 (line 110)
                      ; - io.aeron.driver.Sender::doWork@124 (line 137)
                      ; - org.agrona.concurrent.AgentRunner::doWork@1 (line 312)
  0x00007630a42eb7c0: 5c01 f4ff 

  0x00007630a42eb7c4: ;   {other}
  0x00007630a42eb7c4: 0f1f 8400 | 3409 0002 | 4885 c00f | 850b 0300 | 004d 8b97 

  0x00007630a42eb7d8: ; ImmutableOopMap {[0]=Oop [8]=Oop [16]=Oop [24]=Oop [48]=Oop [56]=Oop }
                      ;*goto {reexecute=1 rethrow=0 return_oop=0}
                      ; - (reexecute) io.aeron.driver.media.ControlTransportPoller::pollTransports@53 (line 111)
                      ; - io.aeron.driver.Sender::doWork@124 (line 137)
                      ; - org.agrona.concurrent.AgentRunner::doWork@1 (line 312)
  0x00007630a42eb7d8: 6004 0000 

  0x00007630a42eb7dc: ;   {poll}
  0x00007630a42eb7dc: 4185 024c | 8b4c 2438 | 458b 5910 | 448b 5424 | 4845 3bd3 | 7429 4c8b | 2424 4c8b | 6c24 084c 
  0x00007630a42eb7fc: 8b74 2420 | 8b54 2428 | 448b 5c24 | 2c4c 8b44 | 2430 8b5c | 2440 8b4c | 2444 e9e7 | feff ff4c 
  0x00007630a42eb81c: 8b24 244c | 8b6c 2408 | 4c8b 7424 | 208b 5424 | 2844 8b5c | 242c 4d8b | d64d 0395 | a800 0000 
  0x00007630a42eb83c: 4d89 5550 | 41c7 454c | 0000 0000 | ffc2 4d8b | 95b0 0000 | 004d 85d2 | 0f8e 1a07 | 0000 4d8b 
  0x00007630a42eb85c: 4558 4d2b | c64d 85c0 | 0f8c 8304 | 0000 4103 | d348 8b74 | 2418 448b 

  0x00007630a42eb874: ;   {metadata('org/agrona/concurrent/BackoffIdleStrategy')}
  0x00007630a42eb874: 5e08 4181 | fb18 c203 | 010f 8597 | 0100 0085 | d20f 8e85 | 0000 00c7 | 464c 0000 | 0000 4c8b 
  0x00007630a42eb894: 5660 4c89 | 9680 0000 | 0048 c746 | 7000 0000 | 0048 c746 | 7800 0000 | 0085 d27e | 4248 81c4 
  0x00007630a42eb8b4: 8000 0000 

  0x00007630a42eb8b8: ;   {poll_return}
  0x00007630a42eb8b8: 5d49 3ba7 | 5804 0000 | 0f87 1118 | 0000 c34c | 8924 2448 | 8bf1 488b | ea48 b890 | dd22 442b 
  0x00007630a42eb8d8: ;   {virtual_call}
  0x00007630a42eb8d8: 7600 00e8 

  0x00007630a42eb8dc: ; ImmutableOopMap {rbp=Oop [0]=Oop [16]=Oop [24]=Oop }
                      ;*invokeinterface doWork {reexecute=0 rethrow=0 return_oop=0}
                      ; - org.agrona.concurrent.AgentRunner::doWork@1 (line 312)
  0x00007630a42eb8dc: e81f 88ff 

  0x00007630a42eb8e0: ;   {other}
  0x00007630a42eb8e0: 0f1f 8400 | 500a 0004 | 4c8b 2424 | 8bd0 e97a | ffff ff41 | 0fb6 6c24 | 3a85 ed74 | b4be 45ff 
  0x00007630a42eb900: ;   {runtime_call UncommonTrapBlob}
  0x00007630a42eb900: ffff 90e8 

  0x00007630a42eb904: ; ImmutableOopMap {[16]=Oop }
                      ;*ifeq {reexecute=1 rethrow=0 return_oop=0}
                      ; - (reexecute) org.agrona.concurrent.AgentRunner::doWork@24 (line 314)
  0x00007630a42eb904: f86e 7cff 

  0x00007630a42eb908: ;   {other}
  0x00007630a42eb908: 0f1f 8400 | 780a 0005 | 8bea 4c89 

  0x00007630a42eb914: ;   {optimized virtual_call}
  0x00007630a42eb914: 2424 90e8 

  0x00007630a42eb918: ; ImmutableOopMap {[0]=Oop [16]=Oop }
                      ;*invokevirtual idle {reexecute=0 rethrow=0 return_oop=0}
                      ; - org.agrona.concurrent.BackoffIdleStrategy::idle@12 (line 185)
                      ; - org.agrona.concurrent.AgentRunner::doWork@9 (line 313)
  0x00007630a42eb918: c49a f3ff 

  0x00007630a42eb91c: ;   {other}
  0x00007630a42eb91c: 0f1f 8400 | 8c0a 0006 | 4c8b 2424 | 8bd5 e97e 

  0x00007630a42eb92c: ;   {metadata('io/aeron/Counter')}
  0x00007630a42eb92c: ffff ff41 | 81fa 80f3 | 0201 0f85 | 4408 0000 | 0fb6 6d19 | e976 faff | ff4c 895c | 2430 4c89 
  0x00007630a42eb94c: 5424 284c | 8974 2420 | 4c89 6c24 | 084c 8924 | 2448 83c2 

  0x00007630a42eb960: ;   {static_call}
  0x00007630a42eb960: 1033 c9e8 

  0x00007630a42eb964: ; ImmutableOopMap {rbp=Oop [0]=Oop [8]=Oop [16]=Oop [24]=Oop [40]=Oop }
                      ;*invokestatic putReferenceRelease {reexecute=0 rethrow=0 return_oop=0}
                      ; - org.agrona.concurrent.OneToOneConcurrentArrayQueue::poll@41 (line 89)
                      ; - io.aeron.driver.Sender::doWork@32 (line 122)
                      ; - org.agrona.concurrent.AgentRunner::doWork@1 (line 312)
  0x00007630a42eb964: 58a0 38f8 

  0x00007630a42eb968: ;   {other}
  0x00007630a42eb968: 0f1f 8400 | d80a 0007 | 488b 4c24 | 3048 83c1 | 01ba a800 | 0000 488b 

  0x00007630a42eb980: ;   {static_call}
  0x00007630a42eb980: 7424 28e8 

  0x00007630a42eb984: ; ImmutableOopMap {rbp=Oop [0]=Oop [8]=Oop [16]=Oop [24]=Oop }
                      ;*invokestatic putLongRelease {reexecute=0 rethrow=0 return_oop=0}
                      ; - org.agrona.concurrent.OneToOneConcurrentArrayQueue::poll@51 (line 90)
                      ; - io.aeron.driver.Sender::doWork@32 (line 122)
                      ; - org.agrona.concurrent.AgentRunner::doWork@1 (line 312)
  0x00007630a42eb984: 78e4 efff 

  0x00007630a42eb988: ;   {other}
  0x00007630a42eb988: 0f1f 8400 | f80a 0008 | 448b 5d08 

  0x00007630a42eb994: ;   {metadata('java/lang/Runnable')}
  0x00007630a42eb994: 48b8 789f | 01f3 2b76 | 0000 48be | 0000 00f3 | 2b76 0000 | 4903 f34c | 8b56 204c | 3bd0 0f85 
  0x00007630a42eb9b4: cf00 0000 | 448b 5508 

  0x00007630a42eb9bc: ;   {metadata('io/aeron/driver/SenderProxy$$Lambda+0x0000762bf4101c20')}
  0x00007630a42eb9bc: 4181 fa20 | 1c10 0175 | 2f48 8bf5 | 488b 6c24 

  0x00007630a42eb9cc: ;   {optimized virtual_call}
  0x00007630a42eb9cc: 1066 90e8 

  0x00007630a42eb9d0: ; ImmutableOopMap {rbp=Oop [0]=Oop [8]=Oop [16]=Oop [24]=Oop }
                      ;*invokeinterface run {reexecute=0 rethrow=0 return_oop=0}
                      ; - io.aeron.driver.Sender::doWork@48 (line 125)
                      ; - org.agrona.concurrent.AgentRunner::doWork@1 (line 312)
  0x00007630a42eb9d0: ac16 7cff 

  0x00007630a42eb9d4: ;   {other}
  0x00007630a42eb9d4: 0f1f 8400 | 440b 0009 | ba01 0000 | 004c 8b24 | 244c 8b6c | 2408 4c8b | 7424 20e9 | 63fa ffff 
  0x00007630a42eb9f4: ;   {metadata('io/aeron/driver/SenderProxy$$Lambda+0x0000762bf4103cf0')}
  0x00007630a42eb9f4: 4181 faf0 | 3c10 010f | 85bb 0700 | 0048 8bf5 | 488b 6c24 

  0x00007630a42eba08: ;   {optimized virtual_call}
  0x00007630a42eba08: 1066 90e8 

  0x00007630a42eba0c: ; ImmutableOopMap {rbp=Oop [0]=Oop [8]=Oop [16]=Oop [24]=Oop }
                      ;*invokeinterface run {reexecute=0 rethrow=0 return_oop=0}
                      ; - io.aeron.driver.Sender::doWork@48 (line 125)
                      ; - org.agrona.concurrent.AgentRunner::doWork@1 (line 312)
  0x00007630a42eba0c: 7016 7cff 

  0x00007630a42eba10: ;   {other}
  0x00007630a42eba10: 0f1f 8400 | 800b 000a | ebc2 8bea | 4c89 2424 | 9048 b800 | 1800 142b 

  0x00007630a42eba28: ;   {virtual_call}
  0x00007630a42eba28: 7600 00e8 

  0x00007630a42eba2c: ; ImmutableOopMap {[0]=Oop [16]=Oop }
                      ;*invokeinterface idle {reexecute=0 rethrow=0 return_oop=0}
                      ; - org.agrona.concurrent.AgentRunner::doWork@9 (line 313)
  0x00007630a42eba2c: 501f 88ff 

  0x00007630a42eba30: ;   {other}
  0x00007630a42eba30: 0f1f 8400 | a00b 000b | 4c8b 2424 | 8bd5 e96a | feff ff4c | 8944 2428 | 4c89 5c24 | 2048 8944 
  0x00007630a42eba50: 2408 498b | ed4c 8924 | 2449 8bc8 

  0x00007630a42eba5c: ;   {static_call}
  0x00007630a42eba5c: 6666 90e8 

  0x00007630a42eba60: ; ImmutableOopMap {rbp=Oop [0]=Oop [16]=Oop [24]=Oop [32]=Oop }
                      ;*invokestatic putLongRelease {reexecute=0 rethrow=0 return_oop=0}
                      ; - org.agrona.concurrent.status.AtomicCounter::proposeMaxRelease@31 (line 701)
                      ; - io.aeron.driver.status.DutyCycleStallTracker::reportMeasurement@15 (line 87)
                      ; - io.aeron.driver.DutyCycleTracker::measureAndUpdate@14 (line 68)
                      ; - io.aeron.driver.Sender::doWork@23 (line 119)
                      ; - org.agrona.concurrent.AgentRunner::doWork@1 (line 312)
  0x00007630a42eba60: 9ce3 efff 

  0x00007630a42eba64: ;   {other}
  0x00007630a42eba64: 0f1f 8400 | d40b 000c | 4c8b 2424 | 4c8b ed4c | 8b74 2408 | 4c8b 5c24 | 204c 8b44 | 2428 e969 
  0x00007630a42eba84: f9ff ff48 | 33ff 4c8b | 9ea0 0000 | 0049 8bd3 | 48c1 e20b | 0f89 2100 | 0000 f348 | 0fb8 d248 
  0x00007630a42ebaa4: 8b5e 2848 | 3b04 d374 | 1549 0fba | e335 730b | 49c1 cb34 

  0x00007630a42ebab8: ;   {runtime_call StubRoutines (compiler stubs)}
  0x00007630a42ebab8: e8ba 337e | ffeb 0348 | ffc7 4885 | ff0f 84ed | feff ffbe | deff ffff 

  0x00007630a42ebad0: ;   {runtime_call UncommonTrapBlob}
  0x00007630a42ebad0: 6666 90e8 

  0x00007630a42ebad4: ; ImmutableOopMap {rbp=Oop [16]=Oop [24]=Oop }
                      ;*checkcast {reexecute=0 rethrow=0 return_oop=0}
                      ; - io.aeron.driver.Sender::doWork@35 (line 122)
                      ; - org.agrona.concurrent.AgentRunner::doWork@1 (line 312)
  0x00007630a42ebad4: 286d 7cff 

  0x00007630a42ebad8: ;   {other}
  0x00007630a42ebad8: 0f1f 8400 | 480c 000d | 4c8b dd4d 

  0x00007630a42ebae4: ;   {other}
  0x00007630a42ebae4: 8b53 2049 | c1ea 0f0f | 87b1 1200 | 0045 8b42 | 1848 8be8 | 458b 530c | 4489 4424 | 4c45 03d0 
  0x00007630a42ebb04: 4589 530c | 498b 5328 

  0x00007630a42ebb0c: ;   {other}
  0x00007630a42ebb0c: 48c1 ea0f | 0f87 c112 | 0000 488b | 7424 5041 

  0x00007630a42ebb1c: ;   {optimized virtual_call}
  0x00007630a42ebb1c: 8bc8 90e8 

  0x00007630a42ebb20: ; ImmutableOopMap {rbp=Oop [0]=Oop [8]=Oop [16]=Oop [24]=Oop [48]=Oop [56]=Oop [80]=Oop }
                      ;*invokevirtual isValidFrame {reexecute=0 rethrow=0 return_oop=0}
                      ; - io.aeron.driver.media.ControlTransportPoller::receive@38 (line 208)
                      ; - io.aeron.driver.media.ControlTransportPoller::poll@2 (line 192)
                      ; - io.aeron.driver.media.ControlTransportPoller::pollTransports@50 (line 110)
                      ; - io.aeron.driver.Sender::doWork@124 (line 137)
                      ; - org.agrona.concurrent.AgentRunner::doWork@1 (line 312)
  0x00007630a42ebb20: 1cab 1300 

  0x00007630a42ebb24: ;   {other}
  0x00007630a42ebb24: 0f1f 8400 | 940c 000e | 85c0 0f84 | a1fc ffff | 4c8b 5424 | 3049 8b72 

  0x00007630a42ebb3c: ;   {other}
  0x00007630a42ebb3c: 2848 c1ee | 0f0f 87c5 | 1200 0033 

  0x00007630a42ebb48: ;   {static_call}
  0x00007630a42ebb48: d266 90e8 

  0x00007630a42ebb4c: ; ImmutableOopMap {rbp=Oop [0]=Oop [8]=Oop [16]=Oop [24]=Oop [48]=Oop [56]=Oop [80]=Oop }
                      ;*invokestatic frameType {reexecute=0 rethrow=0 return_oop=0}
                      ; - io.aeron.driver.media.ControlTransportPoller::receive@59 (line 212)
                      ; - io.aeron.driver.media.ControlTransportPoller::poll@2 (line 192)
                      ; - io.aeron.driver.media.ControlTransportPoller::pollTransports@50 (line 110)
                      ; - io.aeron.driver.Sender::doWork@124 (line 137)
                      ; - org.agrona.concurrent.AgentRunner::doWork@1 (line 312)
  0x00007630a42ebb4c: 5044 f4ff 

  0x00007630a42ebb50: ;   {other}
  0x00007630a42ebb50: 0f1f 8400 | c00c 000f | 4c8b 5424 | 3049 8b4a 

  0x00007630a42ebb60: ;   {other}
  0x00007630a42ebb60: 2848 c1e9 | 0f0f 87ce | 1200 0083 | f802 0f84 | 1201 0000 | 498b 7a58 

  0x00007630a42ebb78: ;   {other}
  0x00007630a42ebb78: 48c1 ef0f | 0f87 ec12 | 0000 83f8 | 030f 842e | 0100 0083 | f804 0f84 | c101 0000 | 83f8 060f 
  0x00007630a42ebb98: 84ec 0100 | 0083 f80b | 0f85 2ffc | ffff 498b 

  0x00007630a42ebba8: ;   {other}
  0x00007630a42ebba8: 5248 48c1 | ea0f 0f87 | f812 0000 | 488b 7424 | 5044 8b44 | 244c 4c8b | cd48 8b6c 

  0x00007630a42ebbc4: ;   {optimized virtual_call}
  0x00007630a42ebbc4: 2410 90e8 

  0x00007630a42ebbc8: ; ImmutableOopMap {rbp=Oop [0]=Oop [8]=Oop [16]=Oop [24]=Oop [48]=Oop [56]=Oop }
                      ;*invokevirtual onResponseSetup {reexecute=0 rethrow=0 return_oop=0}
                      ; - io.aeron.driver.media.ControlTransportPoller::receive@187 (line 233)
                      ; - io.aeron.driver.media.ControlTransportPoller::poll@2 (line 192)
                      ; - io.aeron.driver.media.ControlTransportPoller::pollTransports@50 (line 110)
                      ; - io.aeron.driver.Sender::doWork@124 (line 137)
                      ; - org.agrona.concurrent.AgentRunner::doWork@1 (line 312)
  0x00007630a42ebbc8: b414 7cff 

  0x00007630a42ebbcc: ;   {other}
  0x00007630a42ebbcc: 0f1f 8400 | 3c0d 0010 | e9fc fbff | ff45 8b55 | 4c41 8b8d | a400 0000 | 41ff c245 | 8955 4c44 
  0x00007630a42ebbec: 3bd1 0f8d | bdfa ffff | 4d8b 4d50 | 4d2b ce4d | 85c9 0f8c | adfa ffff | 498b b5e0 

  0x00007630a42ebc08: ;   {other}
  0x00007630a42ebc08: 0000 0048 | c1ee 0f0f | 87d8 1200 | 0048 85f6 | 0f84 c605 | 0000 4489 | 5c24 244c | 8944 2428 
  0x00007630a42ebc28: 8954 2420 | 4c89 7424 | 0849 8bed | 4c89 2424 

  0x00007630a42ebc38: ;   {optimized virtual_call}
  0x00007630a42ebc38: 6666 90e8 

  0x00007630a42ebc3c: ; ImmutableOopMap {rbp=Oop [0]=Oop [16]=Oop [24]=Oop }
                      ;*invokevirtual get {reexecute=0 rethrow=0 return_oop=0}
                      ; - io.aeron.driver.Sender::doWork@113 (line 135)
                      ; - org.agrona.concurrent.AgentRunner::doWork@1 (line 312)
  0x00007630a42ebc3c: e028 f0ff 

  0x00007630a42ebc40: ;   {other}
  0x00007630a42ebc40: 0f1f 8400 | b00d 0011 | 4c8b 5424 | 284c 3bd0 | 7d1a 4c8b | 2424 4c8b | ed4c 8b74 | 2408 8b54 
  0x00007630a42ebc60: 2420 448b | 5c24 24e9 | 45fa ffff | 4c8b 2424 | 4c8b ed4c | 8b74 2408 | 8b54 2420 | 448b 5c24 
  0x00007630a42ebc80: 24e9 c4fb | ffff 498b 

  0x00007630a42ebc88: ;   {other}
  0x00007630a42ebc88: 5230 48c1 | ea0f 0f87 | a012 0000 | 488b 7424 | 5044 8b44 | 244c 4c8b | cd48 8b6c 

  0x00007630a42ebca4: ;   {optimized virtual_call}
  0x00007630a42ebca4: 2410 90e8 

  0x00007630a42ebca8: ; ImmutableOopMap {rbp=Oop [0]=Oop [8]=Oop [16]=Oop [24]=Oop [48]=Oop [56]=Oop }
                      ;*invokevirtual onNakMessage {reexecute=0 rethrow=0 return_oop=0}
                      ; - io.aeron.driver.media.ControlTransportPoller::receive@81 (line 215)
                      ; - io.aeron.driver.media.ControlTransportPoller::poll@2 (line 192)
                      ; - io.aeron.driver.media.ControlTransportPoller::pollTransports@50 (line 110)
                      ; - io.aeron.driver.Sender::doWork@124 (line 137)
                      ; - org.agrona.concurrent.AgentRunner::doWork@1 (line 312)
  0x00007630a42ebca8: d413 7cff 

  0x00007630a42ebcac: ;   {other}
  0x00007630a42ebcac: 0f1f 8400 | 1c0e 0012 | e91c fbff | ff49 8b52 

  0x00007630a42ebcbc: ;   {other}
  0x00007630a42ebcbc: 3848 c1ea | 0f0f 87a2 | 1200 0048 | 8b74 2450 | 448b 4424 | 4c4c 8bcd | 488b 6c24 

  0x00007630a42ebcd8: ;   {optimized virtual_call}
  0x00007630a42ebcd8: 1066 90e8 

  0x00007630a42ebcdc: ; ImmutableOopMap {rbp=Oop [0]=Oop [8]=Oop [16]=Oop [24]=Oop [48]=Oop [56]=Oop }
                      ;*invokevirtual onStatusMessage {reexecute=0 rethrow=0 return_oop=0}
                      ; - io.aeron.driver.media.ControlTransportPoller::receive@108 (line 219)
                      ; - io.aeron.driver.media.ControlTransportPoller::poll@2 (line 192)
                      ; - io.aeron.driver.media.ControlTransportPoller::pollTransports@50 (line 110)
                      ; - io.aeron.driver.Sender::doWork@124 (line 137)
                      ; - org.agrona.concurrent.AgentRunner::doWork@1 (line 312)
  0x00007630a42ebcdc: 00b0 f0ff 

  0x00007630a42ebce0: ;   {other}
  0x00007630a42ebce0: 0f1f 8400 | 500e 0013 | e9e8 faff | ff4f 8d04 | 164d 8945 | 5849 8bb5 | c000 0000 

  0x00007630a42ebcfc: ;   {other}
  0x00007630a42ebcfc: 48c1 ee0f | 0f87 a412 | 0000 4d8b | 95f8 0000 

  0x00007630a42ebd0c: ;   {other}
  0x00007630a42ebd0c: 0049 c1ea | 0f0f 87ce | 1200 0048 | 85f6 0f84 | dc04 0000 | 4d8b c244 | 895c 2408 | 8bea 4c89 
  0x00007630a42ebd2c: 2424 498b | d649 8bc8 

  0x00007630a42ebd34: ;   {optimized virtual_call}
  0x00007630a42ebd34: 6666 90e8 

  0x00007630a42ebd38: ; ImmutableOopMap {[0]=Oop [16]=Oop [24]=Oop }
                      ;*invokevirtual checkForReResolutions {reexecute=0 rethrow=0 return_oop=0}
                      ; - io.aeron.driver.Sender::doWork@185 (line 147)
                      ; - org.agrona.concurrent.AgentRunner::doWork@1 (line 312)
  0x00007630a42ebd38: 04ee 86f8 

  0x00007630a42ebd3c: ;   {other}
  0x00007630a42ebd3c: 0f1f 8400 | ac0e 0014 | 8d55 014c | 8b24 2444 | 8b5c 2408 | e915 fbff | ff49 8b52 

  0x00007630a42ebd58: ;   {other}
  0x00007630a42ebd58: 5048 c1ea | 0f0f 87c9 | 1200 0048 | 8b74 2450 | 448b 4424 | 4c4c 8bcd | 488b 6c24 

  0x00007630a42ebd74: ;   {optimized virtual_call}
  0x00007630a42ebd74: 1066 90e8 

  0x00007630a42ebd78: ; ImmutableOopMap {rbp=Oop [0]=Oop [8]=Oop [16]=Oop [24]=Oop [48]=Oop [56]=Oop }
                      ;*invokevirtual onError {reexecute=0 rethrow=0 return_oop=0}
                      ; - io.aeron.driver.media.ControlTransportPoller::receive@135 (line 224)
                      ; - io.aeron.driver.media.ControlTransportPoller::poll@2 (line 192)
                      ; - io.aeron.driver.media.ControlTransportPoller::pollTransports@50 (line 110)
                      ; - io.aeron.driver.Sender::doWork@124 (line 137)
                      ; - org.agrona.concurrent.AgentRunner::doWork@1 (line 312)
  0x00007630a42ebd78: d613 0000 

  0x00007630a42ebd7c: ;   {other}
  0x00007630a42ebd7c: 0f1f 8400 | ec0e 0015 | e94c faff | ff49 8b52 

  0x00007630a42ebd8c: ;   {other}
  0x00007630a42ebd8c: 4048 c1ea | 0f0f 87d6 | 1200 0048 | 8b74 2450 | 448b 4424 | 4c4c 8bcd | 488b 6c24 

  0x00007630a42ebda8: ;   {optimized virtual_call}
  0x00007630a42ebda8: 1066 90e8 

  0x00007630a42ebdac: ; ImmutableOopMap {rbp=Oop [0]=Oop [8]=Oop [16]=Oop [24]=Oop [48]=Oop [56]=Oop }
                      ;*invokevirtual onRttMeasurement {reexecute=0 rethrow=0 return_oop=0}
                      ; - io.aeron.driver.media.ControlTransportPoller::receive@159 (line 229)
                      ; - io.aeron.driver.media.ControlTransportPoller::poll@2 (line 192)
                      ; - io.aeron.driver.media.ControlTransportPoller::pollTransports@50 (line 110)
                      ; - io.aeron.driver.Sender::doWork@124 (line 137)
                      ; - org.agrona.concurrent.AgentRunner::doWork@1 (line 312)
  0x00007630a42ebdac: d012 7cff 

  0x00007630a42ebdb0: ;   {other}
  0x00007630a42ebdb0: 0f1f 8400 | 200f 0016 | e918 faff | ffbe f6ff | ffff 488b | 6c24 104c | 8974 2408 

  0x00007630a42ebdcc: ;   {runtime_call UncommonTrapBlob}
  0x00007630a42ebdcc: 6666 90e8 

  0x00007630a42ebdd0: ; ImmutableOopMap {rbp=Oop [24]=Oop }
                      ;*invokevirtual send {reexecute=0 rethrow=0 return_oop=0}
                      ; - io.aeron.driver.Sender::doSend@59 (line 227)
                      ; - io.aeron.driver.Sender::doWork@67 (line 130)
                      ; - org.agrona.concurrent.AgentRunner::doWork@1 (line 312)
  0x00007630a42ebdd0: 2c6a 7cff 

  0x00007630a42ebdd4: ;   {other}
  0x00007630a42ebdd4: 0f1f 8400 | 440f 0017 | bef6 ffff | ff48 8b6c | 2410 4889 

  0x00007630a42ebde8: ;   {runtime_call UncommonTrapBlob}
  0x00007630a42ebde8: 4424 08e8 

  0x00007630a42ebdec: ; ImmutableOopMap {rbp=Oop [24]=Oop }
                      ;*invokevirtual update {reexecute=0 rethrow=0 return_oop=0}
                      ; - io.aeron.driver.Sender::doWork@15 (line 118)
                      ; - org.agrona.concurrent.AgentRunner::doWork@1 (line 312)
  0x00007630a42ebdec: 106a 7cff 

  0x00007630a42ebdf0: ;   {other}
  0x00007630a42ebdf0: 0f1f 8400 | 600f 0018 | bef6 ffff | ff48 8b6c 

  0x00007630a42ebe00: ;   {runtime_call UncommonTrapBlob}
  0x00007630a42ebe00: 2410 90e8 

  0x00007630a42ebe04: ; ImmutableOopMap {rbp=Oop [24]=Oop }
                      ;*invokevirtual pollTransports {reexecute=0 rethrow=0 return_oop=0}
                      ; - io.aeron.driver.Sender::doWork@124 (line 137)
                      ; - org.agrona.concurrent.AgentRunner::doWork@1 (line 312)
  0x00007630a42ebe04: f869 7cff 

  0x00007630a42ebe08: ;   {other}
  0x00007630a42ebe08: 0f1f 8400 | 780f 0019 | bede ffff | ff4c 8b54 | 2410 4c89 | 1424 4c89 

  0x00007630a42ebe20: ;   {runtime_call UncommonTrapBlob}
  0x00007630a42ebe20: 6c24 10e8 

  0x00007630a42ebe24: ; ImmutableOopMap {rbp=Oop [0]=Oop [16]=Oop [24]=Oop }
                      ;*invokeinterface nanoTime {reexecute=0 rethrow=0 return_oop=0}
                      ; - io.aeron.driver.Sender::doWork@4 (line 117)
                      ; - org.agrona.concurrent.AgentRunner::doWork@1 (line 312)
  0x00007630a42ebe24: d869 7cff 

  0x00007630a42ebe28: ;   {other}
  0x00007630a42ebe28: 0f1f 8400 | 980f 001a | bede ffff | ff48 8b6c | 2410 4c8b | 5424 184c | 8914 244c | 896c 2408 
  0x00007630a42ebe48: 4889 4424 | 104c 895c | 2418 4c89 

  0x00007630a42ebe54: ;   {runtime_call UncommonTrapBlob}
  0x00007630a42ebe54: 4424 20e8 

  0x00007630a42ebe58: ; ImmutableOopMap {rbp=Oop [0]=Oop [8]=Oop [24]=Oop }
                      ;*invokevirtual reportMeasurement {reexecute=0 rethrow=0 return_oop=0}
                      ; - io.aeron.driver.DutyCycleTracker::measureAndUpdate@14 (line 68)
                      ; - io.aeron.driver.Sender::doWork@23 (line 119)
                      ; - org.agrona.concurrent.AgentRunner::doWork@1 (line 312)
  0x00007630a42ebe58: a469 7cff 

  0x00007630a42ebe5c: ;   {other}
  0x00007630a42ebe5c: 0f1f 8400 | cc0f 001b | be76 ffff | ff48 8beb | 4489 4c24 | 0444 894c | 2408 8954 | 240c 4c89 
  0x00007630a42ebe7c: 4424 304c | 896c 2438 | 4c89 7424 | 4044 8954 

  0x00007630a42ebe8c: ;   {runtime_call UncommonTrapBlob}
  0x00007630a42ebe8c: 244c 90e8 

  0x00007630a42ebe90: ; ImmutableOopMap {rbp=Oop [16]=Oop [24]=Oop [56]=Oop }
                      ;*if_icmpge {reexecute=1 rethrow=0 return_oop=0}
                      ; - (reexecute) io.aeron.driver.Sender::doSend@49 (line 225)
                      ; - io.aeron.driver.Sender::doWork@67 (line 130)
                      ; - org.agrona.concurrent.AgentRunner::doWork@1 (line 312)
  0x00007630a42ebe90: 6c69 7cff 

  0x00007630a42ebe94: ;   {other}
  0x00007630a42ebe94: 0f1f 8400 | 0410 001c | bee4 ffff | ff41 8beb | 4c8b 5c24 | 104c 891c | 244c 8b5c | 2418 4c89 
  0x00007630a42ebeb4: 5c24 084c | 896c 2410 | 4c89 7424 | 1889 5424 | 204c 8944 | 2428 4889 | 4424 3089 | 4c24 3844 
  0x00007630a42ebed4: 8954 243c | 895c 2440 | 4c89 4c24 

  0x00007630a42ebee0: ;   {runtime_call UncommonTrapBlob}
  0x00007630a42ebee0: 4866 90e8 

  0x00007630a42ebee4: ; ImmutableOopMap {[0]=Oop [8]=Oop [16]=Oop [40]=Oop [48]=Oop [72]=Oop }
                      ;*aaload {reexecute=0 rethrow=0 return_oop=0}
                      ; - java.util.ArrayList$Itr::next@64 (line 1057)
                      ; - io.aeron.driver.media.ControlTransportPoller::pollTransports@36 (line 108)
                      ; - io.aeron.driver.Sender::doWork@124 (line 137)
                      ; - org.agrona.concurrent.AgentRunner::doWork@1 (line 312)
  0x00007630a42ebee4: 1869 7cff 

  0x00007630a42ebee8: ;   {other}
  0x00007630a42ebee8: 0f1f 8400 | 5810 001d | bef6 ffff | ff41 8beb | 4c8b 5c24 | 104c 891c | 244c 8b5c | 2418 4c89 
  0x00007630a42ebf08: 5c24 084c | 896c 2410 | 4c89 7424 | 1889 5424 | 204c 8944 | 2430 4889 | 7c24 3889 | 4c24 2444 
  0x00007630a42ebf28: 8954 2440 | 895c 2444 | 4c89 4c24 

  0x00007630a42ebf34: ;   {runtime_call UncommonTrapBlob}
  0x00007630a42ebf34: 4866 90e8 

  0x00007630a42ebf38: ; ImmutableOopMap {[0]=Oop [8]=Oop [16]=Oop [48]=Oop [56]=Oop [72]=Oop }
                      ;*invokevirtual receive {reexecute=0 rethrow=0 return_oop=0}
                      ; - io.aeron.driver.media.ControlTransportPoller::receive@5 (line 202)
                      ; - io.aeron.driver.media.ControlTransportPoller::poll@2 (line 192)
                      ; - io.aeron.driver.media.ControlTransportPoller::pollTransports@50 (line 110)
                      ; - io.aeron.driver.Sender::doWork@124 (line 137)
                      ; - org.agrona.concurrent.AgentRunner::doWork@1 (line 312)
  0x00007630a42ebf38: c468 7cff 

  0x00007630a42ebf3c: ;   {other}
  0x00007630a42ebf3c: 0f1f 8400 | ac10 001e | be45 ffff | ff4c 8b54 | 2410 4c89 | 1424 4c8b | 5424 184c | 8954 2408 
  0x00007630a42ebf5c: 4c89 6c24 | 1048 8944 

  0x00007630a42ebf64: ;   {runtime_call UncommonTrapBlob}
  0x00007630a42ebf64: 2418 90e8 

  0x00007630a42ebf68: ; ImmutableOopMap {[0]=Oop [8]=Oop [16]=Oop }
                      ;*ifne {reexecute=1 rethrow=0 return_oop=0}
                      ; - (reexecute) io.aeron.driver.status.DutyCycleStallTracker::reportMeasurement@7 (line 85)
                      ; - io.aeron.driver.DutyCycleTracker::measureAndUpdate@14 (line 68)
                      ; - io.aeron.driver.Sender::doWork@23 (line 119)
                      ; - org.agrona.concurrent.AgentRunner::doWork@1 (line 312)
  0x00007630a42ebf68: 9468 7cff 

  0x00007630a42ebf6c: ;   {other}
  0x00007630a42ebf6c: 0f1f 8400 | dc10 001f | be45 ffff | ff45 33c0 | 4d3b d0bd | ffff ffff | 7c08 400f | 95c5 400f 
  0x00007630a42ebf8c: b6ed 4489 | 1c24 4c8b | 5424 104c | 8954 2408 | 8954 2404 

  0x00007630a42ebfa0: ;   {runtime_call UncommonTrapBlob}
  0x00007630a42ebfa0: 6666 90e8 

  0x00007630a42ebfa4: ; ImmutableOopMap {[8]=Oop [24]=Oop }
                      ;*ifle {reexecute=1 rethrow=0 return_oop=0}
                      ; - (reexecute) io.aeron.driver.Sender::doWork@152 (line 144)
                      ; - org.agrona.concurrent.AgentRunner::doWork@1 (line 312)
  0x00007630a42ebfa4: 5868 7cff 

  0x00007630a42ebfa8: ;   {other}
  0x00007630a42ebfa8: 0f1f 8400 | 1811 0020 | 4d3b c2bd | ffff ffff | 7c08 400f | 95c5 400f | b6ed be45 | ffff ff4c 
  0x00007630a42ebfc8: 8b54 2410 | 4c89 1424 | 4c8b 5424 | 184c 8954 | 2408 4c89 | 6c24 104c | 8974 2418 | 4c89 5c24 
  0x00007630a42ebfe8: ;   {runtime_call UncommonTrapBlob}
  0x00007630a42ebfe8: 2066 90e8 

  0x00007630a42ebfec: ; ImmutableOopMap {[0]=Oop [8]=Oop [16]=Oop [32]=Oop }
                      ;*ifle {reexecute=1 rethrow=0 return_oop=0}
                      ; - (reexecute) io.aeron.driver.status.DutyCycleStallTracker::reportMeasurement@25 (line 89)
                      ; - io.aeron.driver.DutyCycleTracker::measureAndUpdate@14 (line 68)
                      ; - io.aeron.driver.Sender::doWork@23 (line 119)
                      ; - org.agrona.concurrent.AgentRunner::doWork@1 (line 312)
  0x00007630a42ebfec: 1068 7cff 

  0x00007630a42ebff0: ;   {other}
  0x00007630a42ebff0: 0f1f 8400 | 6011 0021 | be45 ffff | ff44 891c | 244c 8b54 | 2410 4c89 | 5424 084c | 8b54 2418 
  0x00007630a42ec010: 4c89 5424 | 104c 896c | 2418 4c89 | 7424 2089 | 5424 044c | 8944 2428 

  0x00007630a42ec028: ;   {runtime_call UncommonTrapBlob}
  0x00007630a42ec028: 6666 90e8 

  0x00007630a42ec02c: ; ImmutableOopMap {[8]=Oop [16]=Oop [24]=Oop [40]=Oop }
                      ;*if_icmpgt {reexecute=1 rethrow=0 return_oop=0}
                      ; - (reexecute) io.aeron.driver.media.ControlTransportPoller::pollTransports@15 (line 106)
                      ; - io.aeron.driver.Sender::doWork@124 (line 137)
                      ; - org.agrona.concurrent.AgentRunner::doWork@1 (line 312)
  0x00007630a42ec02c: d067 7cff 

  0x00007630a42ec030: ;   {other}
  0x00007630a42ec030: 0f1f 8400 | a011 0022 | bef6 ffff | ff48 8b6c | 2410 4c89 

  0x00007630a42ec044: ;   {runtime_call UncommonTrapBlob}
  0x00007630a42ec044: 7424 08e8 

  0x00007630a42ec048: ; ImmutableOopMap {rbp=Oop [24]=Oop }
                      ;*invokevirtual send {reexecute=0 rethrow=0 return_oop=0}
                      ; - io.aeron.driver.Sender::doSend@87 (line 232)
                      ; - io.aeron.driver.Sender::doWork@67 (line 130)
                      ; - org.agrona.concurrent.AgentRunner::doWork@1 (line 312)
  0x00007630a42ec048: b467 7cff 

  0x00007630a42ec04c: ;   {other}
  0x00007630a42ec04c: 0f1f 8400 | bc11 0023 | be45 ffff | ff44 891c | 244c 8b5c | 2410 4c89 | 5c24 084c | 8b5c 2418 
  0x00007630a42ec06c: 4c89 5c24 | 104c 896c | 2418 4c89 | 7424 2089 | 5424 044c | 8944 2428 | 4489 5424 | 3489 4c24 
  0x00007630a42ec08c: 3889 5c24 | 3c4c 894c 

  0x00007630a42ec094: ;   {runtime_call UncommonTrapBlob}
  0x00007630a42ec094: 2440 90e8 

  0x00007630a42ec098: ; ImmutableOopMap {[8]=Oop [16]=Oop [24]=Oop [40]=Oop [64]=Oop }
                      ;*if_icmpeq {reexecute=1 rethrow=0 return_oop=0}
                      ; - (reexecute) java.util.ArrayList$Itr::checkForComodification@11 (line 1094)
                      ; - java.util.ArrayList$Itr::next@1 (line 1049)
                      ; - io.aeron.driver.media.ControlTransportPoller::pollTransports@36 (line 108)
                      ; - io.aeron.driver.Sender::doWork@124 (line 137)
                      ; - org.agrona.concurrent.AgentRunner::doWork@1 (line 312)
  0x00007630a42ec098: 6467 7cff 

  0x00007630a42ec09c: ;   {other}
  0x00007630a42ec09c: 0f1f 8400 | 0c12 0024 | be45 ffff | ff44 891c | 244c 8b5c | 2410 4c89 | 5c24 084c | 8b5c 2418 
  0x00007630a42ec0bc: 4c89 5c24 | 104c 896c | 2418 4c89 | 7424 2089 | 5424 044c | 8944 2428 | 4489 5424 | 3444 8954 
  0x00007630a42ec0dc: 2438 894c | 243c 895c | 2440 4c89 

  0x00007630a42ec0e8: ;   {runtime_call UncommonTrapBlob}
  0x00007630a42ec0e8: 4c24 48e8 

  0x00007630a42ec0ec: ; ImmutableOopMap {[8]=Oop [16]=Oop [24]=Oop [40]=Oop [72]=Oop }
                      ;*if_icmplt {reexecute=1 rethrow=0 return_oop=0}
                      ; - (reexecute) java.util.ArrayList$Itr::next@17 (line 1051)
                      ; - io.aeron.driver.media.ControlTransportPoller::pollTransports@36 (line 108)
                      ; - io.aeron.driver.Sender::doWork@124 (line 137)
                      ; - org.agrona.concurrent.AgentRunner::doWork@1 (line 312)
  0x00007630a42ec0ec: 1067 7cff 

  0x00007630a42ec0f0: ;   {other}
  0x00007630a42ec0f0: 0f1f 8400 | 6012 0025 | be45 ffff | ff41 8beb | 4c8b 5c24 | 104c 891c | 244c 8b5c | 2418 4c89 
  0x00007630a42ec110: 5c24 084c | 896c 2410 | 4c89 7424 | 1889 5424 | 204c 8944 | 2428 897c | 2430 4489 | 5424 3489 
  0x00007630a42ec130: 4c24 3889 | 5c24 3c4c | 894c 2440 

  0x00007630a42ec13c: ;   {runtime_call UncommonTrapBlob}
  0x00007630a42ec13c: 6666 90e8 

  0x00007630a42ec140: ; ImmutableOopMap {[0]=Oop [8]=Oop [16]=Oop [40]=Oop [64]=Oop }
                      ;*if_icmplt {reexecute=1 rethrow=0 return_oop=0}
                      ; - (reexecute) java.util.ArrayList$Itr::next@39 (line 1054)
                      ; - io.aeron.driver.media.ControlTransportPoller::pollTransports@36 (line 108)
                      ; - io.aeron.driver.Sender::doWork@124 (line 137)
                      ; - org.agrona.concurrent.AgentRunner::doWork@1 (line 312)
  0x00007630a42ec140: bc66 7cff 

  0x00007630a42ec144: ;   {other}
  0x00007630a42ec144: 0f1f 8400 | b412 0026 | be76 ffff | ff41 8beb | 4889 1c24 | 4489 4c24 | 0c89 5424 | 304c 8944 
  0x00007630a42ec164: 2438 4c89 | 6c24 404c | 8974 2448 

  0x00007630a42ec170: ;   {runtime_call UncommonTrapBlob}
  0x00007630a42ec170: 6666 90e8 

  0x00007630a42ec174: ; ImmutableOopMap {[0]=Oop [16]=Oop [24]=Oop [64]=Oop }
                      ;*if_icmpge {reexecute=1 rethrow=0 return_oop=0}
                      ; - (reexecute) io.aeron.driver.Sender::doSend@77 (line 230)
                      ; - io.aeron.driver.Sender::doWork@67 (line 130)
                      ; - org.agrona.concurrent.AgentRunner::doWork@1 (line 312)
  0x00007630a42ec174: 8866 7cff 

  0x00007630a42ec178: ;   {other}
  0x00007630a42ec178: 0f1f 8400 | e812 0027 | bec6 ffff | ff4c 8b54 | 2410 4c89 | 1424 4c8b | 5424 184c | 8954 2408 
  0x00007630a42ec198: 4c89 6c24 | 1048 8944 | 2418 4c89 | 5c24 204c | 8944 2428 

  0x00007630a42ec1ac: ;   {runtime_call UncommonTrapBlob}
  0x00007630a42ec1ac: 6666 90e8 

  0x00007630a42ec1b0: ; ImmutableOopMap {rbp=Oop [0]=Oop [8]=Oop [16]=Oop [32]=Oop }
                      ;*invokevirtual isClosed {reexecute=0 rethrow=0 return_oop=0}
                      ; - io.aeron.driver.status.DutyCycleStallTracker::reportMeasurement@4 (line 85)
                      ; - io.aeron.driver.DutyCycleTracker::measureAndUpdate@14 (line 68)
                      ; - io.aeron.driver.Sender::doWork@23 (line 119)
                      ; - org.agrona.concurrent.AgentRunner::doWork@1 (line 312)
  0x00007630a42ec1b0: 4c66 7cff 

  0x00007630a42ec1b4: ;   {other}
  0x00007630a42ec1b4: 0f1f 8400 | 2413 0028 | bec6 ffff | ff4c 8b54 | 2410 4c89 | 1424 4c8b | 5424 184c | 8954 2410 
  0x00007630a42ec1d4: ;   {runtime_call UncommonTrapBlob}
  0x00007630a42ec1d4: 6666 90e8 

  0x00007630a42ec1d8: ; ImmutableOopMap {rbp=Oop [0]=Oop [8]=Oop [16]=Oop }
                      ;*invokeinterface run {reexecute=0 rethrow=0 return_oop=0}
                      ; - io.aeron.driver.Sender::doWork@48 (line 125)
                      ; - org.agrona.concurrent.AgentRunner::doWork@1 (line 312)
  0x00007630a42ec1d8: 2466 7cff 

  0x00007630a42ec1dc: ;   {other}
  0x00007630a42ec1dc: 0f1f 8400 | 4c13 0029 | bef6 ffff | ff48 8b6c 

  0x00007630a42ec1ec: ;   {runtime_call UncommonTrapBlob}
  0x00007630a42ec1ec: 2410 90e8 

  0x00007630a42ec1f0: ; ImmutableOopMap {rbp=Oop [24]=Oop }
                      ;*invokevirtual get {reexecute=0 rethrow=0 return_oop=0}
                      ; - io.aeron.driver.Sender::doWork@113 (line 135)
                      ; - org.agrona.concurrent.AgentRunner::doWork@1 (line 312)
  0x00007630a42ec1f0: 0c66 7cff 

  0x00007630a42ec1f4: ;   {other}
  0x00007630a42ec1f4: 0f1f 8400 | 6413 002a | bef6 ffff | ff48 8b6c | 2410 4c89 | 7424 084c | 8954 2410 

  0x00007630a42ec210: ;   {runtime_call UncommonTrapBlob}
  0x00007630a42ec210: 6666 90e8 

  0x00007630a42ec214: ; ImmutableOopMap {rbp=Oop [16]=Oop [24]=Oop }
                      ;*invokevirtual checkForReResolutions {reexecute=0 rethrow=0 return_oop=0}
                      ; - io.aeron.driver.Sender::doWork@185 (line 147)
                      ; - org.agrona.concurrent.AgentRunner::doWork@1 (line 312)
  0x00007630a42ec214: e865 7cff 

  0x00007630a42ec218: ;   {other}
  0x00007630a42ec218: 0f1f 8400 | 8813 002b | bede ffff | ff44 891c | 244c 8b5c | 2410 4c89 | 5c24 084c | 8b5c 2418 
  0x00007630a42ec238: 4c89 5c24 | 104c 896c | 2418 4c89 | 7424 2089 | 5424 044c | 8944 2428 | 894c 2430 | 4489 5424 
  0x00007630a42ec258: 3489 5c24 | 384c 894c 

  0x00007630a42ec260: ;   {runtime_call UncommonTrapBlob}
  0x00007630a42ec260: 2440 90e8 

  0x00007630a42ec264: ; ImmutableOopMap {rbp=Oop [8]=Oop [16]=Oop [24]=Oop [40]=Oop [64]=Oop }
                      ;*checkcast {reexecute=0 rethrow=0 return_oop=0}
                      ; - io.aeron.driver.media.ControlTransportPoller::pollTransports@41 (line 108)
                      ; - io.aeron.driver.Sender::doWork@124 (line 137)
                      ; - org.agrona.concurrent.AgentRunner::doWork@1 (line 312)
  0x00007630a42ec264: 9865 7cff 

  0x00007630a42ec268: ;   {other}
  0x00007630a42ec268: 0f1f 8400 | d813 002c | bef6 ffff | ff48 8b6c 

  0x00007630a42ec278: ;   {runtime_call UncommonTrapBlob}
  0x00007630a42ec278: 2410 90e8 

  0x00007630a42ec27c: ; ImmutableOopMap {rbp=Oop [24]=Oop }
                      ;*invokeinterface doWork {reexecute=0 rethrow=0 return_oop=0}
                      ; - org.agrona.concurrent.AgentRunner::doWork@1 (line 312)
  0x00007630a42ec27c: 8065 7cff 

  0x00007630a42ec280: ;   {other}
  0x00007630a42ec280: 0f1f 8400 | f013 002d | bef6 ffff | ff48 8b6c | 2410 8954 

  0x00007630a42ec294: ;   {runtime_call UncommonTrapBlob}
  0x00007630a42ec294: 2404 90e8 

  0x00007630a42ec298: ; ImmutableOopMap {rbp=Oop }
                      ;*invokeinterface idle {reexecute=0 rethrow=0 return_oop=0}
                      ; - org.agrona.concurrent.AgentRunner::doWork@9 (line 313)
  0x00007630a42ec298: 6465 7cff 

  0x00007630a42ec29c: ;   {other}
  0x00007630a42ec29c: 0f1f 8400 | 0c14 002e | bef6 ffff | ff48 8b6c 

  0x00007630a42ec2ac: ;   {runtime_call UncommonTrapBlob}
  0x00007630a42ec2ac: 2410 90e8 

  0x00007630a42ec2b0: ; ImmutableOopMap {rbp=Oop [24]=Oop }
                      ;*invokeinterface nanoTime {reexecute=0 rethrow=0 return_oop=0}
                      ; - io.aeron.driver.Sender::doWork@4 (line 117)
                      ; - org.agrona.concurrent.AgentRunner::doWork@1 (line 312)
  0x00007630a42ec2b0: 4c65 7cff 

  0x00007630a42ec2b4: ;   {other}
  0x00007630a42ec2b4: 0f1f 8400 | 2414 002f | bef6 ffff | ff48 8b6c | 2410 4889 

  0x00007630a42ec2c8: ;   {runtime_call UncommonTrapBlob}
  0x00007630a42ec2c8: 4424 08e8 

  0x00007630a42ec2cc: ; ImmutableOopMap {rbp=Oop [24]=Oop }
                      ;*invokevirtual measureAndUpdate {reexecute=0 rethrow=0 return_oop=0}
                      ; - io.aeron.driver.Sender::doWork@23 (line 119)
                      ; - org.agrona.concurrent.AgentRunner::doWork@1 (line 312)
  0x00007630a42ec2cc: 3065 7cff 

  0x00007630a42ec2d0: ;   {other}
  0x00007630a42ec2d0: 0f1f 8400 | 4014 0030 | bef6 ffff | ff48 8b6c 

  0x00007630a42ec2e0: ;   {runtime_call UncommonTrapBlob}
  0x00007630a42ec2e0: 2410 90e8 

  0x00007630a42ec2e4: ; ImmutableOopMap {rbp=Oop [24]=Oop }
                      ;*invokevirtual isClosed {reexecute=0 rethrow=0 return_oop=0}
                      ; - io.aeron.driver.status.DutyCycleStallTracker::reportMeasurement@4 (line 85)
                      ; - io.aeron.driver.DutyCycleTracker::measureAndUpdate@14 (line 68)
                      ; - io.aeron.driver.Sender::doWork@23 (line 119)
                      ; - org.agrona.concurrent.AgentRunner::doWork@1 (line 312)
  0x00007630a42ec2e4: 1865 7cff 

  0x00007630a42ec2e8: ;   {other}
  0x00007630a42ec2e8: 0f1f 8400 | 5814 0031 | bef6 ffff | ff48 8b6c | 2410 4c89 

  0x00007630a42ec2fc: ;   {runtime_call UncommonTrapBlob}
  0x00007630a42ec2fc: 4424 08e8 

  0x00007630a42ec300: ; ImmutableOopMap {rbp=Oop [24]=Oop }
                      ;*invokevirtual proposeMaxRelease {reexecute=0 rethrow=0 return_oop=0}
                      ; - io.aeron.driver.status.DutyCycleStallTracker::reportMeasurement@15 (line 87)
                      ; - io.aeron.driver.DutyCycleTracker::measureAndUpdate@14 (line 68)
                      ; - io.aeron.driver.Sender::doWork@23 (line 119)
                      ; - org.agrona.concurrent.AgentRunner::doWork@1 (line 312)
  0x00007630a42ec300: fc64 7cff 

  0x00007630a42ec304: ;   {other}
  0x00007630a42ec304: 0f1f 8400 | 7414 0032 | bef6 ffff | ff48 8b6c 

  0x00007630a42ec314: ;   {runtime_call UncommonTrapBlob}
  0x00007630a42ec314: 2410 90e8 

  0x00007630a42ec318: ; ImmutableOopMap {rbp=Oop [24]=Oop }
                      ;*invokevirtual poll {reexecute=0 rethrow=0 return_oop=0}
                      ; - io.aeron.driver.Sender::doWork@32 (line 122)
                      ; - org.agrona.concurrent.AgentRunner::doWork@1 (line 312)
  0x00007630a42ec318: e464 7cff 

  0x00007630a42ec31c: ;   {other}
  0x00007630a42ec31c: 0f1f 8400 | 8c14 0033 | bef6 ffff | ff48 8b6c 

  0x00007630a42ec32c: ;   {runtime_call UncommonTrapBlob}
  0x00007630a42ec32c: 2410 90e8 

  0x00007630a42ec330: ; ImmutableOopMap {rbp=Oop [24]=Oop }
                      ;*invokevirtual get {reexecute=0 rethrow=0 return_oop=0}
                      ; - io.aeron.driver.Sender::doWork@60 (line 129)
                      ; - org.agrona.concurrent.AgentRunner::doWork@1 (line 312)
  0x00007630a42ec330: cc64 7cff 

  0x00007630a42ec334: ;   {other}
  0x00007630a42ec334: 0f1f 8400 | a414 0034 | bef6 ffff | ff48 8b6c 

  0x00007630a42ec344: ;   {runtime_call UncommonTrapBlob}
  0x00007630a42ec344: 2410 90e8 

  0x00007630a42ec348: ; ImmutableOopMap {rbp=Oop [24]=Oop }
                      ;*arraylength {reexecute=0 rethrow=0 return_oop=0}
                      ; - io.aeron.driver.Sender::doSend@10 (line 217)
                      ; - io.aeron.driver.Sender::doWork@67 (line 130)
                      ; - org.agrona.concurrent.AgentRunner::doWork@1 (line 312)
  0x00007630a42ec348: b464 7cff 

  0x00007630a42ec34c: ;   {other}
  0x00007630a42ec34c: 0f1f 8400 | bc14 0035 | bef6 ffff 

  0x00007630a42ec358: ;   {runtime_call UncommonTrapBlob}
  0x00007630a42ec358: ff66 90e8 

  0x00007630a42ec35c: ; ImmutableOopMap {[16]=Oop [24]=Oop }
                      ;*invokevirtual getAndAddRelease {reexecute=0 rethrow=0 return_oop=0}
                      ; - io.aeron.driver.Sender::doSend@104 (line 235)
                      ; - io.aeron.driver.Sender::doWork@67 (line 130)
                      ; - org.agrona.concurrent.AgentRunner::doWork@1 (line 312)
  0x00007630a42ec35c: a064 7cff 

  0x00007630a42ec360: ;   {other}
  0x00007630a42ec360: 0f1f 8400 | d014 0036 | bef6 ffff | ff41 8beb | 4c8b 5424 | 104c 8914 | 244c 8b54 | 2418 4c89 
  0x00007630a42ec380: 5424 084c | 896c 2410 | 4c89 7424 | 1889 5424 | 204c 8944 

  0x00007630a42ec394: ;   {runtime_call UncommonTrapBlob}
  0x00007630a42ec394: 2428 90e8 

  0x00007630a42ec398: ; ImmutableOopMap {[0]=Oop [8]=Oop [16]=Oop [40]=Oop }
                      ;*invokevirtual size {reexecute=0 rethrow=0 return_oop=0}
                      ; - io.aeron.driver.media.ControlTransportPoller::pollTransports@9 (line 106)
                      ; - io.aeron.driver.Sender::doWork@124 (line 137)
                      ; - org.agrona.concurrent.AgentRunner::doWork@1 (line 312)
  0x00007630a42ec398: 6464 7cff 

  0x00007630a42ec39c: ;   {other}
  0x00007630a42ec39c: 0f1f 8400 | 0c15 0037 | bef6 ffff | ff41 8beb | 4c8b 5c24 | 104c 891c | 244c 8b5c | 2418 4c89 
  0x00007630a42ec3bc: 5c24 084c | 896c 2410 | 4c89 7424 | 1889 5424 | 204c 8944 | 2428 4489 | 5424 2489 | 4c24 3089 
  0x00007630a42ec3dc: 5c24 344c | 894c 2438 

  0x00007630a42ec3e4: ;   {runtime_call UncommonTrapBlob}
  0x00007630a42ec3e4: 6666 90e8 

  0x00007630a42ec3e8: ; ImmutableOopMap {[0]=Oop [8]=Oop [16]=Oop [40]=Oop [56]=Oop }
                      ;*arraylength {reexecute=0 rethrow=0 return_oop=0}
                      ; - java.util.ArrayList$Itr::next@38 (line 1054)
                      ; - io.aeron.driver.media.ControlTransportPoller::pollTransports@36 (line 108)
                      ; - io.aeron.driver.Sender::doWork@124 (line 137)
                      ; - org.agrona.concurrent.AgentRunner::doWork@1 (line 312)
  0x00007630a42ec3e8: 1464 7cff 

  0x00007630a42ec3ec: ;   {other}
  0x00007630a42ec3ec: 0f1f 8400 | 5c15 0038 | bef4 ffff | ff41 8beb | 4c8b 5c24 | 104c 891c | 244c 8b5c | 2418 4c89 
  0x00007630a42ec40c: 5c24 084c | 896c 2410 | 4c89 7424 | 1889 5424 | 204c 8944 | 2428 894c | 2424 4489 | 5424 3089 
  0x00007630a42ec42c: 5c24 344c | 894c 2438 

  0x00007630a42ec434: ;   {runtime_call UncommonTrapBlob}
  0x00007630a42ec434: 6666 90e8 

  0x00007630a42ec438: ; ImmutableOopMap {[0]=Oop [8]=Oop [16]=Oop [40]=Oop [56]=Oop }
                      ;*checkcast {reexecute=0 rethrow=0 return_oop=0}
                      ; - io.aeron.driver.media.ControlTransportPoller::pollTransports@41 (line 108)
                      ; - io.aeron.driver.Sender::doWork@124 (line 137)
                      ; - org.agrona.concurrent.AgentRunner::doWork@1 (line 312)
  0x00007630a42ec438: c463 7cff 

  0x00007630a42ec43c: ;   {other}
  0x00007630a42ec43c: 0f1f 8400 | ac15 0039 | bef6 ffff | ff8b 6c24 | 2c4c 8b54 | 2410 4c89 | 1424 4c8b | 5424 184c 
  0x00007630a42ec45c: 8954 2410 | 4c8b 5424 | 204c 8954 | 2418 448b | 5424 2844 | 8954 2420 

  0x00007630a42ec474: ;   {runtime_call UncommonTrapBlob}
  0x00007630a42ec474: 6666 90e8 

  0x00007630a42ec478: ; ImmutableOopMap {[0]=Oop [8]=Oop [16]=Oop [48]=Oop [56]=Oop }
                      ;*invokevirtual position {reexecute=0 rethrow=0 return_oop=0}
                      ; - io.aeron.driver.media.ControlTransportPoller::receive@18 (line 206)
                      ; - io.aeron.driver.media.ControlTransportPoller::poll@2 (line 192)
                      ; - io.aeron.driver.media.ControlTransportPoller::pollTransports@50 (line 110)
                      ; - io.aeron.driver.Sender::doWork@124 (line 137)
                      ; - org.agrona.concurrent.AgentRunner::doWork@1 (line 312)
  0x00007630a42ec478: 8463 7cff 

  0x00007630a42ec47c: ;   {other}
  0x00007630a42ec47c: 0f1f 8400 | ec15 003a | eb7f eb7d | e9b2 0100 | 0044 8b58 | 0849 b800 | 0000 f32b | 7600 004d 
  0x00007630a42ec49c: 03c3 e94e | 0100 0044 | 8b50 0849 | b800 0000 | f32b 7600 | 004d 03c2 | e938 0100 | 0044 8b58 
  0x00007630a42ec4bc: 0849 b800 | 0000 f32b | 7600 004d | 03c3 e922 | 0100 00e9 | 6b01 0000 | 448b 5008 | 49b8 0000 
  0x00007630a42ec4dc: 00f3 2b76 | 0000 4d03 | c2e9 0701 | 0000 448b | 5808 49b8 | 0000 00f3 | 2b76 0000 | 4d03 c3e9 
  0x00007630a42ec4fc: f100 0000 | e93a 0100 | 0048 8bf0 | e968 0200 | 0048 8944 | 2408 e9c7 | 0100 0044 | 8b50 0849 
  0x00007630a42ec51c: b800 0000 | f32b 7600 | 004d 03c2 | e9c4 0000 | 0044 8b58 | 0849 b800 | 0000 f32b | 7600 004d 
  0x00007630a42ec53c: 03c3 e9ae | 0000 00e9 | f700 0000 | 448b 5008 | 49bb 0000 | 00f3 2b76 | 0000 4d03 | daeb 25e9 
  0x00007630a42ec55c: df00 0000 | e9da 0000 | 00e9 d500 | 0000 e9d0 | 0000 0044 | 8b50 0849 | bb00 0000 

  0x00007630a42ec578: ;   {no_reloc}
  0x00007630a42ec578: f32b 7600 | 004d 03da | 4d8b 5348 

  0x00007630a42ec584: ;   {metadata('java/lang/InterruptedException')}
  0x00007630a42ec584: 49b8 a831 | 04f4 2b76 | 0000 4d3b | d00f 84cc | 0000 004d 

  0x00007630a42ec598: ;   {metadata('java/nio/channels/ClosedByInterruptException')}
  0x00007630a42ec598: 8b53 6049 | b848 4507 | f42b 7600 | 004d 3bd0 | 0f84 b500 | 0000 4d8b 

  0x00007630a42ec5b0: ;   {metadata('org/agrona/concurrent/AgentTerminationException')}
  0x00007630a42ec5b0: 5350 49bb | 00dc 08f4 | 2b76 0000 | 4d3b d30f | 8548 ffff | ff48 8bd0 | e9e5 0000 | 0044 8b50 
  0x00007630a42ec5d0: 0849 bb00 | 0000 f32b | 7600 004d | 03da eb70 | 448b 5008 | 49b8 0000 | 00f3 2b76 | 0000 4d03 
  0x00007630a42ec5f0: c24d 8b50 

  0x00007630a42ec5f4: ;   {metadata('java/lang/Exception')}
  0x00007630a42ec5f4: 4049 bb80 | cd00 f32b | 7600 004d | 3bd3 753b | 488b d04c | 8b54 2430 | 498b 7218 

  0x00007630a42ec610: ;   {other}
  0x00007630a42ec610: 48c1 ee0f | 0f87 880a | 0000 488b | 6c24 1066 | 9048 b8ff | ffff ffff 

  0x00007630a42ec628: ;   {virtual_call}
  0x00007630a42ec628: ffff ffe8 

  0x00007630a42ec62c: ; ImmutableOopMap {rbp=Oop [0]=Oop [8]=Oop [16]=Oop [24]=Oop [48]=Oop [56]=Oop }
                      ;*invokeinterface onError {reexecute=0 rethrow=0 return_oop=0}
                      ; - io.aeron.driver.media.ControlTransportPoller::poll@14 (line 196)
                      ; - io.aeron.driver.media.ControlTransportPoller::pollTransports@50 (line 110)
                      ; - io.aeron.driver.Sender::doWork@124 (line 137)
                      ; - org.agrona.concurrent.AgentRunner::doWork@1 (line 312)
  0x00007630a42ec62c: 500d 7cff 

  0x00007630a42ec630: ;   {other}
  0x00007630a42ec630: 0f1f 8400 | a017 003b | e998 f1ff | ffeb 0044 | 8b50 0849 | bb00 0000 | f32b 7600 | 004d 03da 
  0x00007630a42ec650: 4d8b 5348 

  0x00007630a42ec654: ;   {metadata('java/lang/InterruptedException')}
  0x00007630a42ec654: 49b8 a831 | 04f4 2b76 | 0000 4d3b | d075 264c | 8b54 2410 | 41c6 420c | 00f0 8344 | 24c0 0048 
  0x00007630a42ec674: ;   {optimized virtual_call}
  0x00007630a42ec674: 8b34 24e8 

  0x00007630a42ec678: ; ImmutableOopMap {}
                      ;*invokevirtual interrupt {reexecute=0 rethrow=0 return_oop=0}
                      ; - org.agrona.concurrent.AgentRunner::doWork@44 (line 322)
  0x00007630a42ec678: 040a 7cff 

  0x00007630a42ec67c: ;   {other}
  0x00007630a42ec67c: 0f1f 8400 | ec17 003c | e928 f2ff | ff4d 8b53 

  0x00007630a42ec68c: ;   {metadata('java/nio/channels/ClosedByInterruptException')}
  0x00007630a42ec68c: 6049 b848 | 4507 f42b | 7600 004d | 3bd0 74c7 | 4d8b 5350 

  0x00007630a42ec6a0: ;   {metadata('org/agrona/concurrent/AgentTerminationException')}
  0x00007630a42ec6a0: 49bb 00dc | 08f4 2b76 | 0000 4d3b | d375 2a48 | 8bd0 4c8b | 5424 1041 | c642 0c00 | f083 4424 
  0x00007630a42ec6c0: c000 498b 

  0x00007630a42ec6c4: ;   {optimized virtual_call}
  0x00007630a42ec6c4: f266 90e8 

  0x00007630a42ec6c8: ; ImmutableOopMap {}
                      ;*invokevirtual handleError {reexecute=0 rethrow=0 return_oop=0}
                      ; - org.agrona.concurrent.AgentRunner::doWork@58 (line 327)
  0x00007630a42ec6c8: b409 7cff 

  0x00007630a42ec6cc: ;   {other}
  0x00007630a42ec6cc: 0f1f 8400 | 3c18 003d | e9d8 f1ff | ff48 8944 | 2408 48ff | 3424 488f | 4424 184c | 8b14 2445 
  0x00007630a42ec6ec: 0fb6 5a3a | 4585 db0f | 8489 0000 | 0048 8b6c | 2410 c645 | 0c00 f083 | 4424 c000 | 488b f548 
  0x00007630a42ec70c: 8b54 2408 

  0x00007630a42ec710: ;   {optimized virtual_call}
  0x00007630a42ec710: 6666 90e8 

  0x00007630a42ec714: ; ImmutableOopMap {rbp=Oop [8]=Oop [24]=Oop }
                      ;*invokevirtual handleError {reexecute=0 rethrow=0 return_oop=0}
                      ; - org.agrona.concurrent.AgentRunner::doWork@81 (line 336)
  0x00007630a42ec714: 6809 7cff 

  0x00007630a42ec718: ;   {other}
  0x00007630a42ec718: 0f1f 8400 | 8818 003e | 440f b655 | 0c45 85d2 | 7419 4c8b | 5424 1845 | 0fb6 523a | 4585 d274 
  0x00007630a42ec738: 0ac6 450c | 00f0 8344 | 24c0 004c | 8b4c 2408 | 458b 5908 

  0x00007630a42ec74c: ;   {metadata('java/lang/Error')}
  0x00007630a42ec74c: 49ba 901d | 01f3 2b76 | 0000 49b8 | 0000 00f3 | 2b76 0000 | 4d03 c34d | 8b58 404d | 3bda 0f85 
  0x00007630a42ec76c: 41f1 ffff | 488b 7424 | 0848 81c4 | 8000 0000 

  0x00007630a42ec77c: ;   {runtime_call _rethrow_Java}
  0x00007630a42ec77c: 5de9 fe86 | 88ff 488b | 6c24 10e9 | 7cff ffff | 4d8b 2248 | 83ec 204c | 8954 2418 | 4c89 5c24 
  0x00007630a42ec79c: 1048 894c | 2408 4889 | 1424 498d | 3249 8bfc 

  0x00007630a42ec7ac: ;   {runtime_call ZBarrierSetRuntime::load_barrier_on_oop_field_preloaded(oopDesc*, oopDesc**)}
  0x00007630a42ec7ac: e8df f91b | 184c 8be0 | 488b 1424 | 488b 4c24 | 084c 8b5c | 2410 4c8b | 5424 18c5 | f877 4883 
  0x00007630a42ec7cc: c420 e92d | ebff ff49 | 8bad e800 | 0000 498d | b5e8 0000 | 0048 8bfd 

  0x00007630a42ec7e4: ;   {runtime_call ZBarrierSetRuntime::load_barrier_on_oop_field_preloaded(oopDesc*, oopDesc**)}
  0x00007630a42ec7e4: e8a7 f91b | 1848 8be8 | c5f8 77e9 | 2deb ffff | 4d8b 95f0 | 0000 0048 | 83ec 1048 | 8944 2408 
  0x00007630a42ec804: 498d b5f0 | 0000 0049 

  0x00007630a42ec80c: ;   {runtime_call ZBarrierSetRuntime::load_barrier_on_oop_field_preloaded(oopDesc*, oopDesc**)}
  0x00007630a42ec80c: 8bfa e87d | f91b 184c | 8bd0 488b | 4424 08c5 | f877 4883 | c410 e931 | ebff ff4d | 8b9d 0001 
  0x00007630a42ec82c: 0000 4883 | ec10 4889 | 4424 0849 | 8db5 0001 | 0000 498b 

  0x00007630a42ec840: ;   {runtime_call ZBarrierSetRuntime::load_barrier_on_oop_field_preloaded(oopDesc*, oopDesc**)}
  0x00007630a42ec840: fbe8 4af9 | 1b18 4c8b | d848 8b44 | 2408 c5f8 | 7748 83c4 | 10e9 1feb | ffff 498b | aba0 0000 
  0x00007630a42ec860: 0048 83ec | 204c 895c | 2418 4c89 | 4424 1048 | 8944 2408 | 498d b3a0 | 0000 0048 

  0x00007630a42ec87c: ;   {runtime_call ZBarrierSetRuntime::load_barrier_on_oop_field_preloaded(oopDesc*, oopDesc**)}
  0x00007630a42ec87c: 8bfd e80d | f91b 1848 | 8be8 488b | 4424 084c | 8b44 2410 | 4c8b 5c24 | 18c5 f877 | 4883 c420 
  0x00007630a42ec89c: e905 ebff | ff49 8b72 | 2048 83ec | 304c 8954 | 2428 4c89 | 5c24 204c | 8944 2418 | 4889 5424 
  0x00007630a42ec8bc: 1048 8944 | 2408 488b | fe49 8d72 

  0x00007630a42ec8c8: ;   {runtime_call ZBarrierSetRuntime::load_barrier_on_oop_field_preloaded(oopDesc*, oopDesc**)}
  0x00007630a42ec8c8: 20e8 c2f8 | 1b18 488b | f048 8b44 | 2408 488b | 5424 104c | 8b44 2418 | 4c8b 5c24 | 204c 8b54 
  0x00007630a42ec8e8: 2428 c5f8 | 7748 83c4 | 30e9 eaea | ffff 4d8b | 95c8 0000 | 0049 8db5 | c800 0000 

  0x00007630a42ec904: ;   {runtime_call ZBarrierSetRuntime::load_barrier_on_oop_field_preloaded(oopDesc*, oopDesc**)}
  0x00007630a42ec904: 498b fae8 | 84f8 1b18 | 4c8b d0c5 | f877 e9fa | eaff ff49 | 8bb2 f000 | 0000 4883 | ec20 4c89 
  0x00007630a42ec924: 5424 184c | 895c 2410 | 4889 5424 | 0848 8bfe | 498d b2f0 

  0x00007630a42ec938: ;   {runtime_call ZBarrierSetRuntime::load_barrier_on_oop_field_preloaded(oopDesc*, oopDesc**)}
  0x00007630a42ec938: 0000 00e8 | 50f8 1b18 | 488b f048 | 8b54 2408 | 4c8b 5c24 | 104c 8b54 | 2418 c5f8 | 7748 83c4 
  0x00007630a42ec958: 20e9 dfea | ffff 488b | 6c16 1048 | 83ec 204c | 8954 2418 | 4c89 5c24 | 1048 8954 | 2408 4889 
  0x00007630a42ec978: 3424 488d | 7416 1048 

  0x00007630a42ec980: ;   {runtime_call ZBarrierSetRuntime::load_barrier_on_oop_field_preloaded(oopDesc*, oopDesc**)}
  0x00007630a42ec980: 8bfd e809 | f81b 1848 | 8be8 488b | 3424 488b | 5424 084c | 8b5c 2410 | 4c8b 5424 | 18c5 f877 
  0x00007630a42ec9a0: 4883 c420 | e9a3 eaff | ff4d 8b95 | e000 0000 | 4883 ec10 | 4889 5424 | 0849 8db5 | e000 0000 
  0x00007630a42ec9c0: ;   {runtime_call ZBarrierSetRuntime::load_barrier_on_oop_field_preloaded(oopDesc*, oopDesc**)}
  0x00007630a42ec9c0: 498b fae8 | c8f7 1b18 | 4c8b d048 | 8b54 2408 | c5f8 7748 | 83c4 10e9 | 8cea ffff | 4d8b 4220 
  0x00007630a42ec9e0: 4883 ec20 | 4c89 5424 | 184c 895c | 2410 4889 | 5424 0849 | 8d72 2049 

  0x00007630a42ec9f8: ;   {runtime_call ZBarrierSetRuntime::load_barrier_on_oop_field_preloaded(oopDesc*, oopDesc**)}
  0x00007630a42ec9f8: 8bf8 e891 | f71b 184c | 8bc0 488b | 5424 084c | 8b5c 2410 | 4c8b 5424 | 18c5 f877 | 4883 c420 
  0x00007630a42eca18: e95d eaff | ff49 8b9d | b800 0000 | 4883 ec10 | 4c89 4424 | 0848 8914 | 2449 8db5 | b800 0000 
  0x00007630a42eca38: ;   {runtime_call ZBarrierSetRuntime::load_barrier_on_oop_field_preloaded(oopDesc*, oopDesc**)}
  0x00007630a42eca38: 488b fbe8 | 50f7 1b18 | 488b d848 | 8b14 244c | 8b44 2408 | c5f8 7748 | 83c4 10e9 | 37ea ffff 
  0x00007630a42eca58: 488b 74cb | 1048 83ec | 304c 8954 | 2428 4c89 | 5c24 204c | 8944 2418 | 4c89 4c24 | 1048 894c 
  0x00007630a42eca78: 2408 4889 | 1424 488b | fe48 8d74 

  0x00007630a42eca84: ;   {runtime_call ZBarrierSetRuntime::load_barrier_on_oop_field_preloaded(oopDesc*, oopDesc**)}
  0x00007630a42eca84: cb10 e805 | f71b 1848 | 8bf0 488b | 1424 488b | 4c24 084c | 8b4c 2410 | 4c8b 4424 | 184c 8b5c 
  0x00007630a42ecaa4: 2420 4c8b | 5424 28c5 | f877 4883 | c430 e960 | eaff ff48 | 8b74 eb10 | 4883 ec20 | 4c89 5c24 
  0x00007630a42ecac4: 184c 8944 | 2410 4c89 | 4c24 0848 | 8914 2448 | 8bfe 488d 

  0x00007630a42ecad8: ;   {runtime_call ZBarrierSetRuntime::load_barrier_on_oop_field_preloaded(oopDesc*, oopDesc**)}
  0x00007630a42ecad8: 74eb 10e8 | b0f6 1b18 | 488b f048 | 8b14 244c | 8b4c 2408 | 4c8b 4424 | 104c 8b5c | 2418 c5f8 
  0x00007630a42ecaf8: 7748 83c4 | 20e9 d5ea | ffff 4d8b | 95d0 0000 | 0048 83ec | 204c 895c | 2418 4c89 | 4424 1048 
  0x00007630a42ecb18: 8954 2408 | 498d b5d0 | 0000 0049 

  0x00007630a42ecb24: ;   {runtime_call ZBarrierSetRuntime::load_barrier_on_oop_field_preloaded(oopDesc*, oopDesc**)}
  0x00007630a42ecb24: 8bfa e865 | f61b 184c | 8bd0 488b | 5424 084c | 8b44 2410 | 4c8b 5c24 | 18c5 f877 | 4883 c420 
  0x00007630a42ecb44: e93c ebff | ff49 8b4a | 2048 83ec | 304c 8954 | 2428 4c89 | 5c24 204c | 8944 2418 | 4c89 4c24 
  0x00007630a42ecb64: 1048 8954 | 2408 498d | 7220 488b 

  0x00007630a42ecb70: ;   {runtime_call ZBarrierSetRuntime::load_barrier_on_oop_field_preloaded(oopDesc*, oopDesc**)}
  0x00007630a42ecb70: f9e8 1af6 | 1b18 488b | c848 8b54 | 2408 4c8b | 4c24 104c | 8b44 2418 | 4c8b 5c24 | 204c 8b54 
  0x00007630a42ecb90: 2428 c5f8 | 7748 83c4 | 30e9 f9ea | ffff 4d8b | 85c0 0000 | 0048 83ec | 104c 895c | 2408 4889 
  0x00007630a42ecbb0: 1424 498d | b5c0 0000 | 0049 8bf8 

  0x00007630a42ecbbc: ;   {runtime_call ZBarrierSetRuntime::load_barrier_on_oop_field_preloaded(oopDesc*, oopDesc**)}
  0x00007630a42ecbbc: e8cf f51b | 184c 8bc0 | 488b 1424 | 4c8b 5c24 | 08c5 f877 | 4883 c410 | e9e9 eaff | ff4d 8b48 
  0x00007630a42ecbdc: 6848 83ec | 204c 895c | 2418 4c89 | 4424 1048 | 8954 2408 | 498d 7068 

  0x00007630a42ecbf4: ;   {runtime_call ZBarrierSetRuntime::load_barrier_on_oop_field_preloaded(oopDesc*, oopDesc**)}
  0x00007630a42ecbf4: 498b f9e8 | 94f5 1b18 | 4c8b c848 | 8b54 2408 | 4c8b 4424 | 104c 8b5c | 2418 c5f8 | 7748 83c4 
  0x00007630a42ecc14: 20e9 c7ea | ffff 498b | 4118 4883 | ec30 4c89 | 5424 284c | 895c 2420 | 4c89 4424 | 184c 894c 
  0x00007630a42ecc34: 2410 4889 | 4c24 0848 | 8914 2449 | 8d71 1848 

  0x00007630a42ecc44: ;   {runtime_call ZBarrierSetRuntime::load_barrier_on_oop_field_preloaded(oopDesc*, oopDesc**)}
  0x00007630a42ecc44: 8bf8 e845 | f51b 1848 | 8b14 2448 | 8b4c 2408 | 4c8b 4c24 | 104c 8b44 | 2418 4c8b | 5c24 204c 
  0x00007630a42ecc64: 8b54 2428 | c5f8 7748 | 83c4 30e9 | b5ea ffff | 4a8b 6cd0 | 1048 83ec | 404c 8954 | 2438 4c89 
  0x00007630a42ecc84: 5c24 304c | 8944 2428 | 4c89 4c24 | 2048 894c | 2418 4889 | 5424 1048 | 8944 2408 | 4a8d 74d0 
  0x00007630a42ecca4: 1048 8bfd 

  0x00007630a42ecca8: ;   {runtime_call ZBarrierSetRuntime::load_barrier_on_oop_field_preloaded(oopDesc*, oopDesc**)}
  0x00007630a42ecca8: e8e3 f41b | 1848 8be8 | 488b 4424 | 0848 8b54 | 2410 488b | 4c24 184c | 8b4c 2420 | 4c8b 4424 
  0x00007630a42eccc8: 284c 8b5c | 2430 4c8b | 5424 38c5 | f877 4883 | c440 e972 | eaff ff49 | 8b78 2048 | 83ec 304c 
  0x00007630a42ecce8: 8954 2428 | 4c89 5c24 | 204c 8944 | 2418 4c89 | 4c24 1048 | 894c 2408 | 4889 1424 | 498d 7020 
  0x00007630a42ecd08: ;   {runtime_call ZBarrierSetRuntime::load_barrier_on_oop_field_preloaded(oopDesc*, oopDesc**)}
  0x00007630a42ecd08: e883 f41b | 1848 8bf8 | 488b 1424 | 488b 4c24 | 084c 8b4c | 2410 4c8b | 4424 184c | 8b5c 2420 
  0x00007630a42ecd28: 4c8b 5424 | 28c5 f877 | 4883 c430 | e935 eaff | ff48 8b75 | 1048 83ec | 404c 8954 | 2438 4c89 
  0x00007630a42ecd48: 5c24 304c | 8944 2428 | 4c89 4c24 | 2048 894c | 2418 4889 | 7c24 1048 | 8954 2408 | 488b fe48 
  0x00007630a42ecd68: ;   {runtime_call ZBarrierSetRuntime::load_barrier_on_oop_field_preloaded(oopDesc*, oopDesc**)}
  0x00007630a42ecd68: 8d75 10e8 | 20f4 1b18 | 488b f048 | 8b54 2408 | 488b 7c24 | 1048 8b4c | 2418 4c8b | 4c24 204c 
  0x00007630a42ecd88: 8b44 2428 | 4c8b 5c24 | 304c 8b54 | 2438 c5f8 | 7748 83c4 | 40e9 dae9 | ffff 4d8b | 5320 4883 
  0x00007630a42ecda8: ec10 4c89 | 5c24 0848 | 8904 2449 | 8d73 2049 

  0x00007630a42ecdb8: ;   {runtime_call ZBarrierSetRuntime::load_barrier_on_oop_field_preloaded(oopDesc*, oopDesc**)}
  0x00007630a42ecdb8: 8bfa e8d1 | f31b 184c | 8bd0 488b | 0424 4c8b | 5c24 08c5 | f877 4883 | c410 e91a | edff ff49 
  0x00007630a42ecdd8: 8b53 2848 | 83ec 104c | 895c 2408 | 4c89 0424 | 498d 7328 

  0x00007630a42ecdec: ;   {runtime_call ZBarrierSetRuntime::load_barrier_on_oop_field_preloaded(oopDesc*, oopDesc**)}
  0x00007630a42ecdec: 488b fae8 | 9cf3 1b18 | 488b d04c | 8b04 244c | 8b5c 2408 | c5f8 7748 | 83c4 10e9 | 0aed ffff 
  0x00007630a42ece0c: 498b 7228 | 4883 ec10 | 4c89 5424 | 0848 8bfe | 498d 7228 

  0x00007630a42ece20: ;   {runtime_call ZBarrierSetRuntime::load_barrier_on_oop_field_preloaded(oopDesc*, oopDesc**)}
  0x00007630a42ece20: e86b f31b | 1848 8bf0 | 4c8b 5424 | 08c5 f877 | 4883 c410 | e90e edff | ff49 8b4a | 2848 83ec 
  0x00007630a42ece40: 104c 8954 | 2408 4889 | 0424 498d | 7228 488b 

  0x00007630a42ece50: ;   {runtime_call ZBarrierSetRuntime::load_barrier_on_oop_field_preloaded(oopDesc*, oopDesc**)}
  0x00007630a42ece50: f9e8 3af3 | 1b18 488b | c848 8b04 | 244c 8b54 | 2408 c5f8 | 7748 83c4 | 10e9 fdec | ffff 498b 
  0x00007630a42ece70: 7a58 4883 | ec20 4c89 | 5424 1848 | 894c 2410 | 4889 4424 | 0849 8d72 

  0x00007630a42ece88: ;   {runtime_call ZBarrierSetRuntime::load_barrier_on_oop_field_preloaded(oopDesc*, oopDesc**)}
  0x00007630a42ece88: 58e8 02f3 | 1b18 488b | f848 8b44 | 2408 488b | 4c24 104c | 8b54 2418 | c5f8 7748 | 83c4 20e9 
  0x00007630a42ecea8: d6ec ffff | 498b 5248 | 4883 ec20 | 4c89 5424 | 1848 894c | 2410 4889 | 7c24 0849 | 8d72 4848 
  0x00007630a42ecec8: ;   {runtime_call ZBarrierSetRuntime::load_barrier_on_oop_field_preloaded(oopDesc*, oopDesc**)}
  0x00007630a42ecec8: 8bfa e8c1 | f21b 1848 | 8bd0 488b | 7c24 0848 | 8b4c 2410 | 4c8b 5424 | 18c5 f877 | 4883 c420 
  0x00007630a42ecee8: e9c7 ecff | ff49 8bb5 | e000 0000 | 4883 ec20 | 4c89 5c24 | 184c 8944 | 2410 4889 | 5424 0848 
  0x00007630a42ecf08: 8bfe 498d | b5e0 0000 

  0x00007630a42ecf10: ;   {runtime_call ZBarrierSetRuntime::load_barrier_on_oop_field_preloaded(oopDesc*, oopDesc**)}
  0x00007630a42ecf10: 00e8 7af2 | 1b18 488b | f048 8b54 | 2408 4c8b | 4424 104c | 8b5c 2418 | c5f8 7748 | 83c4 20e9 
  0x00007630a42ecf30: e1ec ffff | 498b 5230 | 4883 ec10 | 4c89 5424 | 0848 890c | 2449 8d72 | 3048 8bfa 

  0x00007630a42ecf4c: ;   {runtime_call ZBarrierSetRuntime::load_barrier_on_oop_field_preloaded(oopDesc*, oopDesc**)}
  0x00007630a42ecf4c: e83f f21b | 1848 8bd0 | 488b 0c24 | 4c8b 5424 | 08c5 f877 | 4883 c410 | e92b edff | ff49 8b52 
  0x00007630a42ecf6c: 3848 83ec | 204c 8954 | 2418 4889 | 4c24 1048 | 897c 2408 | 498d 7238 

  0x00007630a42ecf84: ;   {runtime_call ZBarrierSetRuntime::load_barrier_on_oop_field_preloaded(oopDesc*, oopDesc**)}
  0x00007630a42ecf84: 488b fae8 | 04f2 1b18 | 488b d048 | 8b7c 2408 | 488b 4c24 | 104c 8b54 | 2418 c5f8 | 7748 83c4 
  0x00007630a42ecfa4: 20e9 1ded | ffff 498b | b5c0 0000 | 0048 83ec | 104c 895c | 2408 4889 | 1424 488b | fe49 8db5 
  0x00007630a42ecfc4: c000 0000 

  0x00007630a42ecfc8: ;   {runtime_call ZBarrierSetRuntime::load_barrier_on_oop_field_preloaded(oopDesc*, oopDesc**)}
  0x00007630a42ecfc8: e8c3 f11b | 1848 8bf0 | 488b 1424 | 4c8b 5c24 | 08c5 f877 | 4883 c410 | e921 edff | ff4d 8b95 
  0x00007630a42ecfe8: f800 0000 | 4883 ec20 | 4c89 5c24 | 1848 8954 | 2410 4889 | 7424 0849 | 8db5 f800 | 0000 498b 
  0x00007630a42ed008: ;   {runtime_call ZBarrierSetRuntime::load_barrier_on_oop_field_preloaded(oopDesc*, oopDesc**)}
  0x00007630a42ed008: fae8 82f1 | 1b18 4c8b | d048 8b74 | 2408 488b | 5424 104c | 8b5c 2418 | c5f8 7748 | 83c4 20e9 
  0x00007630a42ed028: ebec ffff | 498b 5250 | 4883 ec20 | 4c89 5424 | 1848 894c | 2410 4889 | 7c24 0849 | 8d72 5048 
  0x00007630a42ed048: ;   {runtime_call ZBarrierSetRuntime::load_barrier_on_oop_field_preloaded(oopDesc*, oopDesc**)}
  0x00007630a42ed048: 8bfa e841 | f11b 1848 | 8bd0 488b | 7c24 0848 | 8b4c 2410 | 4c8b 5424 | 18c5 f877 | 4883 c420 
  0x00007630a42ed068: e9f6 ecff | ff49 8b52 | 4048 83ec | 104c 8954 | 2408 4889 | 0c24 498d | 7240 488b 

  0x00007630a42ed084: ;   {runtime_call ZBarrierSetRuntime::load_barrier_on_oop_field_preloaded(oopDesc*, oopDesc**)}
  0x00007630a42ed084: fae8 06f1 | 1b18 488b | d048 8b0c | 244c 8b54 | 2408 c5f8 | 7748 83c4 | 10e9 f5ec | ffff 498b 
  0x00007630a42ed0a4: 7218 4883 | ec10 4c89 | 5424 0848 | 8914 2448 | 8bfe 498d 

  0x00007630a42ed0b8: ;   {runtime_call ZBarrierSetRuntime::load_barrier_on_oop_field_preloaded(oopDesc*, oopDesc**)}
  0x00007630a42ed0b8: 7218 e8d1 | f01b 1848 | 8bf0 488b | 1424 4c8b | 5424 08c5 | f877 4883 | c410 e943 

  0x00007630a42ed0d4: ;   {internal_word}
  0x00007630a42ed0d4: f5ff ff49 | bab9 b82e | a430 7600 | 004d 8997 | 7004 0000 

  0x00007630a42ed0e8: ;   {runtime_call SafepointBlob}
  0x00007630a42ed0e8: e913 687c 

  0x00007630a42ed0ec: ;   {runtime_call StubRoutines (final stubs)}
  0x00007630a42ed0ec: ffe8 eed6 | 7aff e9e7 | e1ff fff4 
[Stub Code]
  0x00007630a42ed0f8: ;   {no_reloc}
  0x00007630a42ed0f8: 48bb 0000 | 0000 0000 

  0x00007630a42ed100: ;   {runtime_call nmethod}
  0x00007630a42ed100: 0000 e9fb 

  0x00007630a42ed104: ;   {static_stub}
  0x00007630a42ed104: ffff ff48 | bb38 d76a | e82b 7600 

  0x00007630a42ed110: ;   {runtime_call I2C/C2I adapters}
  0x00007630a42ed110: 00e9 74a8 

  0x00007630a42ed114: ;   {static_stub}
  0x00007630a42ed114: 7bff 48bb | 0000 0000 | 0000 0000 

  0x00007630a42ed120: ;   {runtime_call nmethod}
  0x00007630a42ed120: e9fb ffff 

  0x00007630a42ed124: ;   {static_stub}
  0x00007630a42ed124: ff48 bb00 | 0000 0000 

  0x00007630a42ed12c: ;   {runtime_call nmethod}
  0x00007630a42ed12c: 0000 00e9 | fbff ffff 

  0x00007630a42ed134: ;   {static_stub}
  0x00007630a42ed134: 48bb 0000 | 0000 0000 

  0x00007630a42ed13c: ;   {runtime_call nmethod}
  0x00007630a42ed13c: 0000 e9fb 

  0x00007630a42ed140: ;   {static_stub}
  0x00007630a42ed140: ffff ff48 | bbe0 14bd | e82b 7600 

  0x00007630a42ed14c: ;   {runtime_call I2C/C2I adapters}
  0x00007630a42ed14c: 00e9 4541 

  0x00007630a42ed150: ;   {static_stub}
  0x00007630a42ed150: 88ff 48bb | 7816 bde8 | 2b76 0000 

  0x00007630a42ed15c: ;   {runtime_call I2C/C2I adapters}
  0x00007630a42ed15c: e936 4188 

  0x00007630a42ed160: ;   {static_stub}
  0x00007630a42ed160: ff48 bb00 | 0000 0000 

  0x00007630a42ed168: ;   {runtime_call nmethod}
  0x00007630a42ed168: 0000 00e9 | fbff ffff 

  0x00007630a42ed170: ;   {static_stub}
  0x00007630a42ed170: 48bb 0000 | 0000 0000 

  0x00007630a42ed178: ;   {runtime_call nmethod}
  0x00007630a42ed178: 0000 e9fb 

  0x00007630a42ed17c: ;   {static_stub}
  0x00007630a42ed17c: ffff ff48 | bb00 0000 | 0000 0000 

  0x00007630a42ed188: ;   {runtime_call nmethod}
  0x00007630a42ed188: 00e9 fbff 

  0x00007630a42ed18c: ;   {static_stub}
  0x00007630a42ed18c: ffff 48bb | 0000 0000 | 0000 0000 

  0x00007630a42ed198: ;   {runtime_call nmethod}
  0x00007630a42ed198: e9fb ffff 

  0x00007630a42ed19c: ;   {static_stub}
  0x00007630a42ed19c: ff48 bb00 | 0000 0000 

  0x00007630a42ed1a4: ;   {runtime_call nmethod}
  0x00007630a42ed1a4: 0000 00e9 | fbff ffff 

  0x00007630a42ed1ac: ;   {static_stub}
  0x00007630a42ed1ac: 48bb 0000 | 0000 0000 

  0x00007630a42ed1b4: ;   {runtime_call nmethod}
  0x00007630a42ed1b4: 0000 e9fb 

  0x00007630a42ed1b8: ;   {static_stub}
  0x00007630a42ed1b8: ffff ff48 | bbb0 816c | e82b 7600 

  0x00007630a42ed1c4: ;   {runtime_call I2C/C2I adapters}
  0x00007630a42ed1c4: 00e9 3d6f 

  0x00007630a42ed1c8: ;   {static_stub}
  0x00007630a42ed1c8: 7cff 48bb | c015 65e8 | 2b76 0000 

  0x00007630a42ed1d4: ;   {runtime_call I2C/C2I adapters}
  0x00007630a42ed1d4: e932 8f7c 

  0x00007630a42ed1d8: ;   {static_stub}
  0x00007630a42ed1d8: ff48 bb00 | 0000 0000 

  0x00007630a42ed1e0: ;   {runtime_call nmethod}
  0x00007630a42ed1e0: 0000 00e9 | fbff ffff 

  0x00007630a42ed1e8: ;   {static_stub}
  0x00007630a42ed1e8: 48bb 0000 | 0000 0000 

  0x00007630a42ed1f0: ;   {runtime_call nmethod}
  0x00007630a42ed1f0: 0000 e9fb 

  0x00007630a42ed1f4: ;   {static_stub}
  0x00007630a42ed1f4: ffff ff48 | bb00 0000 | 0000 0000 

  0x00007630a42ed200: ;   {runtime_call nmethod}
  0x00007630a42ed200: 00e9 fbff 

  0x00007630a42ed204: ;   {runtime_call ExceptionBlob}
  0x00007630a42ed204: ffff e9f5 | db87 ffe8 | 0000 0000 | 4883 2c24 

  0x00007630a42ed214: ;   {runtime_call DeoptimizationBlob}
  0x00007630a42ed214: 05e9 8659 | 7cff f4f4 | f4f4 f4f4 
[/MachCode]


Compiled method (c2) 3640824 2735 %     4       org.agrona.concurrent.AgentRunner::workLoop @ 0 (17 bytes)
 total in heap  [0x00007630a4322210,0x00007630a43225d0] = 960
 relocation     [0x00007630a4322368,0x00007630a4322398] = 48
 main code      [0x00007630a43223a0,0x00007630a43224a8] = 264
 stub code      [0x00007630a43224a8,0x00007630a43224d0] = 40
 oops           [0x00007630a43224d0,0x00007630a43224d8] = 8
 metadata       [0x00007630a43224d8,0x00007630a43224e8] = 16
 scopes data    [0x00007630a43224e8,0x00007630a4322530] = 72
 scopes pcs     [0x00007630a4322530,0x00007630a43225a0] = 112
 dependencies   [0x00007630a43225a0,0x00007630a43225a8] = 8
 handler table  [0x00007630a43225a8,0x00007630a43225c0] = 24
 nul chk table  [0x00007630a43225c0,0x00007630a43225d0] = 16

[Constant Pool (empty)]

[MachCode]
[Verified Entry Point]
  # {method} {0x0000762be86ce538} 'workLoop' '(Lorg/agrona/concurrent/IdleStrategy;Lorg/agrona/concurrent/Agent;)V' in 'org/agrona/concurrent/AgentRunner'
  0x00007630a43223a0: ;   {runtime_call os::breakpoint()}
  0x00007630a43223a0: e8cb e3df | 1766 6666 | 0f1f 8400 | 0000 0000 | 8984 2400 | c0fe ff55 | 4883 ec30 | 4181 7f58 
  0x00007630a43223c0: 1049 0000 | 0f85 ce00 | 0000 488b | 6e10 488b | 5e08 4c8b | 2648 8bfe | 49ba a063 | 1dbc 3076 
  0x00007630a43223e0: 0000 41ff 

  0x00007630a43223e4: ;   {other}
  0x00007630a43223e4: d20f 1f84 | 0000 0000 | 0044 8b5d 

  0x00007630a43223f0: ;   {metadata('org/agrona/concurrent/AgentRunner')}
  0x00007630a43223f0: 0841 81fb | 5834 0a01 | 755a eb38 | 0f1f 4000 | 488b f548 | 8bd3 498b | cc48 895c | 2410 4c89 
  0x00007630a4322410: ;   {optimized virtual_call}
  0x00007630a4322410: 6424 18e8 

  0x00007630a4322414: ; ImmutableOopMap {rbp=Oop [16]=Oop [24]=Oop }
                      ;*invokevirtual doWork {reexecute=0 rethrow=0 return_oop=0}
                      ; - org.agrona.concurrent.AgentRunner::workLoop@10 (line 304)
  0x00007630a4322414: a88e fcff 

  0x00007630a4322418: ;   {other}
  0x00007630a4322418: 0f1f 8400 | 0802 0000 | 4d8b 9760 

  0x00007630a4322424: ; ImmutableOopMap {rbp=Oop [16]=Oop [24]=Oop }
                      ;*goto {reexecute=1 rethrow=0 return_oop=0}
                      ; - (reexecute) org.agrona.concurrent.AgentRunner::workLoop@13 (line 304)
                      ;   {poll}
  0x00007630a4322424: 0400 0041 | 8502 488b | 5c24 104c | 8b64 2418 | 440f b655 | 0c45 85d2 | 75c2 be45 | ffff ff41 
  0x00007630a4322444: ;   {runtime_call UncommonTrapBlob}
  0x00007630a4322444: 8bea 90e8 

  0x00007630a4322448: ; ImmutableOopMap {}
                      ;*ifeq {reexecute=1 rethrow=0 return_oop=0}
                      ; - (reexecute) org.agrona.concurrent.AgentRunner::workLoop@4 (line 302)
  0x00007630a4322448: b403 79ff 

  0x00007630a432244c: ;   {other}
  0x00007630a432244c: 0f1f 8400 | 3c02 0002 | be8d ffff | ff48 891c | 244c 8964 

  0x00007630a4322460: ;   {runtime_call UncommonTrapBlob}
  0x00007630a4322460: 2408 90e8 

  0x00007630a4322464: ; ImmutableOopMap {rbp=Oop [0]=Oop [8]=Oop }
                      ;*aload_0 {reexecute=0 rethrow=0 return_oop=0}
                      ; - org.agrona.concurrent.AgentRunner::workLoop@0 (line 302)
  0x00007630a4322464: 9803 79ff 

  0x00007630a4322468: ;   {other}
  0x00007630a4322468: 0f1f 8400 | 5802 0003 | 488b f048 | 83c4 305d 

  0x00007630a4322478: ;   {runtime_call _rethrow_Java}
  0x00007630a4322478: e903 2a85 | ffbe 76ff | ffff 488b | eb4c 8924 

  0x00007630a4322488: ;   {runtime_call UncommonTrapBlob}
  0x00007630a4322488: 2466 90e8 

  0x00007630a432248c: ; ImmutableOopMap {rbp=Oop [0]=Oop }
                      ;*aload_0 {reexecute=0 rethrow=0 return_oop=0}
                      ; - org.agrona.concurrent.AgentRunner::workLoop@0 (line 302)
  0x00007630a432248c: 7003 79ff 

  0x00007630a4322490: ;   {other}
  0x00007630a4322490: 0f1f 8400 | 8002 0004 

  0x00007630a4322498: ;   {runtime_call StubRoutines (final stubs)}
  0x00007630a4322498: e843 8377 | ffe9 28ff | ffff f4f4 | f4f4 f4f4 
[Stub Code]
  0x00007630a43224a8: ;   {no_reloc}
  0x00007630a43224a8: 48bb 0000 | 0000 0000 

  0x00007630a43224b0: ;   {runtime_call nmethod}
  0x00007630a43224b0: 0000 e9fb 

  0x00007630a43224b4: ;   {runtime_call ExceptionBlob}
  0x00007630a43224b4: ffff ffe9 | 4489 84ff 
[Deopt Handler Code]
  0x00007630a43224bc: e800 0000 | 0048 832c 

  0x00007630a43224c4: ;   {runtime_call DeoptimizationBlob}
  0x00007630a43224c4: 2405 e9d5 | 0679 fff4 | f4f4 f4f4 
[/MachCode]


---------------  P R O C E S S  ---------------

Threads class SMR info:
_java_thread_list=0x0000762b98042f40, length=35, elements={
0x00007630b40e9970, 0x00007630b4192600, 0x00007630b4193ff0, 0x00007630b4195c30,
0x00007630b41976f0, 0x00007630b4199110, 0x00007630b419b150, 0x00007630b419cc90,
0x00007630b41f86d0, 0x00007630b41fb740, 0x00007630b4493df0, 0x00007630b4495050,
0x00007630b4496600, 0x00007630b4497cb0, 0x00007630b461e870, 0x0000762b84001030,
0x0000762b840026f0, 0x00007630b4699580, 0x00007630b46ce2b0, 0x00007630b46cf590,
0x0000762b18001990, 0x00007630b47db890, 0x00007630b47e3fe0, 0x0000762b446f4b60,
0x0000762b446f6120, 0x0000762b446f7080, 0x0000762b446f83c0, 0x0000762b446f9d60,
0x0000762b446fb460, 0x0000762b446fcb90, 0x0000762b446fe2d0, 0x0000762b446ff8f0,
0x0000762b44700eb0, 0x0000762b44729c00, 0x0000762b4472e1d0
}

Java Threads: ( => current thread )
  0x00007630b40e9970 JavaThread "main"                              [_thread_blocked, id=311087, stack(0x00007630bb300000,0x00007630bb400000) (1024K)]
  0x00007630b4192600 JavaThread "Reference Handler"          daemon [_thread_blocked, id=311115, stack(0x000076307e9fb000,0x000076307eafb000) (1024K)]
  0x00007630b4193ff0 JavaThread "Finalizer"                  daemon [_thread_blocked, id=311116, stack(0x000076307e300000,0x000076307e400000) (1024K)]
  0x00007630b4195c30 JavaThread "Signal Dispatcher"          daemon [_thread_blocked, id=311117, stack(0x000076307e200000,0x000076307e300000) (1024K)]
  0x00007630b41976f0 JavaThread "Service Thread"             daemon [_thread_blocked, id=311118, stack(0x000076307e100000,0x000076307e200000) (1024K)]
  0x00007630b4199110 JavaThread "Monitor Deflation Thread"   daemon [_thread_blocked, id=311119, stack(0x000076307e000000,0x000076307e100000) (1024K)]
  0x00007630b419b150 JavaThread "C2 CompilerThread0"         daemon [_thread_blocked, id=311120, stack(0x000076307df00000,0x000076307e000000) (1024K)]
  0x00007630b419cc90 JavaThread "C1 CompilerThread0"         daemon [_thread_blocked, id=311121, stack(0x000076307de00000,0x000076307df00000) (1024K)]
  0x00007630b41f86d0 JavaThread "Notification Thread"        daemon [_thread_blocked, id=311124, stack(0x000076307da30000,0x000076307db30000) (1024K)]
  0x00007630b41fb740 JavaThread "Common-Cleaner"             daemon [_thread_blocked, id=311125, stack(0x000076307d930000,0x000076307da30000) (1024K)]
  0x00007630b4493df0 JavaThread "aeron-md-nra"                      [_thread_blocked, id=311147, stack(0x000076307d630000,0x000076307d730000) (1024K)]
  0x00007630b4495050 JavaThread "driver-conductor"                  [_thread_in_native, id=311148, stack(0x000076307d530000,0x000076307d630000) (1024K)]
=>0x00007630b4496600 JavaThread "sender"                            [_thread_in_Java, id=311149, stack(0x000076307d430000,0x000076307d530000) (1024K)]
  0x00007630b4497cb0 JavaThread "receiver"                          [_thread_blocked, id=311150, stack(0x000076307d330000,0x000076307d430000) (1024K)]
  0x00007630b461e870 JavaThread "archive-conductor"                 [_thread_blocked, id=311157, stack(0x000076307cc2e000,0x000076307cd2e000) (1024K)]
  0x0000762b84001030 JavaThread "archive-recorder"                  [_thread_blocked, id=311158, stack(0x000076307cb2e000,0x000076307cc2e000) (1024K)]
  0x0000762b840026f0 JavaThread "archive-replayer"                  [_thread_blocked, id=311159, stack(0x000076307ca2e000,0x000076307cb2e000) (1024K)]
  0x00007630b4699580 JavaThread "consensus-module-0-1"              [_thread_blocked, id=311161, stack(0x000076307c72c000,0x000076307c82c000) (1024K)]
  0x00007630b46ce2b0 JavaThread "archive-conductor"                 [_thread_blocked, id=311187, stack(0x000076307c42a000,0x000076307c52a000) (1024K)]
  0x00007630b46cf590 JavaThread "settlement-journal-writer"         [_thread_blocked, id=311188, stack(0x000076307c32a000,0x000076307c42a000) (1024K)]
  0x0000762b18001990 JavaThread "aeron-client"                      [_thread_blocked, id=311189, stack(0x000076307c128000,0x000076307c228000) (1024K)]
  0x00007630b47db890 JavaThread "aeron-client"                      [_thread_blocked, id=311192, stack(0x000076307c028000,0x000076307c128000) (1024K)]
  0x00007630b47e3fe0 JavaThread "clustered-service-0-0"             [_thread_blocked, id=311194, stack(0x0000762bb109d000,0x0000762bb119d000) (1024K)]
  0x0000762b446f4b60 JavaThread "market-flush-2"             daemon [_thread_blocked, id=311245, stack(0x000076307ce2e000,0x000076307cf2e000) (1024K)]
  0x0000762b446f6120 JavaThread "publisher-market-2"         daemon [_thread_in_Java, id=311246, stack(0x0000762bb0f9d000,0x0000762bb109d000) (1024K)]
  0x0000762b446f7080 JavaThread "market-flush-3"             daemon [_thread_blocked, id=311247, stack(0x0000762bb0e0b000,0x0000762bb0f0b000) (1024K)]
  0x0000762b446f83c0 JavaThread "publisher-market-3"         daemon [_thread_in_Java, id=311248, stack(0x0000762bb0d0b000,0x0000762bb0e0b000) (1024K)]
  0x0000762b446f9d60 JavaThread "market-flush-1"             daemon [_thread_blocked, id=311249, stack(0x0000762bb0c0b000,0x0000762bb0d0b000) (1024K)]
  0x0000762b446fb460 JavaThread "publisher-market-1"         daemon [_thread_in_Java, id=311250, stack(0x0000762bb0b0b000,0x0000762bb0c0b000) (1024K)]
  0x0000762b446fcb90 JavaThread "market-flush-5"             daemon [_thread_blocked, id=311251, stack(0x0000762bb0a0b000,0x0000762bb0b0b000) (1024K)]
  0x0000762b446fe2d0 JavaThread "publisher-market-5"         daemon [_thread_in_Java, id=311252, stack(0x0000762bb090b000,0x0000762bb0a0b000) (1024K)]
  0x0000762b446ff8f0 JavaThread "market-flush-4"             daemon [_thread_blocked, id=311253, stack(0x0000762bb080b000,0x0000762bb090b000) (1024K)]
  0x0000762b44700eb0 JavaThread "publisher-market-4"         daemon [_thread_in_Java, id=311254, stack(0x0000762bb070b000,0x0000762bb080b000) (1024K)]
  0x0000762b44729c00 JavaThread "idle-timeout-task"          daemon [_thread_blocked, id=311255, stack(0x0000762bb060b000,0x0000762bb070b000) (1024K)]
  0x0000762b4472e1d0 JavaThread "HTTP-Dispatcher"                   [_thread_in_native, id=311256, stack(0x0000762bb050b000,0x0000762bb060b000) (1024K)]
Total: 35

Other Threads:
  0x00007630b4185d70 VMThread "VM Thread"                           [id=311114, stack(0x000076307eafc000,0x000076307ebfc000) (1024K)]
  0x00007630b4153f30 WatcherThread "VM Periodic Task Thread"        [id=311113, stack(0x000076307ebfd000,0x000076307ecfd000) (1024K)]
  0x00007630b41157c0 ConcurrentGCThread "ZDirector"                 [id=311104, stack(0x00007630b3f00000,0x00007630b4000000) (1024K)]
  0x00007630b413dff0 ConcurrentGCThread "ZDriverMajor"              [id=311103, stack(0x00007630b80f4000,0x00007630b81f4000) (1024K)]
  0x00007630b413ca20 ConcurrentGCThread "ZDriverMinor"              [id=311102, stack(0x00007630b81f5000,0x00007630b82f5000) (1024K)]
  0x00007630b4140450 ConcurrentGCThread "ZStat"                     [id=311105, stack(0x000076309c500000,0x000076309c600000) (1024K)]
  0x00007630b410c780 ConcurrentGCThread "ZUnmapper"                 [id=311088, stack(0x00007630bb02e000,0x00007630bb12e000) (1024K)]
  0x00007630b4000e10 ConcurrentGCThread "ZUncommitter"              [id=311089, stack(0x00007630baf2d000,0x00007630bb02d000) (1024K)]
  0x00007630b4135bd0 WorkerThread "ZWorkerYoung#0"                  [id=311096, stack(0x00007630b87fb000,0x00007630b88fb000) (1024K)]
  0x00007630b4136e10 WorkerThread "ZWorkerYoung#1"                  [id=311097, stack(0x00007630b86fa000,0x00007630b87fa000) (1024K)]
  0x00007630b4138050 WorkerThread "ZWorkerYoung#2"                  [id=311098, stack(0x00007630b85f9000,0x00007630b86f9000) (1024K)]
  0x00007630b4139290 WorkerThread "ZWorkerYoung#3"                  [id=311099, stack(0x00007630b84f8000,0x00007630b85f8000) (1024K)]
  0x00007630b413a4d0 WorkerThread "ZWorkerYoung#4"                  [id=311100, stack(0x00007630b83f7000,0x00007630b84f7000) (1024K)]
  0x00007630b413b710 WorkerThread "ZWorkerYoung#5"                  [id=311101, stack(0x00007630b82f6000,0x00007630b83f6000) (1024K)]
  0x00007630b412e010 WorkerThread "ZWorkerOld#0"                    [id=311090, stack(0x00007630bae2c000,0x00007630baf2c000) (1024K)]
  0x00007630b4130160 WorkerThread "ZWorkerOld#1"                    [id=311091, stack(0x00007630b8d00000,0x00007630b8e00000) (1024K)]
  0x00007630b4131290 WorkerThread "ZWorkerOld#2"                    [id=311092, stack(0x00007630b8bff000,0x00007630b8cff000) (1024K)]
  0x00007630b41324d0 WorkerThread "ZWorkerOld#3"                    [id=311093, stack(0x00007630b8afe000,0x00007630b8bfe000) (1024K)]
  0x00007630b4133710 WorkerThread "ZWorkerOld#4"                    [id=311094, stack(0x00007630b89fd000,0x00007630b8afd000) (1024K)]
  0x00007630b4134950 WorkerThread "ZWorkerOld#5"                    [id=311095, stack(0x00007630b88fc000,0x00007630b89fc000) (1024K)]
  0x00007630b4141750 WorkerThread "RuntimeWorker#0"                 [id=311106, stack(0x000076309c3ff000,0x000076309c4ff000) (1024K)]
  0x00007630b4142990 WorkerThread "RuntimeWorker#1"                 [id=311107, stack(0x000076309c2fe000,0x000076309c3fe000) (1024K)]
  0x00007630b4143bd0 WorkerThread "RuntimeWorker#2"                 [id=311108, stack(0x000076309c1fd000,0x000076309c2fd000) (1024K)]
  0x00007630b4144e10 WorkerThread "RuntimeWorker#3"                 [id=311109, stack(0x000076309c0fc000,0x000076309c1fc000) (1024K)]
  0x00007630b4146050 WorkerThread "RuntimeWorker#4"                 [id=311110, stack(0x000076307ef00000,0x000076307f000000) (1024K)]
  0x00007630b4147290 WorkerThread "RuntimeWorker#5"                 [id=311111, stack(0x000076307edff000,0x000076307eeff000) (1024K)]
  0x00007630b41484d0 WorkerThread "RuntimeWorker#6"                 [id=311112, stack(0x000076307ecfe000,0x000076307edfe000) (1024K)]
Total: 27

Threads with active compile tasks:
Total: 0

VM state: not at safepoint (normal execution)

VM Mutex/Monitor currently owned by a thread: None

CDS archive(s) mapped at: [0x0000762bf3000000-0x0000762bf3cff000-0x0000762bf3cff000), size 13627392, SharedBaseAddress: 0x0000762bf3000000, ArchiveRelocationMode: 1.
Compressed class space mapped at: 0x0000762bf4000000-0x0000762c34000000, reserved size: 1073741824
Narrow klass base: 0x0000762bf3000000, Narrow klass shift: 0, Narrow klass range: 0x100000000

GC Precious Log:
 NUMA Support: Disabled
 CPUs: 24 total, 24 available
 Memory: 31853M
 Large Page Support: Disabled
 Address Space Type: Contiguous/Unrestricted/Complete
 Address Space Size: 12288M
 Heap Backing File: /memfd:java_heap
 Heap Backing Filesystem: tmpfs (0x1021994)
 Min Capacity: 768M
 Initial Capacity: 768M
 Max Capacity: 768M
 Soft Max Capacity: 768M
 Medium Page Size: 16M
 Pre-touch: Disabled
 Available space on backing filesystem: N/A
 Uncommit: Implicitly Disabled (-Xms equals -Xmx)
 GC Workers for Old Generation: 6 (dynamic)
 GC Workers for Young Generation: 6 (dynamic)
 GC Workers Max: 6 (dynamic)
 Runtime Workers: 7

ZGC Globals:
 Young Collection:   Relocate/17
 Old Collection:     Relocate/16
 Offset Max:         4096G (0x0000040000000000)
 Page Size Small:    2M
 Page Size Medium:   16M

ZGC Metadata Bits:
 LoadGood:           0x0000000000004000
 LoadBad:            0x000000000000b000
 MarkGood:           0x0000000000004900
 MarkBad:            0x000000000000b6c0
 StoreGood:          0x0000000000004910
 StoreBad:           0x000000000000b6e0
 ------------------- 
 Remapped:           0x0000000000004000
 RemappedYoung:      0x0000000000005000
 RemappedOld:        0x000000000000c000
 MarkedYoung:        0x0000000000000100
 MarkedOld:          0x0000000000000800
 Remembered:         0x0000000000000010

Heap:
 ZHeap           used 382M, capacity 768M, max capacity 768M
 Metaspace       used 15947K, committed 16448K, reserved 1114112K
  class space    used 1238K, committed 1472K, reserved 1048576K

ZGC Page Table:
 Small   0x0000000000000000 0x0000000000200000 0x0000000000200000 O/4     Relocatable
 Small   0x0000000000200000 0x0000000000400000 0x0000000000400000 O/4     Relocatable
 Medium  0x0000000000400000 0x0000000000a4f800 0x0000000001400000 O/6     Relocatable
 Small   0x0000000001400000 0x00000000015e0198 0x0000000001600000 O/4     Relocatable
 Small   0x0000000001600000 0x00000000017f01f8 0x0000000001800000 O/4     Relocatable
 Small   0x0000000001800000 0x00000000019f0190 0x0000000001a00000 O/4     Relocatable
 Small   0x0000000001a00000 0x0000000001bf01d8 0x0000000001c00000 O/4     Relocatable
 Small   0x0000000001c00000 0x0000000001de01b8 0x0000000001e00000 O/4     Relocatable
 Small   0x0000000001e00000 0x0000000001ff01a8 0x0000000002000000 O/4     Relocatable
 Small   0x0000000002000000 0x00000000021f01c8 0x0000000002200000 O/4     Relocatable
 Small   0x0000000002200000 0x0000000002400000 0x0000000002400000 O/4     Relocatable
 Small   0x0000000002400000 0x0000000002600000 0x0000000002600000 O/4     Relocatable
 Large   0x0000000002600000 0x0000000002a00000 0x0000000002a00000 O/4     Relocatable
 Small   0x0000000002a00000 0x0000000002bfffd8 0x0000000002c00000 O/5     Relocatable
 Small   0x0000000002c00000 0x0000000002dfffc8 0x0000000002e00000 Y/17    Allocating 
 Small   0x0000000002e00000 0x0000000003000000 0x0000000003000000 O/4     Relocatable
 Small   0x0000000003000000 0x0000000003200000 0x0000000003200000 O/4     Relocatable
 Small   0x0000000003200000 0x0000000003400000 0x0000000003400000 O/4     Relocatable
 Small   0x0000000003400000 0x0000000003600000 0x0000000003600000 O/4     Relocatable
 Small   0x0000000003600000 0x0000000003800000 0x0000000003800000 O/4     Relocatable
 Small   0x0000000003800000 0x0000000003a00000 0x0000000003a00000 O/4     Relocatable
 Small   0x0000000003a00000 0x0000000003c00000 0x0000000003c00000 O/4     Relocatable
 Small   0x0000000003c00000 0x0000000003e00000 0x0000000003e00000 O/4     Relocatable
 Small   0x0000000003e00000 0x0000000004000000 0x0000000004000000 O/4     Relocatable
 Small   0x0000000004000000 0x0000000004200000 0x0000000004200000 O/4     Relocatable
 Small   0x0000000004200000 0x0000000004400000 0x0000000004400000 O/4     Relocatable
 Small   0x0000000004400000 0x0000000004600000 0x0000000004600000 O/4     Relocatable
 Small   0x0000000004600000 0x0000000004800000 0x0000000004800000 O/4     Relocatable
 Small   0x0000000004800000 0x0000000004a00000 0x0000000004a00000 O/4     Relocatable
 Small   0x0000000004a00000 0x0000000004c00000 0x0000000004c00000 O/4     Relocatable
 Small   0x0000000004c00000 0x0000000004e00000 0x0000000004e00000 O/4     Relocatable
 Small   0x0000000004e00000 0x0000000005000000 0x0000000005000000 O/4     Relocatable
 Small   0x0000000005000000 0x0000000005200000 0x0000000005200000 Y/17    Allocating 
 Small   0x0000000005200000 0x0000000005400000 0x0000000005400000 O/4     Relocatable
 Small   0x0000000005400000 0x0000000005600000 0x0000000005600000 O/4     Relocatable
 Small   0x0000000005600000 0x0000000005800000 0x0000000005800000 O/4     Relocatable
 Small   0x0000000005800000 0x0000000005a00000 0x0000000005a00000 O/4     Relocatable
 Small   0x0000000005a00000 0x0000000005c00000 0x0000000005c00000 O/4     Relocatable
 Small   0x0000000005c00000 0x0000000005e00000 0x0000000005e00000 O/4     Relocatable
 Small   0x0000000005e00000 0x0000000006000000 0x0000000006000000 O/4     Relocatable
 Small   0x0000000006000000 0x0000000006200000 0x0000000006200000 O/4     Relocatable
 Small   0x0000000006200000 0x0000000006400000 0x0000000006400000 O/4     Relocatable
 Small   0x0000000006400000 0x0000000006600000 0x0000000006600000 O/4     Relocatable
 Small   0x0000000006600000 0x0000000006800000 0x0000000006800000 O/4     Relocatable
 Small   0x0000000006800000 0x0000000006a00000 0x0000000006a00000 O/4     Relocatable
 Small   0x0000000006a00000 0x0000000006c00000 0x0000000006c00000 O/4     Relocatable
 Small   0x0000000006c00000 0x0000000006e00000 0x0000000006e00000 O/4     Relocatable
 Small   0x0000000006e00000 0x0000000007000000 0x0000000007000000 O/4     Relocatable
 Small   0x0000000007000000 0x0000000007200000 0x0000000007200000 O/4     Relocatable
 Small   0x0000000007200000 0x0000000007400000 0x0000000007400000 O/4     Relocatable
 Small   0x0000000007400000 0x0000000007600000 0x0000000007600000 O/4     Relocatable
 Small   0x0000000007800000 0x0000000007a00000 0x0000000007a00000 O/4     Relocatable
 Small   0x0000000007a00000 0x0000000007bf52d0 0x0000000007c00000 O/4     Relocatable
 Small   0x0000000007c00000 0x0000000007dffff0 0x0000000007e00000 O/4     Relocatable
 Small   0x0000000008e00000 0x0000000009000000 0x0000000009000000 O/4     Relocatable
 Small   0x0000000009000000 0x0000000009200000 0x0000000009200000 O/4     Relocatable
 Small   0x0000000009200000 0x0000000009400000 0x0000000009400000 O/4     Relocatable
 Small   0x0000000009400000 0x0000000009600000 0x0000000009600000 O/4     Relocatable
 Small   0x0000000009600000 0x0000000009800000 0x0000000009800000 O/4     Relocatable
 Small   0x0000000009800000 0x0000000009a00000 0x0000000009a00000 O/4     Relocatable
 Small   0x0000000009a00000 0x0000000009c00000 0x0000000009c00000 O/4     Relocatable
 Small   0x0000000009c00000 0x0000000009e00000 0x0000000009e00000 O/4     Relocatable
 Small   0x000000000a000000 0x000000000a1fffd0 0x000000000a200000 O/5     Relocatable
 Small   0x000000000b200000 0x000000000b400000 0x000000000b400000 O/4     Relocatable
 Small   0x000000000b400000 0x000000000b600000 0x000000000b600000 O/4     Relocatable
 Small   0x000000000b600000 0x000000000b800000 0x000000000b800000 O/4     Relocatable
 Small   0x000000000b800000 0x000000000ba00000 0x000000000ba00000 O/4     Relocatable
 Small   0x000000000ba00000 0x000000000bc00000 0x000000000bc00000 O/4     Relocatable
 Small   0x000000000bc00000 0x000000000be00000 0x000000000be00000 O/4     Relocatable
 Small   0x000000000be00000 0x000000000c000000 0x000000000c000000 O/4     Relocatable
 Small   0x000000000c000000 0x000000000c200000 0x000000000c200000 O/4     Relocatable
 Small   0x000000000c200000 0x000000000c400000 0x000000000c400000 O/4     Relocatable
 Small   0x000000000c400000 0x000000000c600000 0x000000000c600000 O/4     Relocatable
 Small   0x000000000c600000 0x000000000c800000 0x000000000c800000 O/4     Relocatable
 Small   0x000000000c800000 0x000000000ca00000 0x000000000ca00000 O/4     Relocatable
 Small   0x000000000ca00000 0x000000000cc00000 0x000000000cc00000 O/4     Relocatable
 Small   0x000000000cc00000 0x000000000ce00000 0x000000000ce00000 O/4     Relocatable
 Small   0x000000000ce00000 0x000000000d000000 0x000000000d000000 O/4     Relocatable
 Small   0x000000000d000000 0x000000000d200000 0x000000000d200000 O/4     Relocatable
 Small   0x000000000d200000 0x000000000d400000 0x000000000d400000 O/4     Relocatable
 Small   0x000000000d400000 0x000000000d600000 0x000000000d600000 O/4     Relocatable
 Small   0x000000000d600000 0x000000000d800000 0x000000000d800000 O/4     Relocatable
 Small   0x000000000d800000 0x000000000da00000 0x000000000da00000 O/4     Relocatable
 Small   0x000000000da00000 0x000000000dc00000 0x000000000dc00000 O/4     Relocatable
 Small   0x000000000dc00000 0x000000000de00000 0x000000000de00000 O/4     Relocatable
 Small   0x000000000de00000 0x000000000e000000 0x000000000e000000 O/4     Relocatable
 Small   0x000000000e000000 0x000000000e200000 0x000000000e200000 O/4     Relocatable
 Small   0x000000000e200000 0x000000000e400000 0x000000000e400000 O/4     Relocatable
 Small   0x000000000e400000 0x000000000e600000 0x000000000e600000 O/4     Relocatable
 Small   0x000000000e600000 0x000000000e800000 0x000000000e800000 O/4     Relocatable
 Small   0x000000000e800000 0x000000000ea00000 0x000000000ea00000 O/4     Relocatable
 Small   0x000000000ea00000 0x000000000ec00000 0x000000000ec00000 O/4     Relocatable
 Small   0x000000000ec00000 0x000000000ee00000 0x000000000ee00000 O/4     Relocatable
 Small   0x000000000ee00000 0x000000000ef2c838 0x000000000f000000 O/16    Allocating 
 Small   0x000000000f000000 0x000000000f1d9538 0x000000000f200000 O/13    Relocatable
 Small   0x0000000010200000 0x0000000010359090 0x0000000010400000 O/15    Relocatable
 Small   0x0000000011400000 0x0000000011600000 0x0000000011600000 O/4     Relocatable
 Small   0x0000000011600000 0x0000000011800000 0x0000000011800000 O/4     Relocatable
 Small   0x0000000011800000 0x0000000011a00000 0x0000000011a00000 O/4     Relocatable
 Small   0x0000000011a00000 0x0000000011c00000 0x0000000011c00000 O/4     Relocatable
 Small   0x0000000011c00000 0x0000000011e00000 0x0000000011e00000 O/4     Relocatable
 Small   0x0000000011e00000 0x0000000012000000 0x0000000012000000 O/4     Relocatable
 Small   0x0000000012000000 0x0000000012200000 0x0000000012200000 O/4     Relocatable
 Small   0x0000000012200000 0x0000000012400000 0x0000000012400000 O/4     Relocatable
 Small   0x0000000012400000 0x0000000012600000 0x0000000012600000 O/4     Relocatable
 Small   0x0000000012600000 0x0000000012800000 0x0000000012800000 O/4     Relocatable
 Small   0x0000000012800000 0x0000000012a00000 0x0000000012a00000 O/4     Relocatable
 Small   0x0000000012a00000 0x0000000012c00000 0x0000000012c00000 O/4     Relocatable
 Small   0x0000000012c00000 0x0000000012e00000 0x0000000012e00000 O/4     Relocatable
 Small   0x0000000012e00000 0x0000000013000000 0x0000000013000000 O/4     Relocatable
 Small   0x0000000013000000 0x0000000013200000 0x0000000013200000 O/4     Relocatable
 Small   0x0000000013200000 0x0000000013400000 0x0000000013400000 O/4     Relocatable
 Small   0x0000000013400000 0x0000000013600000 0x0000000013600000 O/4     Relocatable
 Small   0x0000000013600000 0x0000000013800000 0x0000000013800000 O/4     Relocatable
 Small   0x0000000013800000 0x0000000013a00000 0x0000000013a00000 O/4     Relocatable
 Small   0x0000000013a00000 0x0000000013c00000 0x0000000013c00000 O/4     Relocatable
 Small   0x0000000013c00000 0x0000000013e00000 0x0000000013e00000 O/4     Relocatable
 Small   0x0000000013e00000 0x0000000014000000 0x0000000014000000 O/4     Relocatable
 Small   0x0000000014000000 0x00000000141fff20 0x0000000014200000 O/5     Relocatable
 Small   0x0000000014200000 0x0000000014400000 0x0000000014400000 O/5     Relocatable
 Small   0x0000000014400000 0x0000000014600000 0x0000000014600000 O/5     Relocatable
 Small   0x0000000014600000 0x0000000014800000 0x0000000014800000 O/5     Relocatable
 Small   0x0000000014800000 0x0000000014a00000 0x0000000014a00000 O/5     Relocatable
 Small   0x0000000014a00000 0x0000000014c00000 0x0000000014c00000 O/5     Relocatable
 Small   0x0000000014c00000 0x0000000014e00000 0x0000000014e00000 O/5     Relocatable
 Small   0x0000000014e00000 0x0000000015000000 0x0000000015000000 O/5     Relocatable
 Small   0x0000000015000000 0x0000000015200000 0x0000000015200000 O/5     Relocatable
 Small   0x0000000015200000 0x0000000015400000 0x0000000015400000 O/5     Relocatable
 Small   0x0000000015400000 0x0000000015600000 0x0000000015600000 O/5     Relocatable
 Small   0x0000000015600000 0x0000000015800000 0x0000000015800000 O/5     Relocatable
 Small   0x0000000015800000 0x0000000015a00000 0x0000000015a00000 O/5     Relocatable
 Small   0x0000000015a00000 0x0000000015c00000 0x0000000015c00000 O/5     Relocatable
 Small   0x0000000015c00000 0x0000000015e00000 0x0000000015e00000 O/5     Relocatable
 Small   0x0000000015e00000 0x0000000016000000 0x0000000016000000 O/5     Relocatable
 Small   0x0000000016000000 0x0000000016200000 0x0000000016200000 O/5     Relocatable
 Small   0x0000000016200000 0x0000000016400000 0x0000000016400000 O/5     Relocatable
 Small   0x0000000016400000 0x0000000016600000 0x0000000016600000 O/5     Relocatable
 Small   0x0000000016800000 0x00000000168c0000 0x0000000016a00000 Y/17    Allocating 
 Small   0x0000000016a00000 0x0000000016bffee8 0x0000000016c00000 O/6     Relocatable
 Small   0x0000000016e00000 0x0000000017000000 0x0000000017000000 Y/17    Allocating 
 Small   0x0000000017000000 0x00000000171fffd8 0x0000000017200000 O/5     Relocatable
 Small   0x0000000017200000 0x0000000017400000 0x0000000017400000 Y/17    Allocating 
 Small   0x0000000017800000 0x0000000017a00000 0x0000000017a00000 Y/17    Allocating 
 Small   0x0000000017c00000 0x0000000017c8fb68 0x0000000017e00000 Y/17    Allocating 
 Small   0x0000000017e00000 0x0000000018000000 0x0000000018000000 Y/17    Allocating 
 Small   0x0000000018000000 0x0000000018000050 0x0000000018200000 Y/17    Allocating 
 Small   0x0000000018400000 0x00000000185fff88 0x0000000018600000 O/13    Relocatable
 Small   0x0000000018600000 0x0000000018800000 0x0000000018800000 Y/17    Allocating 
 Small   0x0000000018800000 0x0000000018a00000 0x0000000018a00000 Y/17    Allocating 
 Small   0x0000000018a00000 0x0000000018aa2de0 0x0000000018c00000 O/16    Allocating 
 Small   0x0000000018c00000 0x0000000018dfff98 0x0000000018e00000 Y/17    Allocating 
 Small   0x0000000019000000 0x0000000019200000 0x0000000019200000 Y/17    Allocating 
 Small   0x0000000019200000 0x0000000019400000 0x0000000019400000 Y/17    Allocating 
 Small   0x0000000019400000 0x0000000019600000 0x0000000019600000 Y/17    Allocating 
 Small   0x0000000019600000 0x000000001978e458 0x0000000019800000 O/13    Relocatable
 Small   0x0000000019800000 0x0000000019a00000 0x0000000019a00000 Y/17    Allocating 
 Small   0x0000000019a00000 0x0000000019c00000 0x0000000019c00000 Y/17    Allocating 
 Small   0x0000000019e00000 0x000000001a000000 0x000000001a000000 Y/17    Allocating 
 Small   0x000000001a200000 0x000000001a2716d0 0x000000001a400000 Y/17    Allocating 
 Small   0x000000001a400000 0x000000001a5fff80 0x000000001a600000 O/15    Relocatable
 Small   0x000000001a600000 0x000000001a800000 0x000000001a800000 Y/17    Allocating 
 Small   0x000000001a800000 0x000000001a9ffa08 0x000000001aa00000 O/5     Relocatable
 Small   0x000000001aa00000 0x000000001ac00000 0x000000001ac00000 Y/17    Allocating 
 Small   0x000000001ac00000 0x000000001ae00000 0x000000001ae00000 Y/17    Allocating 
 Small   0x000000001b000000 0x000000001b200000 0x000000001b200000 Y/17    Allocating 
 Small   0x000000001b200000 0x000000001b400000 0x000000001b400000 Y/17    Allocating 
 Small   0x000000001b400000 0x000000001b600000 0x000000001b600000 Y/17    Allocating 
 Small   0x000000001b800000 0x000000001b81d7f8 0x000000001ba00000 Y/17    Allocating 
 Small   0x000000001bc00000 0x000000001bc07208 0x000000001be00000 O/16    Allocating 
 Small   0x000000001be00000 0x000000001c000000 0x000000001c000000 Y/17    Allocating 
 Small   0x000000001c000000 0x000000001c1ffff8 0x000000001c200000 O/5     Relocatable
 Small   0x000000001c200000 0x000000001c400000 0x000000001c400000 Y/17    Allocating 
 Small   0x000000001c400000 0x000000001c600000 0x000000001c600000 Y/17    Allocating 
 Small   0x000000001c600000 0x000000001c7fffc8 0x000000001c800000 O/13    Relocatable
 Small   0x000000001c800000 0x000000001c8ab968 0x000000001ca00000 Y/17    Allocating 
 Small   0x000000001cc00000 0x000000001cdfff88 0x000000001ce00000 O/15    Relocatable
 Small   0x000000001ce00000 0x000000001d000000 0x000000001d000000 Y/17    Allocating 
 Small   0x000000001d000000 0x000000001d063bd0 0x000000001d200000 Y/17    Allocating 
 Small   0x000000001d400000 0x000000001d5fffc0 0x000000001d600000 O/16    Allocating 
 Small   0x000000001d600000 0x000000001d800000 0x000000001d800000 Y/17    Allocating 
 Small   0x000000001da00000 0x000000001dc00000 0x000000001dc00000 Y/17    Allocating 
 Small   0x000000001dc00000 0x000000001de00000 0x000000001de00000 Y/17    Allocating 
 Small   0x000000001de00000 0x000000001dfffd50 0x000000001e000000 Y/17    Allocating 

ZBarrierSet

Polling page: 0x00007630bce38000

Metaspace:

Usage:
  Non-class:     14.36 MB used.
      Class:      1.21 MB used.
       Both:     15.57 MB used.

Virtual space:
  Non-class space:       64.00 MB reserved,      14.62 MB ( 23%) committed,  1 nodes.
      Class space:        1.00 GB reserved,       1.44 MB ( <1%) committed,  1 nodes.
             Both:        1.06 GB reserved,      16.06 MB (  1%) committed. 

Chunk freelists:
   Non-Class:  646.00 KB
       Class:  14.48 MB
        Both:  15.11 MB

MaxMetaspaceSize: unlimited
CompressedClassSpaceSize: 1.00 GB
Initial GC threshold: 21.00 MB
Current GC threshold: 26.69 MB
CDS: on
 - commit_granule_bytes: 65536.
 - commit_granule_words: 8192.
 - virtual_space_node_default_size: 8388608.
 - enlarge_chunks_in_place: 1.
 - use_allocation_guard: 0.


Internal statistics:

num_allocs_failed_limit: 0.
num_arena_births: 740.
num_arena_deaths: 232.
num_vsnodes_births: 2.
num_vsnodes_deaths: 0.
num_space_committed: 257.
num_space_uncommitted: 0.
num_chunks_returned_to_freelist: 287.
num_chunks_taken_from_freelist: 1421.
num_chunk_merges: 64.
num_chunk_splits: 828.
num_chunks_enlarged: 481.
num_inconsistent_stats: 0.

CodeHeap 'non-profiled nmethods': size=119168Kb used=2271Kb max_used=2947Kb free=116896Kb
 bounds [0x00007630a41a0000, 0x00007630a4490000, 0x00007630ab600000]
CodeHeap 'profiled nmethods': size=119164Kb used=2418Kb max_used=5513Kb free=116745Kb
 bounds [0x000076309c600000, 0x000076309cba0000, 0x00007630a3a5f000]
CodeHeap 'non-nmethods': size=7428Kb used=1665Kb max_used=3518Kb free=5763Kb
 bounds [0x00007630a3a5f000, 0x00007630a3ddf000, 0x00007630a41a0000]
CodeCache: size=245760Kb, used=6354Kb, max_used=11978Kb, free=239404Kb
 total_blobs=2749, nmethods=1903, adapters=749, full_count=0
Compilation: enabled, stopped_count=0, restarted_count=0

Compilation events (250 events):
Event: 3297.901 Thread 0x0000762bcc143cb0 5290       4       io.aeron.driver.status.DutyCycleStallTracker::reportMeasurement (37 bytes)
Event: 3297.902 Thread 0x0000762bcc143cb0 nmethod 5290 0x00007630a41a0c90 code [0x00007630a41a0e60, 0x00007630a41a10f8]
Event: 3297.902 Thread 0x00007630b419b150 5291       4       io.aeron.driver.Receiver::checkPendingSetupMessages (138 bytes)
Event: 3297.904 Thread 0x00007630b419b150 nmethod 5291 0x00007630a42c1010 code [0x00007630a42c1200, 0x00007630a42c17e0]
Event: 3297.906 Thread 0x0000762bcc143cb0 5293       4       org.agrona.concurrent.OneToOneConcurrentArrayQueue::poll (57 bytes)
Event: 3297.907 Thread 0x0000762bcc143cb0 nmethod 5293 0x00007630a41ad590 code [0x00007630a41ad720, 0x00007630a41ad908]
Event: 3297.907 Thread 0x0000762bcc143cb0 5294       4       org.agrona.UnsafeApi::getReferenceVolatile (9 bytes)
Event: 3297.907 Thread 0x0000762bcc143cb0 nmethod 5294 0x00007630a43b6d10 code [0x00007630a43b6e80, 0x00007630a43b6f28]
Event: 3297.907 Thread 0x0000762bcc143cb0 5292       4       io.aeron.driver.DutyCycleTracker::measureAndUpdate (18 bytes)
Event: 3297.907 Thread 0x0000762bcc143cb0 nmethod 5292 0x00007630a4202390 code [0x00007630a4202560, 0x00007630a4202828]
Event: 3297.914 Thread 0x00007630b419b150 5295       4       java.util.concurrent.atomic.AtomicLongFieldUpdater$CASUpdater::lazySet (18 bytes)
Event: 3297.914 Thread 0x00007630b419b150 nmethod 5295 0x00007630a41b1910 code [0x00007630a41b1aa0, 0x00007630a41b1c78]
Event: 3298.012 Thread 0x0000762bcc143cb0 5296       4       java.lang.invoke.VarHandle::loadLoadFence (7 bytes)
Event: 3298.012 Thread 0x0000762bcc143cb0 nmethod 5296 0x00007630a43f3a10 code [0x00007630a43f3b80, 0x00007630a43f3be8]
Event: 3298.012 Thread 0x0000762bcc143cb0 5297       4       jdk.internal.misc.Unsafe::loadLoadFence (5 bytes)
Event: 3298.012 Thread 0x0000762bcc143cb0 nmethod 5297 0x00007630a43f4310 code [0x00007630a43f4480, 0x00007630a43f4508]
Event: 3298.090 Thread 0x00007630b419b150 5298       4       com.match.application.orderbook.ArrayOrderBook::predecessorNode (49 bytes)
Event: 3298.091 Thread 0x0000762bcc143560 5299       4       com.match.application.orderbook.ArrayOrderBook::getLevelPrice (7 bytes)
Event: 3298.091 Thread 0x0000762bcc143cb0 5300       4       com.match.application.orderbook.ArrayOrderBook::nextLevel (21 bytes)
Event: 3298.091 Thread 0x0000762bcc143560 nmethod 5299 0x00007630a42bc590 code [0x00007630a42bc720, 0x00007630a42bc828]
Event: 3298.091 Thread 0x0000762bcc143560 5301       4       com.match.application.orderbook.ArrayOrderBook::getTotalQuantity (15 bytes)
Event: 3298.091 Thread 0x0000762bcc143560 nmethod 5301 0x00007630a43d7d10 code [0x00007630a43d7ea0, 0x00007630a43d7fc8]
Event: 3298.091 Thread 0x00007630b419b150 nmethod 5298 0x00007630a41a4690 code [0x00007630a41a4820, 0x00007630a41a4b20]
Event: 3298.092 Thread 0x0000762bcc143cb0 nmethod 5300 0x00007630a42ae690 code [0x00007630a42ae840, 0x00007630a42aec80]
Event: 3298.099 Thread 0x0000762bcc143cb0 5302       4       com.match.application.orderbook.ArrayOrderBook::getOrderCount (15 bytes)
Event: 3298.099 Thread 0x0000762bcc143cb0 nmethod 5302 0x00007630a43f6810 code [0x00007630a43f69a0, 0x00007630a43f6ac0]
Event: 3298.162 Thread 0x0000762bcc143560 5303       4       com.match.infrastructure.generated.MessageHeaderDecoder::blockLength (22 bytes)
Event: 3298.163 Thread 0x0000762bcc143560 nmethod 5303 0x00007630a41c7310 code [0x00007630a41c74a0, 0x00007630a41c7660]
Event: 3298.163 Thread 0x00007630b419b150 5304       4       com.match.application.orderbook.ArrayMatchingEngine::collectSide (106 bytes)
Event: 3298.166 Thread 0x00007630b419b150 nmethod 5304 0x00007630a425ca10 code [0x00007630a425cc20, 0x00007630a425d718]
Event: 3298.173 Thread 0x0000762bcc144400 5305       3       com.match.infrastructure.generated.CancelOrderDecoder::wrapAndApplyHeader (52 bytes)
Event: 3298.174 Thread 0x0000762bcc144400 nmethod 5305 0x000076309c7cc910 code [0x000076309c7ccb60, 0x000076309c7cd498]
Event: 3298.266 Thread 0x0000762bcc143cb0 5306       4       io.aeron.driver.PublicationImage::checkEosForDrainTransition (72 bytes)
Event: 3298.266 Thread 0x0000762bcc143cb0 nmethod 5306 0x00007630a41bd510 code [0x00007630a41bd6c0, 0x00007630a41bd988]
Event: 3298.269 Thread 0x0000762bcc0926d0 5307       3       com.match.infrastructure.generated.CancelOrderDecoder::wrap (38 bytes)
Event: 3298.269 Thread 0x00007630b419b150 5308       4       com.match.domain.commands.CancelOrderCommand::reset (11 bytes)
Event: 3298.269 Thread 0x0000762bcc0926d0 nmethod 5307 0x000076309c6b9010 code [0x000076309c6b91c0, 0x000076309c6b93c8]
Event: 3298.269 Thread 0x0000762bcc0926d0 5309       3       com.match.infrastructure.generated.CancelOrderDecoder::userId (19 bytes)
Event: 3298.269 Thread 0x00007630b419cc90 5310       3       com.match.infrastructure.generated.CancelOrderDecoder::orderId (20 bytes)
Event: 3298.269 Thread 0x00007630b419b150 nmethod 5308 0x00007630a4408f90 code [0x00007630a4409100, 0x00007630a4409198]
Event: 3298.269 Thread 0x00007630b419cc90 nmethod 5310 0x000076309c86ae90 code [0x000076309c86b040, 0x000076309c86b280]
Event: 3298.269 Thread 0x0000762bcc0926d0 nmethod 5309 0x000076309cb1df10 code [0x000076309cb1e0c0, 0x000076309cb1e300]
Event: 3298.311 Thread 0x0000762bcc143560 5311       4       org.agrona.collections.Long2ObjectHashMap::isEmpty (14 bytes)
Event: 3298.311 Thread 0x0000762bcc143560 nmethod 5311 0x00007630a443cd10 code [0x00007630a443ce80, 0x00007630a443cf18]
Event: 3298.312 Thread 0x00007630b419cc90 5312  s!   3       com.match.infrastructure.websocket.MarketPublisher::flushBuffers (490 bytes)
Event: 3298.313 Thread 0x00007630b419b150 5313       4       com.match.infrastructure.persistence.AppClusteredService$1::resnapshotGeneration (8 bytes)
Event: 3298.313 Thread 0x0000762bcc091f80 5314       1       com.match.application.orderbook.ArrayMatchingEngine::getTopBidCount (5 bytes)
Event: 3298.313 Thread 0x0000762bcc091f80 nmethod 5314 0x00007630a4447210 code [0x00007630a44473a0, 0x00007630a4447468]
Event: 3298.313 Thread 0x0000762bcc091f80 5315       1       com.match.application.orderbook.ArrayMatchingEngine::getTopAskCount (5 bytes)
Event: 3298.313 Thread 0x0000762bcc091f80 nmethod 5315 0x00007630a4448890 code [0x00007630a4448a20, 0x00007630a4448ae8]
Event: 3298.313 Thread 0x00007630b419b150 nmethod 5313 0x00007630a4459c10 code [0x00007630a4459da0, 0x00007630a4459e78]
Event: 3298.313 Thread 0x00007630b419cc90 nmethod 5312 0x000076309c72a110 code [0x000076309c72a640, 0x000076309c72cec8]
Event: 3298.316 Thread 0x0000762bcc091f80 5316       3       com.match.infrastructure.websocket.MarketPublisher::encodeBookSnapshot (317 bytes)
Event: 3298.316 Thread 0x00007630b419cc90 5317       3       com.match.application.orderbook.ArrayMatchingEngine::collectTopLevels (197 bytes)
Event: 3298.316 Thread 0x00007630b419cc90 nmethod 5317 0x000076309c9adc90 code [0x000076309c9adf00, 0x000076309c9aeae0]
Event: 3298.316 Thread 0x00007630b419cc90 5318       1       com.match.application.orderbook.ArrayMatchingEngine::getTopBidPrices (5 bytes)
Event: 3298.316 Thread 0x00007630b419cc90 nmethod 5318 0x00007630a445e510 code [0x00007630a445e6a0, 0x00007630a445e798]
Event: 3298.316 Thread 0x00007630b419cc90 5319       1       com.match.application.orderbook.ArrayMatchingEngine::getTopBidQuantities (5 bytes)
Event: 3298.316 Thread 0x00007630b419cc90 nmethod 5319 0x00007630a4468090 code [0x00007630a4468220, 0x00007630a4468318]
Event: 3298.316 Thread 0x00007630b419cc90 5320       1       com.match.application.orderbook.ArrayMatchingEngine::getTopBidOrderCounts (5 bytes)
Event: 3298.316 Thread 0x00007630b419cc90 nmethod 5320 0x00007630a441f610 code [0x00007630a441f7a0, 0x00007630a441f898]
Event: 3298.316 Thread 0x00007630b419cc90 5321       1       com.match.application.orderbook.ArrayMatchingEngine::getTopAskPrices (5 bytes)
Event: 3298.316 Thread 0x00007630b419cc90 nmethod 5321 0x00007630a4436c10 code [0x00007630a4436da0, 0x00007630a4436e98]
Event: 3298.316 Thread 0x00007630b419cc90 5322       1       com.match.application.orderbook.ArrayMatchingEngine::getTopAskQuantities (5 bytes)
Event: 3298.316 Thread 0x00007630b419cc90 nmethod 5322 0x00007630a4416b10 code [0x00007630a4416ca0, 0x00007630a4416d98]
Event: 3298.316 Thread 0x00007630b419cc90 5323       1       com.match.application.orderbook.ArrayMatchingEngine::getTopAskOrderCounts (5 bytes)
Event: 3298.316 Thread 0x00007630b419cc90 nmethod 5323 0x00007630a4417610 code [0x00007630a44177a0, 0x00007630a4417898]
Event: 3298.316 Thread 0x00007630b419cc90 5324       1       com.match.application.orderbook.ArrayMatchingEngine::getCollectedBidVersion (5 bytes)
Event: 3298.316 Thread 0x00007630b419cc90 nmethod 5324 0x00007630a41eef10 code [0x00007630a41ef0a0, 0x00007630a41ef168]
Event: 3298.316 Thread 0x00007630b419cc90 5325       1       com.match.application.orderbook.ArrayMatchingEngine::getCollectedAskVersion (5 bytes)
Event: 3298.316 Thread 0x00007630b419cc90 nmethod 5325 0x00007630a42ab290 code [0x00007630a42ab420, 0x00007630a42ab4e8]
Event: 3298.316 Thread 0x00007630b419cc90 5326       1       com.match.application.orderbook.ArrayMatchingEngine::getCollectedBookVersion (5 bytes)
Event: 3298.316 Thread 0x00007630b419cc90 nmethod 5326 0x00007630a441eb90 code [0x00007630a441ed20, 0x00007630a441ede8]
Event: 3298.316 Thread 0x0000762bcc091f80 nmethod 5316 0x000076309c678490 code [0x000076309c678760, 0x000076309c6797e8]
Event: 3298.344 Thread 0x00007630b419b150 5327       4       com.match.infrastructure.generated.MessageHeaderDecoder::wrap (20 bytes)
Event: 3298.347 Thread 0x0000762bcc143cb0 5328       4       com.match.infrastructure.generated.MessageHeaderDecoder::templateId (22 bytes)
Event: 3298.347 Thread 0x00007630b419b150 nmethod 5327 0x00007630a446fb10 code [0x00007630a446fca0, 0x00007630a446fe18]
Event: 3298.348 Thread 0x0000762bcc143cb0 nmethod 5328 0x00007630a42b5510 code [0x00007630a42b56a0, 0x00007630a42b5868]
Event: 3298.353 Thread 0x00007630b419cc90 5329       1       com.match.application.orderbook.ArrayMatchingEngine::setBookVersion (6 bytes)
Event: 3298.353 Thread 0x00007630b419cc90 nmethod 5329 0x00007630a43c0d90 code [0x00007630a43c0f20, 0x00007630a43c0fe0]
Event: 3298.353 Thread 0x00007630b419cc90 5330       1       com.match.application.orderbook.ArrayMatchingEngine::getBookVersion (5 bytes)
Event: 3298.353 Thread 0x00007630b419cc90 nmethod 5330 0x00007630a4409f90 code [0x00007630a440a120, 0x00007630a440a1e0]
Event: 3298.463 Thread 0x00007630b419b150 5331       4       org.agrona.concurrent.status.UnsafeBufferPosition::proposeMaxRelease (38 bytes)
Event: 3298.463 Thread 0x00007630b419b150 nmethod 5331 0x00007630a41c0290 code [0x00007630a41c0420, 0x00007630a41c0548]
Event: 3298.581 Thread 0x00007630b419b150 5332       4       com.match.application.orderbook.ArrayMatchingEngine::cancelOrder (20 bytes)
Event: 3298.581 Thread 0x0000762bcc091f80 5334       1       com.match.application.engine.Engine::setCurrentLogPosition (6 bytes)
Event: 3298.584 Thread 0x0000762bcc091f80 nmethod 5334 0x00007630a41d5d90 code [0x00007630a41d5f20, 0x00007630a41d5fe0]
Event: 3298.591 Thread 0x00007630b419b150 nmethod 5332 0x00007630a42ef510 code [0x00007630a42ef7a0, 0x00007630a42f0e38]
Event: 3298.591 Thread 0x00007630b419b150 5335       4       com.match.application.orderbook.ArrayOrderBook::findLevel (58 bytes)
Event: 3298.592 Thread 0x00007630b419b150 nmethod 5335 0x00007630a41e6d10 code [0x00007630a41e6ea0, 0x00007630a41e7160]
Event: 3298.592 Thread 0x00007630b419b150 5333       4       com.match.application.orderbook.ArrayOrderBook::cancelOrder (158 bytes)
Event: 3298.595 Thread 0x0000762bcc091f80 5336       1       com.match.application.orderbook.ArrayOrderBook::getVersion (5 bytes)
Event: 3298.595 Thread 0x0000762bcc091f80 nmethod 5336 0x00007630a41d5a90 code [0x00007630a41d5c20, 0x00007630a41d5ce8]
Event: 3298.605 Thread 0x00007630b419b150 nmethod 5333 0x00007630a438f090 code [0x00007630a438f300, 0x00007630a4390948]
Event: 3298.663 Thread 0x00007630b419b150 5337       4       java.nio.channels.spi.AbstractSelector::isOpen (13 bytes)
Event: 3298.663 Thread 0x00007630b419b150 nmethod 5337 0x00007630a421b090 code [0x00007630a421b200, 0x00007630a421b2b0]
Event: 3298.738 Thread 0x00007630b419b150 5338       4       io.aeron.protocol.DataHeaderFlyweight::isHeartbeat (20 bytes)
Event: 3298.739 Thread 0x00007630b419b150 nmethod 5338 0x00007630a421e310 code [0x00007630a421e4a0, 0x00007630a421e5c8]
Event: 3298.763 Thread 0x00007630b419b150 5339       4       sun.nio.ch.SelectorImpl::ensureOpen (16 bytes)
Event: 3298.763 Thread 0x00007630b419b150 nmethod 5339 0x00007630a421ad90 code [0x00007630a421af00, 0x00007630a421afa8]
Event: 3298.771 Thread 0x00007630b419b150 5340       4       io.aeron.driver.Receiver::doWork (257 bytes)
Event: 3298.790 Thread 0x00007630b419b150 nmethod 5340 0x00007630a447c510 code [0x00007630a447c940, 0x00007630a447eb40]
Event: 3298.883 Thread 0x00007630b419b150 5341       4       io.aeron.driver.media.DataTransportPoller::receive (165 bytes)
Event: 3298.887 Thread 0x0000762bcc091f80 5342       3       sun.nio.ch.SelectorImpl::processReadyEvents (115 bytes)
Event: 3298.887 Thread 0x0000762bcc091f80 nmethod 5342 0x000076309c677290 code [0x000076309c677520, 0x000076309c678118]
Event: 3298.887 Thread 0x0000762bcc091f80 5343       1       sun.nio.ch.SelectionKeyImpl::nioReadyOps (5 bytes)
Event: 3298.887 Thread 0x0000762bcc091f80 nmethod 5343 0x00007630a447c090 code [0x00007630a447c220, 0x00007630a447c2e0]
Event: 3298.887 Thread 0x0000762bcc091f80 5344       1       sun.nio.ch.SelectionKeyImpl::nioInterestOps (5 bytes)
Event: 3298.887 Thread 0x0000762bcc091f80 nmethod 5344 0x00007630a4227510 code [0x00007630a42276a0, 0x00007630a4227760]
Event: 3298.887 Thread 0x00007630b419b150 nmethod 5341 0x00007630a4405110 code [0x00007630a4405320, 0x00007630a4405a38]
Event: 3298.901 Thread 0x0000762bcc144400 5345       3       io.aeron.driver.Receiver::doWork (257 bytes)
Event: 3298.902 Thread 0x0000762bcc144400 nmethod 5345 0x000076309c645590 code [0x000076309c6458e0, 0x000076309c646aa8]
Event: 3298.943 Thread 0x00007630b419cc90 5346       3       sun.nio.ch.DatagramChannelImpl::translateAndSetReadyOps (8 bytes)
Event: 3298.943 Thread 0x00007630b419cc90 nmethod 5346 0x000076309c86ab10 code [0x000076309c86acc0, 0x000076309c86ae00]
Event: 3298.943 Thread 0x00007630b419cc90 5347       3       sun.nio.ch.DatagramChannelImpl::translateReadyOps (127 bytes)
Event: 3298.943 Thread 0x00007630b419cc90 nmethod 5347 0x000076309c86a490 code [0x000076309c86a660, 0x000076309c86aa20]
Event: 3298.949 Thread 0x0000762bcc144400 5348       3       com.match.infrastructure.persistence.SbeDemuxer::handleCancelOrder (74 bytes)
Event: 3298.949 Thread 0x0000762bcc144400 nmethod 5348 0x000076309c676310 code [0x000076309c676560, 0x000076309c676eb8]
Event: 3298.965 Thread 0x0000762bcc091f80 5349       3       io.aeron.driver.PublicationImage::insertPacket (372 bytes)
Event: 3298.966 Thread 0x0000762bcc091f80 nmethod 5349 0x000076309c6aa990 code [0x000076309c6aad60, 0x000076309c6ac660]
Event: 3298.966 Thread 0x00007630b419b150 5350       4       io.aeron.driver.PublicationImage::trackConnection (75 bytes)
Event: 3298.967 Thread 0x00007630b419b150 nmethod 5350 0x00007630a4240790 code [0x00007630a4240920, 0x00007630a4240b18]
Event: 3298.973 Thread 0x00007630b419b150 5351       4       io.aeron.driver.PublicationImage::isFlowControlOverRun (29 bytes)
Event: 3298.973 Thread 0x00007630b419b150 nmethod 5351 0x00007630a4227210 code [0x00007630a4227380, 0x00007630a4227440]
Event: 3299.171 Thread 0x0000762bcc091f80 5352   !   3       com.match.infrastructure.persistence.AppClusteredService::onSessionMessage (195 bytes)
Event: 3299.172 Thread 0x0000762bcc091f80 nmethod 5352 0x000076309c643610 code [0x000076309c643980, 0x000076309c644da8]
Event: 3299.199 Thread 0x0000762bcc091f80 5353       3       io.aeron.cluster.service.ClusteredServiceAgent::onSessionMessage (46 bytes)
Event: 3299.199 Thread 0x0000762bcc144400 5354       3       com.match.infrastructure.persistence.SbeDemuxer::dispatch (142 bytes)
Event: 3299.199 Thread 0x0000762bcc091f80 nmethod 5353 0x000076309c9ad410 code [0x000076309c9ad5e0, 0x000076309c9ada70]
Event: 3299.199 Thread 0x0000762bcc144400 nmethod 5354 0x000076309c6a9890 code [0x000076309c6a9b20, 0x000076309c6aa630]
Event: 3299.538 Thread 0x00007630b419b150 5355       4       io.aeron.logbuffer.TermRebuilder::insert (77 bytes)
Event: 3299.541 Thread 0x00007630b419b150 nmethod 5355 0x00007630a41f8a90 code [0x00007630a41f8ca0, 0x00007630a41f9660]
Event: 3299.549 Thread 0x00007630b419b150 5356       4       io.aeron.driver.PublicationImage::isFlowControlUnderRun (29 bytes)
Event: 3299.549 Thread 0x00007630b419b150 nmethod 5356 0x00007630a4262e90 code [0x00007630a4263000, 0x00007630a42630c0]
Event: 3299.587 Thread 0x00007630b419b150 5357       4       com.match.infrastructure.persistence.SbeDemuxer::handleCreateOrder (162 bytes)
Event: 3299.609 Thread 0x00007630b419b150 nmethod 5357 0x00007630a444c010 code [0x00007630a444c520, 0x00007630a44505a8]
Event: 3299.610 Thread 0x0000762bc89a4a30 5358       4       com.match.infrastructure.generated.CreateOrderDecoder::wrapAndApplyHeader (52 bytes)
Event: 3299.610 Thread 0x0000762bc82b3580 5364       4       com.match.infrastructure.generated.OrderSide::get (62 bytes)
Event: 3299.610 Thread 0x0000762bc82b1820 5365       4       com.match.infrastructure.persistence.SbeDemuxer::toDomainOrderSide (48 bytes)
Event: 3299.610 Thread 0x0000762bc82b3580 nmethod 5364 0x00007630a4262b90 code [0x00007630a4262d00, 0x00007630a4262da0]
Event: 3299.610 Thread 0x0000762bc82b1f70 5367       4       com.match.infrastructure.generated.OrderType::get (74 bytes)
Event: 3299.610 Thread 0x0000762bc82b3580 5368       4       com.match.infrastructure.persistence.SbeDemuxer::toDomainOrderType (52 bytes)
Event: 3299.611 Thread 0x0000762bc82b1820 nmethod 5365 0x00007630a4271c90 code [0x00007630a4271e20, 0x00007630a4271f20]
Event: 3299.611 Thread 0x0000762bc82b1820 5359       4       com.match.infrastructure.generated.CreateOrderDecoder::userId (19 bytes)
Event: 3299.611 Thread 0x0000762bc82b1f70 nmethod 5367 0x00007630a428b990 code [0x00007630a428bb00, 0x00007630a428bb88]
Event: 3299.611 Thread 0x0000762bc82b1f70 5360       4       com.match.infrastructure.generated.CreateOrderDecoder::price (20 bytes)
Event: 3299.611 Thread 0x0000762bc82b3580 nmethod 5368 0x00007630a42b2210 code [0x00007630a42b23a0, 0x00007630a42b2490]
Event: 3299.611 Thread 0x0000762bc82b3580 5361       4       com.match.infrastructure.generated.CreateOrderDecoder::quantity (20 bytes)
Event: 3299.611 Thread 0x0000762bc82b1820 nmethod 5359 0x00007630a42ee410 code [0x00007630a42ee5a0, 0x00007630a42ee760]
Event: 3299.611 Thread 0x0000762bc82b1820 5362       4       com.match.infrastructure.generated.CreateOrderDecoder::totalPrice (20 bytes)
Event: 3299.611 Thread 0x0000762bc82b1f70 nmethod 5360 0x00007630a42f7b90 code [0x00007630a42f7d20, 0x00007630a42f7ef0]
Event: 3299.611 Thread 0x0000762bc82b1f70 5363       4       com.match.infrastructure.generated.CreateOrderDecoder::orderSide (25 bytes)
Event: 3299.611 Thread 0x0000762bc82b3580 nmethod 5361 0x00007630a431c510 code [0x00007630a431c6a0, 0x00007630a431c870]
Event: 3299.611 Thread 0x0000762bc82b3580 5366       4       com.match.infrastructure.generated.CreateOrderDecoder::orderType (25 bytes)
Event: 3299.612 Thread 0x0000762bc82b1820 nmethod 5362 0x00007630a43f5710 code [0x00007630a43f58a0, 0x00007630a43f5a70]
Event: 3299.612 Thread 0x0000762bc82b1820 5369       4       com.match.infrastructure.generated.CreateOrderDecoder::omsOrderId (20 bytes)
Event: 3299.612 Thread 0x0000762bc82b3580 nmethod 5366 0x00007630a4470910 code [0x00007630a4470aa0, 0x00007630a4470c90]
Event: 3299.612 Thread 0x0000762bc82b3580 5370       4       com.match.infrastructure.generated.CreateOrderDecoder::marketId (20 bytes)
Event: 3299.612 Thread 0x0000762bc82b1820 nmethod 5369 0x00007630a42ef010 code [0x00007630a42ef1a0, 0x00007630a42ef370]
Event: 3299.612 Thread 0x0000762bc82b1f70 nmethod 5363 0x00007630a421c810 code [0x00007630a421c9a0, 0x00007630a421cba8]
Event: 3299.612 Thread 0x0000762bc82b3580 nmethod 5370 0x00007630a4273390 code [0x00007630a4273520, 0x00007630a42736e0]
Event: 3299.614 Thread 0x0000762bc89a4a30 nmethod 5358 0x00007630a43bc310 code [0x00007630a43bc500, 0x00007630a43bcc40]
Event: 3299.625 Thread 0x0000762bc82b26c0 5371       4       com.match.application.orderbook.ArrayMatchingEngine::publishTopOfBook (142 bytes)
Event: 3299.645 Thread 0x0000762bc82b26c0 nmethod 5371 0x00007630a43b7910 code [0x00007630a43b7be0, 0x00007630a43b9ce8]
Event: 3299.937 Thread 0x0000762bc82b26c0 5372       4       com.match.application.engine.Engine::acceptOrder (121 bytes)
Event: 3299.947 Thread 0x0000762bc89a4a30 5373       4       io.aeron.driver.Receiver::doWork (257 bytes)
Event: 3299.950 Thread 0x0000762bc82b26c0 nmethod 5372 0x00007630a4246f10 code [0x00007630a4247180, 0x00007630a42480e8]
Event: 3299.974 Thread 0x0000762bc89a4a30 nmethod 5373 0x00007630a427cb90 code [0x00007630a427cfc0, 0x00007630a427f1d8]
Event: 3299.981 Thread 0x0000762bc82b1f70 5374       4       io.aeron.driver.media.DataTransportPoller$$Lambda/0x0000762bf4092788::accept (12 bytes)
Event: 3299.985 Thread 0x0000762bc82b1f70 nmethod 5374 0x00007630a4418110 code [0x00007630a4418340, 0x00007630a4418c40]
Event: 3308.938 Thread 0x0000762bc89a4a30 5375       4       com.match.infrastructure.persistence.SbeDemuxer::handleCancelOrder (74 bytes)
Event: 3308.941 Thread 0x0000762bc89a4a30 nmethod 5375 0x00007630a4413010 code [0x00007630a44132a0, 0x00007630a44141d8]
Event: 3318.276 Thread 0x00007630b419b150 5376  s!   4       com.match.infrastructure.websocket.MarketPublisher::flushBuffers (490 bytes)
Event: 3318.296 Thread 0x00007630b419b150 nmethod 5376 0x00007630a43cb890 code [0x00007630a43cbce0, 0x00007630a43ce6c8]
Event: 3318.296 Thread 0x00007630b419b150 5377       4       com.match.infrastructure.websocket.MarketPublisher::encodeBookSnapshot (317 bytes)
Event: 3318.301 Thread 0x00007630b419b150 nmethod 5377 0x00007630a426a610 code [0x00007630a426a8c0, 0x00007630a426bd60]
Event: 3318.674 Thread 0x00007630b419b150 5378   !   4       java.io.BufferedOutputStream::write (73 bytes)
Event: 3318.681 Thread 0x00007630b419b150 nmethod 5378 0x00007630a440ad10 code [0x00007630a440afa0, 0x00007630a440bad0]
Event: 3348.674 Thread 0x00007630b419b150 5379       4       java.net.URI::match (56 bytes)
Event: 3348.674 Thread 0x00007630b419b150 nmethod 5379 0x00007630a421c410 code [0x00007630a421c5a0, 0x00007630a421c6b8]
Event: 3350.937 Thread 0x00007630b419b150 5380       4       sun.nio.ch.SelectorImpl::processReadyEvents (115 bytes)
Event: 3350.946 Thread 0x00007630b419b150 nmethod 5380 0x00007630a430fb90 code [0x00007630a430fe60, 0x00007630a4310c70]
Event: 3351.242 Thread 0x00007630b419b150 5381       4       io.aeron.driver.PublicationImage::insertPacket (372 bytes)
Event: 3351.264 Thread 0x00007630b419b150 nmethod 5381 0x00007630a43b3210 code [0x00007630a43b3560, 0x00007630a43b5390]
Event: 3353.674 Thread 0x00007630b419b150 5382       4       java.time.format.DateTimeFormatterBuilder$CharLiteralPrinterParser::format (11 bytes)
Event: 3353.680 Thread 0x00007630b419b150 nmethod 5382 0x00007630a43b2510 code [0x00007630a43b2700, 0x00007630a43b2e70]
Event: 3358.674 Thread 0x00007630b419b150 5383       4       java.time.ZonedDateTime::getLong (83 bytes)
Event: 3358.676 Thread 0x00007630b419b150 nmethod 5383 0x00007630a4203810 code [0x00007630a4203a20, 0x00007630a4203f40]
Event: 3358.676 Thread 0x00007630b419b150 5384       4       java.util.LinkedList::linkLast (59 bytes)
Event: 3358.676 Thread 0x00007630b419b150 nmethod 5384 0x00007630a427c510 code [0x00007630a427c6c0, 0x00007630a427c988]
Event: 3406.359 Thread 0x00007630b419b150 5385   !   4       com.match.infrastructure.persistence.AppClusteredService::onSessionMessage (195 bytes)
Event: 3406.366 Thread 0x00007630b419b150 nmethod 5385 0x00007630a4241290 code [0x00007630a4241580, 0x00007630a42428d8]
Event: 3406.366 Thread 0x00007630b419b150 5386       4       io.aeron.cluster.service.ClusteredServiceAgent::onSessionMessage (46 bytes)
Event: 3406.368 Thread 0x00007630b419b150 nmethod 5386 0x00007630a4284390 code [0x00007630a4284560, 0x00007630a4284b20]
Event: 3406.368 Thread 0x00007630b419b150 5387       4       com.match.infrastructure.persistence.SbeDemuxer::dispatch (142 bytes)
Event: 3406.372 Thread 0x00007630b419b150 nmethod 5387 0x00007630a42b6d90 code [0x00007630a42b6fa0, 0x00007630a42b75a8]
Event: 3513.674 Thread 0x00007630b419b150 5389       4       java.util.stream.Sink::end (1 bytes)
Event: 3513.674 Thread 0x00007630b419b150 nmethod 5389 0x00007630a41d6090 code [0x00007630a41d6200, 0x00007630a41d6288]
Event: 3568.766 Thread 0x00007630b419cc90 5390       3       org.agrona.collections.Object2ObjectHashMap$EntryIterator::next (5 bytes)
Event: 3568.766 Thread 0x00007630b419cc90 nmethod 5390 0x000076309c7f3090 code [0x000076309c7f3260, 0x000076309c7f34a8]
Event: 3568.766 Thread 0x00007630b419cc90 5391       3       org.agrona.collections.Object2ObjectHashMap$EntryIterator::next (21 bytes)
Event: 3568.766 Thread 0x00007630b419cc90 nmethod 5391 0x000076309c932310 code [0x000076309c9324e0, 0x000076309c9326f0]
Event: 3568.766 Thread 0x00007630b419cc90 5392       3       org.agrona.collections.Object2ObjectHashMap$EntryIterator::getKey (13 bytes)
Event: 3568.766 Thread 0x00007630b419cc90 nmethod 5392 0x000076309c910310 code [0x000076309c9104c0, 0x000076309c910770]
Event: 3568.766 Thread 0x00007630b419cc90 5394       3       org.agrona.collections.LongHashSet::add (110 bytes)
Event: 3568.766 Thread 0x00007630b419cc90 nmethod 5394 0x000076309cb15210 code [0x000076309cb15440, 0x000076309cb15bf8]
Event: 3568.766 Thread 0x00007630b419cc90 5393       3       org.agrona.collections.Object2ObjectHashMap$EntryIterator::getValue (22 bytes)
Event: 3568.766 Thread 0x00007630b419cc90 nmethod 5393 0x000076309c7f5710 code [0x000076309c7f58e0, 0x000076309c7f5c00]
Event: 3568.767 Thread 0x00007630b419cc90 5395       3       io.aeron.driver.SessionKey::<init> (20 bytes)
Event: 3568.767 Thread 0x00007630b419cc90 nmethod 5395 0x000076309c914690 code [0x000076309c914840, 0x000076309c914a18]
Event: 3568.898 Thread 0x00007630b419cc90 5396   !   3       sun.nio.ch.FileChannelImpl$Closer::run (28 bytes)
Event: 3568.899 Thread 0x00007630b419cc90 nmethod 5396 0x000076309c9acd90 code [0x000076309c9acfc0, 0x000076309c9ad740]
Event: 3568.899 Thread 0x00007630b419cc90 5397       3       java.io.FileDescriptor$1::close (5 bytes)
Event: 3568.899 Thread 0x00007630b419cc90 nmethod 5397 0x000076309c6f0d90 code [0x000076309c6f0f80, 0x000076309c6f1520]
Event: 3568.902 Thread 0x00007630b419cc90 5398       1       io.aeron.archive.codecs.ControlResponseCode::value (5 bytes)
Event: 3568.902 Thread 0x00007630b419cc90 nmethod 5398 0x00007630a41e7910 code [0x00007630a41e7aa0, 0x00007630a41e7b60]
Event: 3568.902 Thread 0x00007630b419cc90 5399       1       io.aeron.archive.codecs.ControlResponseEncoder::limit (5 bytes)
Event: 3568.902 Thread 0x00007630b419cc90 nmethod 5399 0x00007630a41ed690 code [0x00007630a41ed820, 0x00007630a41ed8e0]
Event: 3568.905 Thread 0x00007630b419cc90 5400       3       java.nio.CharBuffer::arrayOffset (35 bytes)
Event: 3568.905 Thread 0x00007630b419cc90 nmethod 5400 0x000076309c921090 code [0x000076309c921260, 0x000076309c921548]
Event: 3568.999 Thread 0x00007630b419cc90 5401       3       io.aeron.logbuffer.LogBufferDescriptor::initialTermId (8 bytes)
Event: 3568.999 Thread 0x00007630b419cc90 nmethod 5401 0x000076309cb56310 code [0x000076309cb564c0, 0x000076309cb56668]
Event: 3569.000 Thread 0x00007630b419b150 5402       4       io.aeron.archive.status.RecordingPos::findCounterIdBySession (142 bytes)
Event: 3569.008 Thread 0x00007630b419b150 nmethod 5402 0x00007630a42b3890 code [0x00007630a42b3ac0, 0x00007630a42b4c28]
Event: 3571.481 Thread 0x00007630b419cc90 5404       1       sun.nio.fs.UnixFileStoreAttributes::blockSize (5 bytes)
Event: 3571.481 Thread 0x00007630b419cc90 nmethod 5404 0x00007630a41f1810 code [0x00007630a41f19a0, 0x00007630a41f1a60]
Event: 3571.481 Thread 0x00007630b419cc90 5405       1       sun.nio.fs.UnixFileStoreAttributes::availableBlocks (5 bytes)
Event: 3571.481 Thread 0x00007630b419cc90 nmethod 5405 0x00007630a41fab10 code [0x00007630a41faca0, 0x00007630a41fad60]
Event: 3571.496 Thread 0x00007630b419cc90 5406       3       org.agrona.collections.IntArrayList::removeAt (53 bytes)
Event: 3571.496 Thread 0x00007630b419cc90 nmethod 5406 0x000076309c777410 code [0x000076309c777600, 0x000076309c777a98]
Event: 3571.606 Thread 0x00007630b419cc90 5407       1       io.aeron.Image::correlationId (5 bytes)
Event: 3571.606 Thread 0x00007630b419cc90 nmethod 5407 0x00007630a4239a90 code [0x00007630a4239c20, 0x00007630a4239ce0]
Event: 3579.916 Thread 0x00007630b419b150 5408       4       io.aeron.protocol.HeaderFlyweight::flags (11 bytes)
Event: 3579.916 Thread 0x00007630b419b150 nmethod 5408 0x00007630a423fd90 code [0x00007630a423ff20, 0x00007630a4240050]
Event: 3579.976 Thread 0x00007630b419cc90 5409       3       com.match.infrastructure.generated.BookSnapshotEncoder$BidsEncoder::next (57 bytes)
Event: 3579.976 Thread 0x00007630b419cc90 nmethod 5409 0x000076309c935490 code [0x000076309c935660, 0x000076309c935950]
Event: 3579.976 Thread 0x00007630b419cc90 5410       3       com.match.infrastructure.generated.BookSnapshotEncoder$BidsEncoder::price (21 bytes)
Event: 3579.976 Thread 0x00007630b419cc90 nmethod 5410 0x000076309cb06910 code [0x000076309cb06ac0, 0x000076309cb06d18]
Event: 3579.976 Thread 0x00007630b419cc90 5411       3       com.match.infrastructure.generated.BookSnapshotEncoder$BidsEncoder::quantity (22 bytes)
Event: 3579.976 Thread 0x00007630b419cc90 nmethod 5411 0x000076309c9b9590 code [0x000076309c9b9740, 0x000076309c9b9998]
Event: 3579.976 Thread 0x00007630b419cc90 5412       3       com.match.infrastructure.generated.BookSnapshotEncoder$BidsEncoder::orderCount (22 bytes)
Event: 3579.976 Thread 0x00007630b419cc90 nmethod 5412 0x000076309c9b9090 code [0x000076309c9b9240, 0x000076309c9b9498]
Event: 3579.976 Thread 0x00007630b419cc90 5413       3       com.match.infrastructure.generated.BookSnapshotEncoder$AsksEncoder::next (57 bytes)
Event: 3579.976 Thread 0x00007630b419cc90 nmethod 5413 0x000076309c703910 code [0x000076309c703ae0, 0x000076309c703dd0]
Event: 3579.976 Thread 0x00007630b419cc90 5414       3       com.match.infrastructure.generated.BookSnapshotEncoder$AsksEncoder::price (21 bytes)
Event: 3579.976 Thread 0x00007630b419cc90 nmethod 5414 0x000076309c703310 code [0x000076309c7034c0, 0x000076309c703718]
Event: 3591.057 Thread 0x00007630b419cc90 5415       3       org.agrona.concurrent.status.UnsafeBufferPosition::close (32 bytes)
Event: 3591.057 Thread 0x00007630b419cc90 nmethod 5415 0x000076309c8ea890 code [0x000076309c8eaa40, 0x000076309c8eaca8]
Event: 3623.674 Thread 0x00007630b419b150 5416       4       java.util.HashMap::keysToArray (81 bytes)
Event: 3623.675 Thread 0x00007630b419b150 nmethod 5416 0x00007630a428a790 code [0x00007630a428a940, 0x00007630a428ada8]

GC Heap History (62 events):
Event: 0.929 GC heap before
{Heap before GC invocations=0 (full 0):
 ZHeap           used 80M, capacity 768M, max capacity 768M
 Metaspace       used 12351K, committed 12736K, reserved 1114112K
  class space    used 1008K, committed 1152K, reserved 1048576K
}
Event: 0.945 GC heap after
{Heap after GC invocations=1 (full 1):
 ZHeap           used 110M, capacity 768M, max capacity 768M
 Metaspace       used 12410K, committed 12800K, reserved 1114112K
  class space    used 1019K, committed 1152K, reserved 1048576K
}
Event: 0.945 GC heap before
{Heap before GC invocations=1 (full 1):
 ZHeap           used 110M, capacity 768M, max capacity 768M
 Metaspace       used 12410K, committed 12800K, reserved 1114112K
  class space    used 1019K, committed 1152K, reserved 1048576K
}
Event: 0.956 GC heap after
{Heap after GC invocations=1 (full 1):
 ZHeap           used 156M, capacity 768M, max capacity 768M
 Metaspace       used 12410K, committed 12800K, reserved 1114112K
  class space    used 1019K, committed 1152K, reserved 1048576K
}
Event: 0.957 GC heap before
{Heap before GC invocations=1 (full 1):
 ZHeap           used 158M, capacity 768M, max capacity 768M
 Metaspace       used 12410K, committed 12800K, reserved 1114112K
  class space    used 1019K, committed 1152K, reserved 1048576K
}
Event: 0.977 GC heap after
{Heap after GC invocations=2 (full 2):
 ZHeap           used 246M, capacity 768M, max capacity 768M
 Metaspace       used 12410K, committed 12800K, reserved 1114112K
  class space    used 1019K, committed 1152K, reserved 1048576K
}
Event: 0.977 GC heap before
{Heap before GC invocations=2 (full 2):
 ZHeap           used 246M, capacity 768M, max capacity 768M
 Metaspace       used 12410K, committed 12800K, reserved 1114112K
  class space    used 1019K, committed 1152K, reserved 1048576K
}
Event: 0.989 GC heap after
{Heap after GC invocations=2 (full 2):
 ZHeap           used 288M, capacity 768M, max capacity 768M
 Metaspace       used 12410K, committed 12800K, reserved 1114112K
  class space    used 1019K, committed 1152K, reserved 1048576K
}
Event: 0.989 GC heap before
{Heap before GC invocations=2 (full 2):
 ZHeap           used 290M, capacity 768M, max capacity 768M
 Metaspace       used 12410K, committed 12800K, reserved 1114112K
  class space    used 1019K, committed 1152K, reserved 1048576K
}
Event: 1.049 GC heap after
{Heap after GC invocations=3 (full 3):
 ZHeap           used 316M, capacity 768M, max capacity 768M
 Metaspace       used 12900K, committed 13312K, reserved 1114112K
  class space    used 1091K, committed 1280K, reserved 1048576K
}
Event: 1.049 GC heap before
{Heap before GC invocations=3 (full 3):
 ZHeap           used 316M, capacity 768M, max capacity 768M
 Metaspace       used 12900K, committed 13312K, reserved 1114112K
  class space    used 1091K, committed 1280K, reserved 1048576K
}
Event: 1.091 GC heap after
{Heap after GC invocations=3 (full 3):
 ZHeap           used 318M, capacity 768M, max capacity 768M
 Metaspace       used 12930K, committed 13376K, reserved 1114112K
  class space    used 1091K, committed 1280K, reserved 1048576K
}
Event: 260.353 GC heap before
{Heap before GC invocations=3 (full 3):
 ZHeap           used 392M, capacity 768M, max capacity 768M
 Metaspace       used 15024K, committed 15488K, reserved 1114112K
  class space    used 1229K, committed 1408K, reserved 1048576K
}
Event: 260.427 GC heap after
{Heap after GC invocations=4 (full 3):
 ZHeap           used 324M, capacity 768M, max capacity 768M
 Metaspace       used 15024K, committed 15488K, reserved 1114112K
  class space    used 1229K, committed 1408K, reserved 1048576K
}
Event: 260.427 GC heap before
{Heap before GC invocations=4 (full 3):
 ZHeap           used 324M, capacity 768M, max capacity 768M
 Metaspace       used 15024K, committed 15488K, reserved 1114112K
  class space    used 1229K, committed 1408K, reserved 1048576K
}
Event: 260.454 GC heap after
{Heap after GC invocations=5 (full 4):
 ZHeap           used 332M, capacity 768M, max capacity 768M
 Metaspace       used 15024K, committed 15488K, reserved 1114112K
  class space    used 1229K, committed 1408K, reserved 1048576K
}
Event: 260.454 GC heap before
{Heap before GC invocations=5 (full 4):
 ZHeap           used 332M, capacity 768M, max capacity 768M
 Metaspace       used 15024K, committed 15488K, reserved 1114112K
  class space    used 1229K, committed 1408K, reserved 1048576K
}
Event: 260.551 GC heap after
{Heap after GC invocations=5 (full 4):
 ZHeap           used 326M, capacity 768M, max capacity 768M
 Metaspace       used 15024K, committed 15488K, reserved 1114112K
  class space    used 1229K, committed 1408K, reserved 1048576K
}
Event: 495.755 GC heap before
{Heap before GC invocations=5 (full 4):
 ZHeap           used 384M, capacity 768M, max capacity 768M
 Metaspace       used 15261K, committed 15680K, reserved 1114112K
  class space    used 1229K, committed 1408K, reserved 1048576K
}
Event: 495.763 GC heap after
{Heap after GC invocations=6 (full 5):
 ZHeap           used 322M, capacity 768M, max capacity 768M
 Metaspace       used 15261K, committed 15680K, reserved 1114112K
  class space    used 1229K, committed 1408K, reserved 1048576K
}
Event: 495.763 GC heap before
{Heap before GC invocations=6 (full 5):
 ZHeap           used 322M, capacity 768M, max capacity 768M
 Metaspace       used 15261K, committed 15680K, reserved 1114112K
  class space    used 1229K, committed 1408K, reserved 1048576K
}
Event: 495.821 GC heap after
{Heap after GC invocations=6 (full 5):
 ZHeap           used 302M, capacity 768M, max capacity 768M
 Metaspace       used 15261K, committed 15680K, reserved 1114112K
  class space    used 1229K, committed 1408K, reserved 1048576K
}
Event: 774.549 GC heap before
{Heap before GC invocations=6 (full 5):
 ZHeap           used 380M, capacity 768M, max capacity 768M
 Metaspace       used 15319K, committed 15744K, reserved 1114112K
  class space    used 1229K, committed 1408K, reserved 1048576K
}
Event: 774.571 GC heap after
{Heap after GC invocations=7 (full 6):
 ZHeap           used 306M, capacity 768M, max capacity 768M
 Metaspace       used 15319K, committed 15744K, reserved 1114112K
  class space    used 1229K, committed 1408K, reserved 1048576K
}
Event: 774.571 GC heap before
{Heap before GC invocations=7 (full 6):
 ZHeap           used 306M, capacity 768M, max capacity 768M
 Metaspace       used 15319K, committed 15744K, reserved 1114112K
  class space    used 1229K, committed 1408K, reserved 1048576K
}
Event: 774.849 GC heap after
{Heap after GC invocations=7 (full 6):
 ZHeap           used 308M, capacity 768M, max capacity 768M
 Metaspace       used 15172K, committed 15744K, reserved 1114112K
  class space    used 1186K, committed 1408K, reserved 1048576K
}
Event: 1074.855 GC heap before
{Heap before GC invocations=7 (full 6):
 ZHeap           used 382M, capacity 768M, max capacity 768M
 Metaspace       used 15562K, committed 16064K, reserved 1114112K
  class space    used 1239K, committed 1472K, reserved 1048576K
}
Event: 1074.869 GC heap after
{Heap after GC invocations=8 (full 7):
 ZHeap           used 308M, capacity 768M, max capacity 768M
 Metaspace       used 15562K, committed 16064K, reserved 1114112K
  class space    used 1239K, committed 1472K, reserved 1048576K
}
Event: 1074.869 GC heap before
{Heap before GC invocations=8 (full 7):
 ZHeap           used 308M, capacity 768M, max capacity 768M
 Metaspace       used 15562K, committed 16064K, reserved 1114112K
  class space    used 1239K, committed 1472K, reserved 1048576K
}
Event: 1075.056 GC heap after
{Heap after GC invocations=8 (full 7):
 ZHeap           used 310M, capacity 768M, max capacity 768M
 Metaspace       used 15562K, committed 16064K, reserved 1114112K
  class space    used 1239K, committed 1472K, reserved 1048576K
}
Event: 1374.885 GC heap before
{Heap before GC invocations=8 (full 7):
 ZHeap           used 388M, capacity 768M, max capacity 768M
 Metaspace       used 15695K, committed 16192K, reserved 1114112K
  class space    used 1239K, committed 1472K, reserved 1048576K
}
Event: 1374.905 GC heap after
{Heap after GC invocations=9 (full 8):
 ZHeap           used 312M, capacity 768M, max capacity 768M
 Metaspace       used 15695K, committed 16192K, reserved 1114112K
  class space    used 1239K, committed 1472K, reserved 1048576K
}
Event: 1374.905 GC heap before
{Heap before GC invocations=9 (full 8):
 ZHeap           used 312M, capacity 768M, max capacity 768M
 Metaspace       used 15695K, committed 16192K, reserved 1114112K
  class space    used 1239K, committed 1472K, reserved 1048576K
}
Event: 1375.086 GC heap after
{Heap after GC invocations=9 (full 8):
 ZHeap           used 314M, capacity 768M, max capacity 768M
 Metaspace       used 15695K, committed 16192K, reserved 1114112K
  class space    used 1239K, committed 1472K, reserved 1048576K
}
Event: 1666.021 GC heap before
{Heap before GC invocations=9 (full 8):
 ZHeap           used 392M, capacity 768M, max capacity 768M
 Metaspace       used 15712K, committed 16192K, reserved 1114112K
  class space    used 1239K, committed 1472K, reserved 1048576K
}
Event: 1666.036 GC heap after
{Heap after GC invocations=10 (full 9):
 ZHeap           used 318M, capacity 768M, max capacity 768M
 Metaspace       used 15712K, committed 16192K, reserved 1114112K
  class space    used 1239K, committed 1472K, reserved 1048576K
}
Event: 1666.036 GC heap before
{Heap before GC invocations=10 (full 9):
 ZHeap           used 318M, capacity 768M, max capacity 768M
 Metaspace       used 15712K, committed 16192K, reserved 1114112K
  class space    used 1239K, committed 1472K, reserved 1048576K
}
Event: 1666.162 GC heap after
{Heap after GC invocations=10 (full 9):
 ZHeap           used 320M, capacity 768M, max capacity 768M
 Metaspace       used 15712K, committed 16192K, reserved 1114112K
  class space    used 1239K, committed 1472K, reserved 1048576K
}
Event: 1964.125 GC heap before
{Heap before GC invocations=10 (full 9):
 ZHeap           used 398M, capacity 768M, max capacity 768M
 Metaspace       used 15763K, committed 16192K, reserved 1114112K
  class space    used 1239K, committed 1472K, reserved 1048576K
}
Event: 1964.153 GC heap after
{Heap after GC invocations=11 (full 10):
 ZHeap           used 324M, capacity 768M, max capacity 768M
 Metaspace       used 15763K, committed 16192K, reserved 1114112K
  class space    used 1239K, committed 1472K, reserved 1048576K
}
Event: 1964.153 GC heap before
{Heap before GC invocations=11 (full 10):
 ZHeap           used 324M, capacity 768M, max capacity 768M
 Metaspace       used 15763K, committed 16192K, reserved 1114112K
  class space    used 1239K, committed 1472K, reserved 1048576K
}
Event: 1964.310 GC heap after
{Heap after GC invocations=11 (full 10):
 ZHeap           used 326M, capacity 768M, max capacity 768M
 Metaspace       used 15763K, committed 16192K, reserved 1114112K
  class space    used 1239K, committed 1472K, reserved 1048576K
}
Event: 2264.317 GC heap before
{Heap before GC invocations=11 (full 10):
 ZHeap           used 402M, capacity 768M, max capacity 768M
 Metaspace       used 15770K, committed 16192K, reserved 1114112K
  class space    used 1239K, committed 1472K, reserved 1048576K
}
Event: 2264.333 GC heap after
{Heap after GC invocations=12 (full 11):
 ZHeap           used 328M, capacity 768M, max capacity 768M
 Metaspace       used 15770K, committed 16192K, reserved 1114112K
  class space    used 1239K, committed 1472K, reserved 1048576K
}
Event: 2264.333 GC heap before
{Heap before GC invocations=12 (full 11):
 ZHeap           used 328M, capacity 768M, max capacity 768M
 Metaspace       used 15770K, committed 16192K, reserved 1114112K
  class space    used 1239K, committed 1472K, reserved 1048576K
}
Event: 2264.458 GC heap after
{Heap after GC invocations=12 (full 11):
 ZHeap           used 330M, capacity 768M, max capacity 768M
 Metaspace       used 15770K, committed 16192K, reserved 1114112K
  class space    used 1239K, committed 1472K, reserved 1048576K
}
Event: 2560.739 GC heap before
{Heap before GC invocations=12 (full 11):
 ZHeap           used 408M, capacity 768M, max capacity 768M
 Metaspace       used 15912K, committed 16384K, reserved 1114112K
  class space    used 1249K, committed 1472K, reserved 1048576K
}
Event: 2560.786 GC heap after
{Heap after GC invocations=13 (full 12):
 ZHeap           used 330M, capacity 768M, max capacity 768M
 Metaspace       used 15912K, committed 16384K, reserved 1114112K
  class space    used 1249K, committed 1472K, reserved 1048576K
}
Event: 2560.786 GC heap before
{Heap before GC invocations=13 (full 12):
 ZHeap           used 330M, capacity 768M, max capacity 768M
 Metaspace       used 15912K, committed 16384K, reserved 1114112K
  class space    used 1249K, committed 1472K, reserved 1048576K
}
Event: 2560.980 GC heap after
{Heap after GC invocations=13 (full 12):
 ZHeap           used 326M, capacity 768M, max capacity 768M
 Metaspace       used 15912K, committed 16384K, reserved 1114112K
  class space    used 1249K, committed 1472K, reserved 1048576K
}
Event: 2860.985 GC heap before
{Heap before GC invocations=13 (full 12):
 ZHeap           used 402M, capacity 768M, max capacity 768M
 Metaspace       used 15926K, committed 16448K, reserved 1114112K
  class space    used 1249K, committed 1472K, reserved 1048576K
}
Event: 2860.998 GC heap after
{Heap after GC invocations=14 (full 13):
 ZHeap           used 326M, capacity 768M, max capacity 768M
 Metaspace       used 15926K, committed 16448K, reserved 1114112K
  class space    used 1249K, committed 1472K, reserved 1048576K
}
Event: 2860.998 GC heap before
{Heap before GC invocations=14 (full 13):
 ZHeap           used 326M, capacity 768M, max capacity 768M
 Metaspace       used 15926K, committed 16448K, reserved 1114112K
  class space    used 1249K, committed 1472K, reserved 1048576K
}
Event: 2861.103 GC heap after
{Heap after GC invocations=14 (full 13):
 ZHeap           used 328M, capacity 768M, max capacity 768M
 Metaspace       used 15869K, committed 16448K, reserved 1114112K
  class space    used 1233K, committed 1472K, reserved 1048576K
}
Event: 3153.678 GC heap before
{Heap before GC invocations=14 (full 13):
 ZHeap           used 406M, capacity 768M, max capacity 768M
 Metaspace       used 15906K, committed 16448K, reserved 1114112K
  class space    used 1233K, committed 1472K, reserved 1048576K
}
Event: 3153.696 GC heap after
{Heap after GC invocations=15 (full 14):
 ZHeap           used 330M, capacity 768M, max capacity 768M
 Metaspace       used 15906K, committed 16448K, reserved 1114112K
  class space    used 1233K, committed 1472K, reserved 1048576K
}
Event: 3153.696 GC heap before
{Heap before GC invocations=15 (full 14):
 ZHeap           used 330M, capacity 768M, max capacity 768M
 Metaspace       used 15906K, committed 16448K, reserved 1114112K
  class space    used 1233K, committed 1472K, reserved 1048576K
}
Event: 3153.793 GC heap after
{Heap after GC invocations=15 (full 14):
 ZHeap           used 332M, capacity 768M, max capacity 768M
 Metaspace       used 15901K, committed 16448K, reserved 1114112K
  class space    used 1231K, committed 1472K, reserved 1048576K
}
Event: 3453.794 GC heap before
{Heap before GC invocations=15 (full 14):
 ZHeap           used 404M, capacity 768M, max capacity 768M
 Metaspace       used 15937K, committed 16448K, reserved 1114112K
  class space    used 1238K, committed 1472K, reserved 1048576K
}
Event: 3453.811 GC heap after
{Heap after GC invocations=16 (full 15):
 ZHeap           used 334M, capacity 768M, max capacity 768M
 Metaspace       used 15937K, committed 16448K, reserved 1114112K
  class space    used 1238K, committed 1472K, reserved 1048576K
}
Event: 3453.811 GC heap before
{Heap before GC invocations=16 (full 15):
 ZHeap           used 334M, capacity 768M, max capacity 768M
 Metaspace       used 15937K, committed 16448K, reserved 1114112K
  class space    used 1238K, committed 1472K, reserved 1048576K
}
Event: 3453.920 GC heap after
{Heap after GC invocations=16 (full 15):
 ZHeap           used 336M, capacity 768M, max capacity 768M
 Metaspace       used 15937K, committed 16448K, reserved 1114112K
  class space    used 1238K, committed 1472K, reserved 1048576K
}

Dll operation events (7 events):
Event: 0.001 Loaded shared library /usr/lib/jvm/zulu21-ca-amd64/lib/libjava.so
Event: 0.166 Loaded shared library /usr/lib/jvm/zulu21-ca-amd64/lib/libjsvml.so
Event: 0.180 Loaded shared library /usr/lib/jvm/zulu21-ca-amd64/lib/libnio.so
Event: 0.184 Loaded shared library /usr/lib/jvm/zulu21-ca-amd64/lib/libzip.so
Event: 0.241 Loaded shared library /usr/lib/jvm/zulu21-ca-amd64/lib/libjimage.so
Event: 0.303 Loaded shared library /usr/lib/jvm/zulu21-ca-amd64/lib/libnet.so
Event: 0.310 Loaded shared library /usr/lib/jvm/zulu21-ca-amd64/lib/libextnet.so

Deoptimization events (250 events):
Event: 572.244 Thread 0x00007630b4495050 DEOPT PACKING pc=0x00007630a43d1e90 sp=0x000076307d62e790
Event: 572.244 Thread 0x00007630b4495050 DEOPT UNPACKING pc=0x00007630a3ab2899 sp=0x000076307d62e6b0 mode 2
Event: 572.244 Thread 0x00007630b4495050 Uncommon trap: trap_request=0xffffffde fr.pc=0x00007630a42669f0 relative=0x0000000000000350
Event: 572.244 Thread 0x00007630b4495050 Uncommon trap: reason=class_check action=maybe_recompile pc=0x00007630a42669f0 method=io.aeron.driver.DriverConductor.checkManagedResources(Ljava/util/ArrayList;JJ)V @ 62 c2
Event: 572.244 Thread 0x00007630b4495050 DEOPT PACKING pc=0x00007630a42669f0 sp=0x000076307d62e6f0
Event: 572.244 Thread 0x00007630b4495050 DEOPT UNPACKING pc=0x00007630a3ab2899 sp=0x000076307d62e6b0 mode 2
Event: 577.340 Thread 0x0000762b446fb460 Uncommon trap: trap_request=0xffffff6e fr.pc=0x00007630a4276f08 relative=0x00000000000003c8
Event: 577.340 Thread 0x0000762b446fb460 Uncommon trap: reason=loop_limit_check action=maybe_recompile pc=0x00007630a4276f08 method=com.lmax.disruptor.BatchEventProcessor.processEvents()V @ 73 c2
Event: 577.340 Thread 0x0000762b446fb460 DEOPT PACKING pc=0x00007630a4276f08 sp=0x0000762bb0c09870
Event: 577.340 Thread 0x0000762b446fb460 DEOPT UNPACKING pc=0x00007630a3ab2899 sp=0x0000762bb0c09828 mode 2
Event: 585.561 Thread 0x0000762b446f4b60 Uncommon trap: trap_request=0xffffff45 fr.pc=0x00007630a41abc88 relative=0x00000000000009c8
Event: 585.561 Thread 0x0000762b446f4b60 Uncommon trap: reason=unstable_if action=reinterpret pc=0x00007630a41abc88 method=com.match.application.orderbook.ArrayMatchingEngine.collectTopLevels(I)V @ 156 c2
Event: 585.561 Thread 0x0000762b446f4b60 DEOPT PACKING pc=0x00007630a41abc88 sp=0x000076307cf2c6f0
Event: 585.561 Thread 0x0000762b446f4b60 DEOPT UNPACKING pc=0x00007630a3ab2899 sp=0x000076307cf2c5e0 mode 2
Event: 599.015 Thread 0x0000762b446fcb90 DEOPT PACKING pc=0x000076309cb4d92c sp=0x0000762bb0b097b0
Event: 599.015 Thread 0x0000762b446fcb90 DEOPT UNPACKING pc=0x00007630a3ab302f sp=0x0000762bb0b08d48 mode 0
Event: 657.156 Thread 0x0000762b446ff8f0 Uncommon trap: trap_request=0xffffff6e fr.pc=0x00007630a428d1f8 relative=0x0000000000000cd8
Event: 657.156 Thread 0x0000762b446ff8f0 Uncommon trap: reason=loop_limit_check action=maybe_recompile pc=0x00007630a428d1f8 method=org.agrona.collections.Long2ObjectHashMap$AbstractIterator.findNext()V @ 44 c2
Event: 657.156 Thread 0x0000762b446ff8f0 DEOPT PACKING pc=0x00007630a428d1f8 sp=0x0000762bb0909770
Event: 657.156 Thread 0x0000762b446ff8f0 DEOPT UNPACKING pc=0x00007630a3ab2899 sp=0x0000762bb0909648 mode 2
Event: 657.156 Thread 0x0000762b446ff8f0 Uncommon trap: trap_request=0xffffff6e fr.pc=0x00007630a4247894 relative=0x00000000000006d4
Event: 657.156 Thread 0x0000762b446ff8f0 Uncommon trap: reason=loop_limit_check action=maybe_recompile pc=0x00007630a4247894 method=org.agrona.collections.Long2ObjectHashMap$AbstractIterator.findNext()V @ 44 c2
Event: 657.156 Thread 0x0000762b446ff8f0 DEOPT PACKING pc=0x00007630a4247894 sp=0x0000762bb0909770
Event: 657.156 Thread 0x0000762b446ff8f0 DEOPT UNPACKING pc=0x00007630a3ab2899 sp=0x0000762bb0909658 mode 2
Event: 663.360 Thread 0x0000762b446f6120 DEOPT PACKING pc=0x000076309cb29f22 sp=0x0000762bb109b790
Event: 663.360 Thread 0x0000762b446f6120 DEOPT UNPACKING pc=0x00007630a3ab302f sp=0x0000762bb109ad20 mode 0
Event: 666.955 Thread 0x0000762b446fcb90 Uncommon trap: trap_request=0xffffff45 fr.pc=0x00007630a426b0ec relative=0x000000000000082c
Event: 666.955 Thread 0x0000762b446fcb90 Uncommon trap: reason=unstable_if action=reinterpret pc=0x00007630a426b0ec method=com.match.application.orderbook.ArrayMatchingEngine.collectTopLevels(I)V @ 5 c2
Event: 666.955 Thread 0x0000762b446fcb90 DEOPT PACKING pc=0x00007630a426b0ec sp=0x0000762bb0b09720
Event: 666.955 Thread 0x0000762b446fcb90 DEOPT UNPACKING pc=0x00007630a3ab2899 sp=0x0000762bb0b09608 mode 2
Event: 770.752 Thread 0x0000762b446f83c0 DEOPT PACKING pc=0x000076309cb34282 sp=0x0000762bb0e097c0
Event: 770.752 Thread 0x0000762b446f83c0 DEOPT UNPACKING pc=0x00007630a3ab302f sp=0x0000762bb0e08d20 mode 0
Event: 934.947 Thread 0x00007630b4497cb0 Uncommon trap: trap_request=0xffffff45 fr.pc=0x00007630a443322c relative=0x000000000000114c
Event: 934.947 Thread 0x00007630b4497cb0 Uncommon trap: reason=unstable_if action=reinterpret pc=0x00007630a443322c method=io.aeron.protocol.DataHeaderFlyweight.isHeartbeat(Lorg/agrona/concurrent/UnsafeBuffer;I)Z @ 11 c2
Event: 934.947 Thread 0x00007630b4497cb0 DEOPT PACKING pc=0x00007630a443322c sp=0x000076307d42e530
Event: 934.947 Thread 0x00007630b4497cb0 DEOPT UNPACKING pc=0x00007630a3ab2899 sp=0x000076307d42e440 mode 2
Event: 934.947 Thread 0x0000762b84001030 Uncommon trap: trap_request=0xffffff45 fr.pc=0x00007630a43b322c relative=0x000000000000092c
Event: 934.947 Thread 0x0000762b84001030 Uncommon trap: reason=unstable_if action=reinterpret pc=0x00007630a43b322c method=io.aeron.logbuffer.FrameDescriptor.isPaddingFrame(Lorg/agrona/concurrent/UnsafeBuffer;I)Z @ 8 c2
Event: 934.947 Thread 0x0000762b84001030 DEOPT PACKING pc=0x00007630a43b322c sp=0x000076307cc2c710
Event: 934.947 Thread 0x0000762b84001030 DEOPT UNPACKING pc=0x00007630a3ab2899 sp=0x000076307cc2c4f8 mode 2
Event: 934.947 Thread 0x0000762b84001030 Uncommon trap: trap_request=0xffffff45 fr.pc=0x00007630a444cfa8 relative=0x0000000000000be8
Event: 934.947 Thread 0x0000762b84001030 Uncommon trap: reason=unstable_if action=reinterpret pc=0x00007630a444cfa8 method=io.aeron.archive.RecordingWriter.onBlock(Lorg/agrona/DirectBuffer;IIII)V @ 10 c2
Event: 934.947 Thread 0x0000762b84001030 DEOPT PACKING pc=0x00007630a444cfa8 sp=0x000076307cc2c560
Event: 934.947 Thread 0x0000762b84001030 DEOPT UNPACKING pc=0x00007630a3ab2899 sp=0x000076307cc2c520 mode 2
Event: 934.949 Thread 0x00007630b4699580 Uncommon trap: trap_request=0xffffff45 fr.pc=0x00007630a43a2248 relative=0x00000000000007a8
Event: 934.949 Thread 0x00007630b4699580 Uncommon trap: reason=unstable_if action=reinterpret pc=0x00007630a43a2248 method=io.aeron.logbuffer.FrameDescriptor.isPaddingFrame(Lorg/agrona/concurrent/UnsafeBuffer;I)Z @ 8 c2
Event: 934.949 Thread 0x00007630b4699580 DEOPT PACKING pc=0x00007630a43a2248 sp=0x000076307c82a6b0
Event: 934.949 Thread 0x00007630b4699580 DEOPT UNPACKING pc=0x00007630a3ab2899 sp=0x000076307c82a5d0 mode 2
Event: 934.950 Thread 0x00007630b47e3fe0 Uncommon trap: trap_request=0xffffff45 fr.pc=0x00007630a423d17c relative=0x00000000000000dc
Event: 934.950 Thread 0x00007630b47e3fe0 Uncommon trap: reason=unstable_if action=reinterpret pc=0x00007630a423d17c method=io.aeron.logbuffer.FrameDescriptor.isPaddingFrame(Lorg/agrona/concurrent/UnsafeBuffer;I)Z @ 8 c2
Event: 934.950 Thread 0x00007630b47e3fe0 DEOPT PACKING pc=0x00007630a423d17c sp=0x0000762bb119b650
Event: 934.950 Thread 0x00007630b47e3fe0 DEOPT UNPACKING pc=0x00007630a3ab2899 sp=0x0000762bb119b620 mode 2
Event: 935.197 Thread 0x0000762b446fe2d0 DEOPT PACKING pc=0x000076309cb29cff sp=0x0000762bb0a09790
Event: 935.197 Thread 0x0000762b446fe2d0 DEOPT UNPACKING pc=0x00007630a3ab302f sp=0x0000762bb0a08d20 mode 0
Event: 1008.674 Thread 0x0000762a9400ace0 DEOPT PACKING pc=0x000076309c787556 sp=0x000076307dc2e710
Event: 1008.674 Thread 0x0000762a9400ace0 DEOPT UNPACKING pc=0x00007630a3ab302f sp=0x000076307dc2dc68 mode 0
Event: 1020.891 Thread 0x00007630b46ce2b0 Uncommon trap: trap_request=0xffffff45 fr.pc=0x00007630a42b4068 relative=0x00000000000005c8
Event: 1020.891 Thread 0x00007630b46ce2b0 Uncommon trap: reason=unstable_if action=reinterpret pc=0x00007630a42b4068 method=io.aeron.ExclusivePublication.tryClaim(ILio/aeron/logbuffer/BufferClaim;)J @ 42 c2
Event: 1020.891 Thread 0x00007630b46ce2b0 DEOPT PACKING pc=0x00007630a42b4068 sp=0x000076307c5285f0
Event: 1020.891 Thread 0x00007630b46ce2b0 DEOPT UNPACKING pc=0x00007630a3ab2899 sp=0x000076307c5285a0 mode 2
Event: 1025.893 Thread 0x00007630b46ce2b0 Uncommon trap: trap_request=0xffffff45 fr.pc=0x00007630a43b5c0c relative=0x000000000000020c
Event: 1025.893 Thread 0x00007630b46ce2b0 Uncommon trap: reason=unstable_if action=reinterpret pc=0x00007630a43b5c0c method=io.aeron.archive.ControlSession.hasNoActivity(J)Z @ 17 c2
Event: 1025.893 Thread 0x00007630b46ce2b0 DEOPT PACKING pc=0x00007630a43b5c0c sp=0x000076307c528700
Event: 1025.893 Thread 0x00007630b46ce2b0 DEOPT UNPACKING pc=0x00007630a3ab2899 sp=0x000076307c528640 mode 2
Event: 1025.897 Thread 0x00007630b4495050 Uncommon trap: trap_request=0xffffff45 fr.pc=0x00007630a43a4e28 relative=0x0000000000000308
Event: 1025.897 Thread 0x00007630b4495050 Uncommon trap: reason=unstable_if action=reinterpret pc=0x00007630a43a4e28 method=io.aeron.driver.NetworkPublication.onTimeEvent(JJLio/aeron/driver/DriverConductor;)V @ 47 c2
Event: 1025.897 Thread 0x00007630b4495050 DEOPT PACKING pc=0x00007630a43a4e28 sp=0x000076307d62e740
Event: 1025.897 Thread 0x00007630b4495050 DEOPT UNPACKING pc=0x00007630a3ab2899 sp=0x000076307d62e6d0 mode 2
Event: 1025.897 Thread 0x00007630b4495050 Uncommon trap: trap_request=0xffffff45 fr.pc=0x00007630a427b64c relative=0x000000000000038c
Event: 1025.897 Thread 0x00007630b4495050 Uncommon trap: reason=unstable_if action=reinterpret pc=0x00007630a427b64c method=io.aeron.driver.NetworkPublication.updatePublisherPositionAndLimit()I @ 9 c2
Event: 1025.897 Thread 0x00007630b4495050 DEOPT PACKING pc=0x00007630a427b64c sp=0x000076307d62e720
Event: 1025.897 Thread 0x00007630b4495050 DEOPT UNPACKING pc=0x00007630a3ab2899 sp=0x000076307d62e678 mode 2
Event: 1025.897 Thread 0x00007630b4497cb0 Uncommon trap: trap_request=0xffffff45 fr.pc=0x00007630a445782c relative=0x0000000000000d6c
Event: 1025.897 Thread 0x00007630b4497cb0 Uncommon trap: reason=unstable_if action=reinterpret pc=0x00007630a445782c method=io.aeron.driver.PublicationImage.sendPendingStatusMessage(J)I @ 41 c2
Event: 1025.897 Thread 0x00007630b4497cb0 DEOPT PACKING pc=0x00007630a445782c sp=0x000076307d42e790
Event: 1025.897 Thread 0x00007630b4497cb0 DEOPT UNPACKING pc=0x00007630a3ab2899 sp=0x000076307d42e680 mode 2
Event: 1025.902 Thread 0x00007630b4496600 Uncommon trap: trap_request=0xffffffc6 fr.pc=0x00007630a42ec1dc relative=0x0000000000000f3c
Event: 1025.902 Thread 0x00007630b4496600 Uncommon trap: reason=bimorphic_or_optimized_type_check action=maybe_recompile pc=0x00007630a42ec1dc method=io.aeron.driver.Sender.doWork()I @ 48 c2
Event: 1025.902 Thread 0x00007630b4496600 DEOPT PACKING pc=0x00007630a42ec1dc sp=0x000076307d52e800
Event: 1025.902 Thread 0x00007630b4496600 DEOPT UNPACKING pc=0x00007630a3ab2899 sp=0x000076307d52e768 mode 2
Event: 1025.902 Thread 0x00007630b4496600 Uncommon trap: trap_request=0xffffffc6 fr.pc=0x00007630a42ec1dc relative=0x0000000000000f3c
Event: 1025.902 Thread 0x00007630b4496600 Uncommon trap: reason=bimorphic_or_optimized_type_check action=maybe_recompile pc=0x00007630a42ec1dc method=io.aeron.driver.Sender.doWork()I @ 48 c2
Event: 1025.902 Thread 0x00007630b4496600 DEOPT PACKING pc=0x00007630a42ec1dc sp=0x000076307d52e800
Event: 1025.902 Thread 0x00007630b4496600 DEOPT UNPACKING pc=0x00007630a3ab2899 sp=0x000076307d52e768 mode 2
Event: 1025.916 Thread 0x00007630b46ce2b0 Uncommon trap: trap_request=0xffffff6e fr.pc=0x00007630a4234cd0 relative=0x0000000000000410
Event: 1025.916 Thread 0x00007630b46ce2b0 Uncommon trap: reason=loop_limit_check action=maybe_recompile pc=0x00007630a4234cd0 method=java.lang.StringLatin1.indexOf([BI[BII)I @ 37 c2
Event: 1025.916 Thread 0x00007630b46ce2b0 DEOPT PACKING pc=0x00007630a4234cd0 sp=0x000076307c527130
Event: 1025.916 Thread 0x00007630b46ce2b0 DEOPT UNPACKING pc=0x00007630a3ab2899 sp=0x000076307c5270b0 mode 2
Event: 1025.963 Thread 0x00007630b4497cb0 Uncommon trap: trap_request=0xffffff45 fr.pc=0x00007630a4324584 relative=0x0000000000000824
Event: 1025.963 Thread 0x00007630b4497cb0 Uncommon trap: reason=unstable_if action=reinterpret pc=0x00007630a4324584 method=io.aeron.driver.PublicationImage.insertPacket(IILorg/agrona/concurrent/UnsafeBuffer;IILjava/net/InetSocketAddress;)I @ 5 c2
Event: 1025.963 Thread 0x00007630b4497cb0 DEOPT PACKING pc=0x00007630a4324584 sp=0x000076307d42e510
Event: 1025.963 Thread 0x00007630b4497cb0 DEOPT UNPACKING pc=0x00007630a3ab2899 sp=0x000076307d42e480 mode 2
Event: 1026.011 Thread 0x00007630b4497cb0 Uncommon trap: trap_request=0xffffffc6 fr.pc=0x00007630a42404cc relative=0x00000000000001ac
Event: 1026.011 Thread 0x00007630b4497cb0 Uncommon trap: reason=bimorphic_or_optimized_type_check action=maybe_recompile pc=0x00007630a42404cc method=org.agrona.AbstractMutableDirectBuffer.putLong(IJLjava/nio/ByteOrder;)V @ 4 c2
Event: 1026.011 Thread 0x00007630b4497cb0 DEOPT PACKING pc=0x00007630a42404cc sp=0x000076307d42e4c0
Event: 1026.011 Thread 0x00007630b4497cb0 DEOPT UNPACKING pc=0x00007630a3ab2899 sp=0x000076307d42e480 mode 2
Event: 1026.012 Thread 0x00007630b4496600 Uncommon trap: trap_request=0xffffff45 fr.pc=0x00007630a41f7400 relative=0x0000000000000740
Event: 1026.012 Thread 0x00007630b4496600 Uncommon trap: reason=unstable_if action=reinterpret pc=0x00007630a41f7400 method=io.aeron.driver.NetworkPublication.updateHasReceivers(J)V @ 25 c2
Event: 1026.012 Thread 0x00007630b4496600 DEOPT PACKING pc=0x00007630a41f7400 sp=0x000076307d52e6f0
Event: 1026.012 Thread 0x00007630b4496600 DEOPT UNPACKING pc=0x00007630a3ab2899 sp=0x000076307d52e6d8 mode 2
Event: 1026.023 Thread 0x00007630b4495050 Uncommon trap: trap_request=0xffffff45 fr.pc=0x00007630a4234078 relative=0x0000000000000178
Event: 1026.023 Thread 0x00007630b4495050 Uncommon trap: reason=unstable_if action=reinterpret pc=0x00007630a4234078 method=java.lang.Long.stringSize(J)I @ 24 c2
Event: 1026.023 Thread 0x00007630b4495050 DEOPT PACKING pc=0x00007630a4234078 sp=0x000076307d62e1d0
Event: 1026.023 Thread 0x00007630b4495050 DEOPT UNPACKING pc=0x00007630a3ab2899 sp=0x000076307d62e158 mode 2
Event: 1026.023 Thread 0x00007630b4495050 Uncommon trap: trap_request=0xffffff45 fr.pc=0x00007630a423396c relative=0x00000000000002ac
Event: 1026.023 Thread 0x00007630b4495050 Uncommon trap: reason=unstable_if action=reinterpret pc=0x00007630a423396c method=java.lang.Long.getChars(JI[B)I @ 29 c2
Event: 1026.023 Thread 0x00007630b4495050 DEOPT PACKING pc=0x00007630a423396c sp=0x000076307d62dfc0
Event: 1026.023 Thread 0x00007630b4495050 DEOPT UNPACKING pc=0x00007630a3ab2899 sp=0x000076307d62df68 mode 2
Event: 1026.037 Thread 0x0000762b18001990 Uncommon trap: trap_request=0xffffff54 fr.pc=0x00007630a4251940 relative=0x00000000000000a0
Event: 1026.037 Thread 0x0000762b18001990 Uncommon trap: reason=speculate_null_assert action=make_not_entrant pc=0x00007630a4251940 method=org.agrona.UnsafeApi.getShort(Ljava/lang/Object;J)S @ 5 c2
Event: 1026.037 Thread 0x0000762b18001990 DEOPT PACKING pc=0x00007630a4251940 sp=0x000076307c226380
Event: 1026.037 Thread 0x0000762b18001990 DEOPT UNPACKING pc=0x00007630a3ab2899 sp=0x000076307c2262c8 mode 2
Event: 1026.037 Thread 0x0000762b18001990 Uncommon trap: trap_request=0xffffff54 fr.pc=0x00007630a41bd0cc relative=0x000000000000004c
Event: 1026.037 Thread 0x0000762b18001990 Uncommon trap: reason=speculate_null_assert action=make_not_entrant pc=0x00007630a41bd0cc method=org.agrona.UnsafeApi.getShort(Ljava/lang/Object;J)S @ 5 c2
Event: 1026.037 Thread 0x0000762b18001990 DEOPT PACKING pc=0x00007630a41bd0cc sp=0x000076307c226320
Event: 1026.037 Thread 0x0000762b18001990 DEOPT UNPACKING pc=0x00007630a3ab2899 sp=0x000076307c2262c8 mode 2
Event: 1026.211 Thread 0x00007630b4497cb0 Uncommon trap: trap_request=0xffffffc6 fr.pc=0x00007630a42404cc relative=0x00000000000001ac
Event: 1026.211 Thread 0x00007630b4497cb0 Uncommon trap: reason=bimorphic_or_optimized_type_check action=maybe_recompile pc=0x00007630a42404cc method=org.agrona.AbstractMutableDirectBuffer.putLong(IJLjava/nio/ByteOrder;)V @ 4 c2
Event: 1026.211 Thread 0x00007630b4497cb0 DEOPT PACKING pc=0x00007630a42404cc sp=0x000076307d42e4c0
Event: 1026.211 Thread 0x00007630b4497cb0 DEOPT UNPACKING pc=0x00007630a3ab2899 sp=0x000076307d42e480 mode 2
Event: 1026.411 Thread 0x00007630b4497cb0 Uncommon trap: trap_request=0xffffffc6 fr.pc=0x00007630a42404cc relative=0x00000000000001ac
Event: 1026.411 Thread 0x00007630b4497cb0 Uncommon trap: reason=bimorphic_or_optimized_type_check action=maybe_recompile pc=0x00007630a42404cc method=org.agrona.AbstractMutableDirectBuffer.putLong(IJLjava/nio/ByteOrder;)V @ 4 c2
Event: 1026.411 Thread 0x00007630b4497cb0 DEOPT PACKING pc=0x00007630a42404cc sp=0x000076307d42e5a0
Event: 1026.411 Thread 0x00007630b4497cb0 DEOPT UNPACKING pc=0x00007630a3ab2899 sp=0x000076307d42e560 mode 2
Event: 1026.612 Thread 0x00007630b4497cb0 Uncommon trap: trap_request=0xffffffc6 fr.pc=0x00007630a42404cc relative=0x00000000000001ac
Event: 1026.612 Thread 0x00007630b4497cb0 Uncommon trap: reason=bimorphic_or_optimized_type_check action=maybe_recompile pc=0x00007630a42404cc method=org.agrona.AbstractMutableDirectBuffer.putLong(IJLjava/nio/ByteOrder;)V @ 4 c2
Event: 1026.612 Thread 0x00007630b4497cb0 DEOPT PACKING pc=0x00007630a42404cc sp=0x000076307d42e5a0
Event: 1026.612 Thread 0x00007630b4497cb0 DEOPT UNPACKING pc=0x00007630a3ab2899 sp=0x000076307d42e560 mode 2
Event: 1031.383 Thread 0x00007630b4495050 Uncommon trap: trap_request=0xffffffde fr.pc=0x00007630a4452fac relative=0x000000000000060c
Event: 1031.383 Thread 0x00007630b4495050 Uncommon trap: reason=class_check action=maybe_recompile pc=0x00007630a4452fac method=io.aeron.driver.DriverConductor.drainCommandQueue()I @ 42 c2
Event: 1031.383 Thread 0x00007630b4495050 DEOPT PACKING pc=0x00007630a4452fac sp=0x000076307d62e800
Event: 1031.383 Thread 0x00007630b4495050 DEOPT UNPACKING pc=0x00007630a3ab2899 sp=0x000076307d62e748 mode 2
Event: 1031.383 Thread 0x00007630b4495050 Uncommon trap: trap_request=0xffffffde fr.pc=0x00007630a4452fac relative=0x000000000000060c
Event: 1031.383 Thread 0x00007630b4495050 Uncommon trap: reason=class_check action=maybe_recompile pc=0x00007630a4452fac method=io.aeron.driver.DriverConductor.drainCommandQueue()I @ 42 c2
Event: 1031.383 Thread 0x00007630b4495050 DEOPT PACKING pc=0x00007630a4452fac sp=0x000076307d62e800
Event: 1031.383 Thread 0x00007630b4495050 DEOPT UNPACKING pc=0x00007630a3ab2899 sp=0x000076307d62e748 mode 2
Event: 1035.814 Thread 0x00007630b4497cb0 Uncommon trap: trap_request=0xffffff45 fr.pc=0x00007630a43cd680 relative=0x0000000000000d20
Event: 1035.814 Thread 0x00007630b4497cb0 Uncommon trap: reason=unstable_if action=reinterpret pc=0x00007630a43cd680 method=io.aeron.driver.PublicationImage.isConnected(J)Z @ 13 c2
Event: 1035.814 Thread 0x00007630b4497cb0 DEOPT PACKING pc=0x00007630a43cd680 sp=0x000076307d42e790
Event: 1035.814 Thread 0x00007630b4497cb0 DEOPT UNPACKING pc=0x00007630a3ab2899 sp=0x000076307d42e6f0 mode 2
Event: 1035.814 Thread 0x00007630b4495050 Uncommon trap: trap_request=0xffffff45 fr.pc=0x00007630a43a0b0c relative=0x000000000000012c
Event: 1035.814 Thread 0x00007630b4495050 Uncommon trap: reason=unstable_if action=reinterpret pc=0x00007630a43a0b0c method=io.aeron.driver.PublicationImage.onTimeEvent(JJLio/aeron/driver/DriverConductor;)V @ 11 c2
Event: 1035.814 Thread 0x00007630b4495050 DEOPT PACKING pc=0x00007630a43a0b0c sp=0x000076307d62e740
Event: 1035.814 Thread 0x00007630b4495050 DEOPT UNPACKING pc=0x00007630a3ab2899 sp=0x000076307d62e6f0 mode 2
Event: 1035.814 Thread 0x00007630b4495050 Uncommon trap: trap_request=0xffffff45 fr.pc=0x00007630a43a3af0 relative=0x0000000000000070
Event: 1035.814 Thread 0x00007630b4495050 Uncommon trap: reason=unstable_if action=reinterpret pc=0x00007630a43a3af0 method=io.aeron.driver.PublicationImage.hasReachedEndOfLife()Z @ 4 c2
Event: 1035.814 Thread 0x00007630b4495050 DEOPT PACKING pc=0x00007630a43a3af0 sp=0x000076307d62e760
Event: 1035.814 Thread 0x00007630b4495050 DEOPT UNPACKING pc=0x00007630a3ab2899 sp=0x000076307d62e718 mode 2
Event: 1035.814 Thread 0x00007630b4495050 Uncommon trap: trap_request=0xffffff45 fr.pc=0x00007630a43b8b4c relative=0x0000000000000ecc
Event: 1035.814 Thread 0x00007630b4495050 Uncommon trap: reason=unstable_if action=reinterpret pc=0x00007630a43b8b4c method=io.aeron.driver.PublicationImage.trackRebuild(J)I @ 6 c2
Event: 1035.814 Thread 0x00007630b4495050 DEOPT PACKING pc=0x00007630a43b8b4c sp=0x000076307d62e770
Event: 1035.814 Thread 0x00007630b4495050 DEOPT UNPACKING pc=0x00007630a3ab2899 sp=0x000076307d62e638 mode 2
Event: 1035.963 Thread 0x00007630b4497cb0 Uncommon trap: trap_request=0xfffffff4 fr.pc=0x00007630a442c91c relative=0x000000000000043c
Event: 1035.963 Thread 0x00007630b4497cb0 Uncommon trap: reason=null_check action=make_not_entrant pc=0x00007630a442c91c method=io.aeron.driver.DataPacketDispatcher$StreamInterest.findActive(I)Lio/aeron/driver/PublicationImage; @ 8 c2
Event: 1035.963 Thread 0x00007630b4497cb0 DEOPT PACKING pc=0x00007630a442c91c sp=0x000076307d42e5a0
Event: 1035.963 Thread 0x00007630b4497cb0 DEOPT UNPACKING pc=0x00007630a3ab2899 sp=0x000076307d42e488 mode 2
Event: 1036.863 Thread 0x00007630b4495050 Uncommon trap: trap_request=0xffffff45 fr.pc=0x00007630a423c660 relative=0x0000000000000220
Event: 1036.863 Thread 0x00007630b4495050 Uncommon trap: reason=unstable_if action=reinterpret pc=0x00007630a423c660 method=io.aeron.driver.PublicationImage.onTimeEvent(JJLio/aeron/driver/DriverConductor;)V @ 103 c2
Event: 1036.863 Thread 0x00007630b4495050 DEOPT PACKING pc=0x00007630a423c660 sp=0x000076307d62e740
Event: 1036.863 Thread 0x00007630b4495050 DEOPT UNPACKING pc=0x00007630a3ab2899 sp=0x000076307d62e6f0 mode 2
Event: 1036.964 Thread 0x00007630b4496600 Uncommon trap: trap_request=0xffffff45 fr.pc=0x00007630a447d44c relative=0x0000000000000cec
Event: 1036.964 Thread 0x00007630b4496600 Uncommon trap: reason=unstable_if action=reinterpret pc=0x00007630a447d44c method=io.aeron.driver.media.SendChannelEndpoint.onStatusMessage(Lio/aeron/protocol/StatusMessageFlyweight;Lorg/agrona/concurrent/UnsafeBuffer;ILjava/net/InetSocketAddress;Lio/aero
Event: 1036.964 Thread 0x00007630b4497cb0 Uncommon trap: trap_request=0xffffff6e fr.pc=0x00007630a4456064 relative=0x00000000000002e4
Event: 1036.964 Thread 0x00007630b4496600 DEOPT PACKING pc=0x00007630a447d44c sp=0x000076307d52e770
Event: 1036.964 Thread 0x00007630b4497cb0 Uncommon trap: reason=loop_limit_check action=maybe_recompile pc=0x00007630a4456064 method=io.aeron.driver.Receiver.checkPendingSetupMessages(J)I @ 19 c2
Event: 1036.964 Thread 0x00007630b4497cb0 DEOPT PACKING pc=0x00007630a4456064 sp=0x000076307d42e720
Event: 1036.964 Thread 0x00007630b4496600 DEOPT UNPACKING pc=0x00007630a3ab2899 sp=0x000076307d52e740 mode 2
Event: 1036.964 Thread 0x00007630b4497cb0 DEOPT UNPACKING pc=0x00007630a3ab2899 sp=0x000076307d42e6c8 mode 2
Event: 1036.964 Thread 0x00007630b4496600 Uncommon trap: trap_request=0xffffff45 fr.pc=0x00007630a442ef20 relative=0x00000000000008c0
Event: 1036.964 Thread 0x00007630b4496600 Uncommon trap: reason=unstable_if action=reinterpret pc=0x00007630a442ef20 method=io.aeron.driver.NetworkPublication.send(J)I @ 42 c2
Event: 1036.964 Thread 0x00007630b4496600 DEOPT PACKING pc=0x00007630a442ef20 sp=0x000076307d52e770
Event: 1036.964 Thread 0x00007630b4496600 DEOPT UNPACKING pc=0x00007630a3ab2899 sp=0x000076307d52e740 mode 2
Event: 1046.863 Thread 0x00007630b4495050 Uncommon trap: trap_request=0xffffff45 fr.pc=0x00007630a440b068 relative=0x00000000000000e8
Event: 1046.863 Thread 0x00007630b4495050 Uncommon trap: reason=unstable_if action=reinterpret pc=0x00007630a440b068 method=io.aeron.driver.PublicationImage.onTimeEvent(JJLio/aeron/driver/DriverConductor;)V @ 215 c2
Event: 1046.863 Thread 0x00007630b4495050 DEOPT PACKING pc=0x00007630a440b068 sp=0x000076307d62e740
Event: 1046.863 Thread 0x00007630b4495050 DEOPT UNPACKING pc=0x00007630a3ab2899 sp=0x000076307d62e6f0 mode 2
Event: 1046.863 Thread 0x00007630b4495050 Uncommon trap: trap_request=0xffffff45 fr.pc=0x00007630a420a5a8 relative=0x0000000000000088
Event: 1046.863 Thread 0x00007630b4495050 Uncommon trap: reason=unstable_if action=reinterpret pc=0x00007630a420a5a8 method=io.aeron.driver.PublicationImage.hasReachedEndOfLife()Z @ 14 c2
Event: 1046.863 Thread 0x00007630b4495050 DEOPT PACKING pc=0x00007630a420a5a8 sp=0x000076307d62e770
Event: 1046.863 Thread 0x00007630b4495050 DEOPT UNPACKING pc=0x00007630a3ab2899 sp=0x000076307d62e710 mode 2
Event: 1113.552 Thread 0x0000762b44700eb0 DEOPT PACKING pc=0x000076309cb29f22 sp=0x0000762bb0809790
Event: 1113.552 Thread 0x0000762b44700eb0 DEOPT UNPACKING pc=0x00007630a3ab302f sp=0x0000762bb0808d20 mode 0
Event: 1756.306 Thread 0x00007630b4699580 Uncommon trap: trap_request=0xffffff45 fr.pc=0x00007630a446a954 relative=0x00000000000005f4
Event: 1756.306 Thread 0x00007630b4699580 Uncommon trap: reason=unstable_if action=reinterpret pc=0x00007630a446a954 method=io.aeron.logbuffer.FrameDescriptor.isPaddingFrame(Lorg/agrona/concurrent/UnsafeBuffer;I)Z @ 8 c2
Event: 1756.306 Thread 0x00007630b4699580 DEOPT PACKING pc=0x00007630a446a954 sp=0x000076307c82a6d0
Event: 1756.306 Thread 0x00007630b4699580 DEOPT UNPACKING pc=0x00007630a3ab2899 sp=0x000076307c82a5e8 mode 2
Event: 2191.153 Thread 0x0000762b446f9d60 Uncommon trap: trap_request=0xffffff45 fr.pc=0x00007630a44513a8 relative=0x0000000000000b48
Event: 2191.153 Thread 0x0000762b446f9d60 Uncommon trap: reason=unstable_if action=reinterpret pc=0x00007630a44513a8 method=java.util.concurrent.locks.ReentrantLock$Sync.lock()V @ 4 c2
Event: 2191.153 Thread 0x0000762b446f9d60 DEOPT PACKING pc=0x00007630a44513a8 sp=0x0000762bb0d09760
Event: 2191.153 Thread 0x0000762b446f9d60 DEOPT UNPACKING pc=0x00007630a3ab2899 sp=0x0000762bb0d095e0 mode 2
Event: 2368.758 Thread 0x00007630b47e3fe0 Uncommon trap: trap_request=0xffffff45 fr.pc=0x00007630a421c82c relative=0x000000000000024c
Event: 2368.758 Thread 0x00007630b47e3fe0 Uncommon trap: reason=unstable_if action=reinterpret pc=0x00007630a421c82c method=java.util.concurrent.locks.ReentrantLock$Sync.lock()V @ 4 c2
Event: 2368.758 Thread 0x00007630b47e3fe0 DEOPT PACKING pc=0x00007630a421c82c sp=0x0000762bb119b130
Event: 2368.758 Thread 0x00007630b47e3fe0 DEOPT UNPACKING pc=0x00007630a3ab2899 sp=0x0000762bb119b088 mode 2
Event: 2369.220 Thread 0x00007630b461e870 DEOPT PACKING pc=0x000076309c8e27e0 sp=0x000076307cd2bb90
Event: 2369.220 Thread 0x00007630b461e870 DEOPT UNPACKING pc=0x00007630a3ab302f sp=0x000076307cd2b1c0 mode 0
Event: 2429.010 Thread 0x00007630b47e3fe0 Uncommon trap: trap_request=0xffffff45 fr.pc=0x00007630a4375aa4 relative=0x000000000000ab24
Event: 2429.010 Thread 0x00007630b47e3fe0 Uncommon trap: reason=unstable_if action=reinterpret pc=0x00007630a4375aa4 method=com.lmax.disruptor.SingleProducerSequencer.next(I)J @ 78 c2
Event: 2429.010 Thread 0x00007630b47e3fe0 DEOPT PACKING pc=0x00007630a4375aa4 sp=0x0000762bb119b390
Event: 2429.010 Thread 0x00007630b47e3fe0 DEOPT UNPACKING pc=0x00007630a3ab2899 sp=0x0000762bb119b030 mode 2
Event: 2668.674 Thread 0x0000762a9400ace0 Uncommon trap: trap_request=0xffffff6e fr.pc=0x00007630a43a0bb0 relative=0x00000000000001f0
Event: 2668.674 Thread 0x0000762a9400ace0 Uncommon trap: reason=loop_limit_check action=maybe_recompile pc=0x00007630a43a0bb0 method=org.agrona.collections.Int2ObjectHashMap$AbstractIterator.findNext()V @ 44 c2
Event: 2668.674 Thread 0x0000762a9400ace0 DEOPT PACKING pc=0x00007630a43a0bb0 sp=0x000076307d82e290
Event: 2668.674 Thread 0x0000762a9400ace0 DEOPT UNPACKING pc=0x00007630a3ab2899 sp=0x000076307d82e228 mode 2
Event: 3269.169 Thread 0x0000762b84001030 Uncommon trap: trap_request=0xffffff45 fr.pc=0x00007630a42f3244 relative=0x0000000000000a44
Event: 3269.169 Thread 0x0000762b84001030 Uncommon trap: reason=unstable_if action=reinterpret pc=0x00007630a42f3244 method=io.aeron.Image.blockPoll(Lio/aeron/logbuffer/BlockHandler;I)I @ 4 c2
Event: 3269.169 Thread 0x0000762b84001030 DEOPT PACKING pc=0x00007630a42f3244 sp=0x000076307cc2c710
Event: 3269.169 Thread 0x0000762b84001030 DEOPT UNPACKING pc=0x00007630a3ab2899 sp=0x000076307cc2c5e8 mode 2
Event: 3269.169 Thread 0x0000762b84001030 Uncommon trap: trap_request=0xffffff45 fr.pc=0x00007630a43adaf0 relative=0x0000000000000130
Event: 3269.169 Thread 0x0000762b84001030 Uncommon trap: reason=unstable_if action=reinterpret pc=0x00007630a43adaf0 method=io.aeron.Image.isEndOfStream()Z @ 4 c2
Event: 3269.169 Thread 0x0000762b84001030 DEOPT PACKING pc=0x00007630a43adaf0 sp=0x000076307cc2c670
Event: 3269.169 Thread 0x0000762b84001030 DEOPT UNPACKING pc=0x00007630a3ab2899 sp=0x000076307cc2c640 mode 2
Event: 3297.714 Thread 0x00007630b4497cb0 Uncommon trap: trap_request=0xffffff45 fr.pc=0x00007630a4430f3c relative=0x000000000000055c
Event: 3297.714 Thread 0x00007630b4497cb0 Uncommon trap: reason=unstable_if action=reinterpret pc=0x00007630a4430f3c method=sun.nio.ch.DatagramChannelImpl.translateReadyOps(IILsun/nio/ch/SelectionKeyImpl;)Z @ 118 c2
Event: 3297.714 Thread 0x00007630b4497cb0 DEOPT PACKING pc=0x00007630a4430f3c sp=0x000076307d42e660
Event: 3297.714 Thread 0x00007630b4497cb0 DEOPT UNPACKING pc=0x00007630a3ab2899 sp=0x000076307d42e4b8 mode 2
Event: 3297.806 Thread 0x00007630b47e3fe0 Uncommon trap: trap_request=0xffffff45 fr.pc=0x00007630a433c670 relative=0x0000000000006c30
Event: 3297.806 Thread 0x00007630b47e3fe0 Uncommon trap: reason=unstable_if action=reinterpret pc=0x00007630a433c670 method=com.match.infrastructure.persistence.SbeDemuxer.dispatch(Lorg/agrona/DirectBuffer;IIJ)V @ 24 c2
Event: 3297.806 Thread 0x00007630b47e3fe0 DEOPT PACKING pc=0x00007630a433c670 sp=0x0000762bb119b580
Event: 3297.806 Thread 0x00007630b47e3fe0 DEOPT UNPACKING pc=0x00007630a3ab2899 sp=0x0000762bb119b448 mode 2
Event: 3297.811 Thread 0x0000762b446f7080 Uncommon trap: trap_request=0xffffff45 fr.pc=0x00007630a44623fc relative=0x000000000000063c
Event: 3297.811 Thread 0x0000762b446f7080 Uncommon trap: reason=unstable_if action=reinterpret pc=0x00007630a44623fc method=com.match.infrastructure.websocket.MarketPublisher.flushBuffers()V @ 42 c2
Event: 3297.811 Thread 0x0000762b446f7080 DEOPT PACKING pc=0x00007630a44623fc sp=0x0000762bb0f097d0
Event: 3297.811 Thread 0x0000762b446f7080 DEOPT UNPACKING pc=0x00007630a3ab2899 sp=0x0000762bb0f09788 mode 2
Event: 3297.811 Thread 0x0000762b446f7080 Uncommon trap: trap_request=0xffffff45 fr.pc=0x00007630a43b12cc relative=0x0000000000000b0c
Event: 3297.811 Thread 0x0000762b446f7080 Uncommon trap: reason=unstable_if action=reinterpret pc=0x00007630a43b12cc method=com.match.infrastructure.websocket.MarketPublisher.encodeBookSnapshot(Lcom/match/application/orderbook/MatchingEngine;)I @ 154 c2
Event: 3297.811 Thread 0x0000762b446f7080 DEOPT PACKING pc=0x00007630a43b12cc sp=0x0000762bb0f096e0
Event: 3297.811 Thread 0x0000762b446f7080 DEOPT UNPACKING pc=0x00007630a3ab2899 sp=0x0000762bb0f096a0 mode 2
Event: 3297.857 Thread 0x00007630b4497cb0 Uncommon trap: trap_request=0xffffff45 fr.pc=0x00007630a4324f8c relative=0x000000000000122c
Event: 3297.857 Thread 0x00007630b4497cb0 Uncommon trap: reason=unstable_if action=reinterpret pc=0x00007630a4324f8c method=io.aeron.protocol.DataHeaderFlyweight.isEndOfStream(Lorg/agrona/concurrent/UnsafeBuffer;)Z @ 9 c2
Event: 3297.857 Thread 0x00007630b4497cb0 DEOPT PACKING pc=0x00007630a4324f8c sp=0x000076307d42e3c0
Event: 3297.857 Thread 0x00007630b4497cb0 DEOPT UNPACKING pc=0x00007630a3ab2899 sp=0x000076307d42e2d0 mode 2
Event: 3297.857 Thread 0x00007630b4497cb0 Uncommon trap: trap_request=0xffffff45 fr.pc=0x00007630a4257690 relative=0x0000000000000ef0
Event: 3297.857 Thread 0x00007630b4497cb0 Uncommon trap: reason=unstable_if action=reinterpret pc=0x00007630a4257690 method=io.aeron.driver.PublicationImage.checkEosForDrainTransition(J)V @ 11 c2
Event: 3297.857 Thread 0x00007630b4497cb0 DEOPT PACKING pc=0x00007630a4257690 sp=0x000076307d42e790
Event: 3297.857 Thread 0x00007630b4497cb0 DEOPT UNPACKING pc=0x00007630a3ab2899 sp=0x000076307d42e6f0 mode 2
Event: 3298.857 Thread 0x00007630b4497cb0 Uncommon trap: trap_request=0xffffff45 fr.pc=0x00007630a447d928 relative=0x0000000000000fe8
Event: 3298.857 Thread 0x00007630b4497cb0 Uncommon trap: reason=unstable_if action=reinterpret pc=0x00007630a447d928 method=io.aeron.driver.PublicationImage.isConnected(J)Z @ 20 c2
Event: 3298.857 Thread 0x00007630b4497cb0 DEOPT PACKING pc=0x00007630a447d928 sp=0x000076307d42e790
Event: 3298.857 Thread 0x00007630b4497cb0 DEOPT UNPACKING pc=0x00007630a3ab2899 sp=0x000076307d42e6f0 mode 2
Event: 3569.003 Thread 0x00007630b4699580 DEOPT PACKING pc=0x000076309c839352 sp=0x000076307c82a240
Event: 3569.003 Thread 0x00007630b4699580 DEOPT UNPACKING pc=0x00007630a3ab302f sp=0x000076307c829760 mode 0
Event: 3580.407 Thread 0x00007630b4699580 Uncommon trap: trap_request=0xffffff45 fr.pc=0x00007630a43a6968 relative=0x0000000000000148
Event: 3580.407 Thread 0x00007630b4699580 Uncommon trap: reason=unstable_if action=reinterpret pc=0x00007630a43a6968 method=java.util.ArrayList.fastRemove([Ljava/lang/Object;I)V @ 19 c2
Event: 3580.407 Thread 0x00007630b4699580 DEOPT PACKING pc=0x00007630a43a6968 sp=0x000076307c82a460
Event: 3580.407 Thread 0x00007630b4699580 DEOPT UNPACKING pc=0x00007630a3ab2899 sp=0x000076307c82a3a0 mode 2
Event: 3628.673 Thread 0x0000762b4472e1d0 Uncommon trap: trap_request=0xffffff76 fr.pc=0x00007630a428ab14 relative=0x00000000000001d4
Event: 3628.673 Thread 0x0000762b4472e1d0 Uncommon trap: reason=predicate action=maybe_recompile pc=0x00007630a428ab14 method=java.util.HashMap.keysToArray([Ljava/lang/Object;)[Ljava/lang/Object; @ 48 c2
Event: 3628.673 Thread 0x0000762b4472e1d0 DEOPT PACKING pc=0x00007630a428ab14 sp=0x0000762bb0609780
Event: 3628.673 Thread 0x0000762b4472e1d0 DEOPT UNPACKING pc=0x00007630a3ab2899 sp=0x0000762bb0609728 mode 2

Classes loaded (250 events):
Event: 0.375 Loading class java/util/RegularEnumSet$EnumSetIterator
Event: 0.375 Loading class java/util/RegularEnumSet$EnumSetIterator done
Event: 0.390 Loading class java/util/function/LongFunction
Event: 0.390 Loading class java/util/function/LongFunction done
Event: 0.422 Loading class java/net/InetSocketAddress$InetSocketAddressHolder
Event: 0.422 Loading class java/net/InetSocketAddress$InetSocketAddressHolder done
Event: 0.428 Loading class java/net/PortUnreachableException
Event: 0.428 Loading class java/net/PortUnreachableException done
Event: 0.430 Loading class sun/nio/ch/SelectionKeyImpl
Event: 0.430 Loading class java/nio/channels/spi/AbstractSelectionKey
Event: 0.430 Loading class java/nio/channels/spi/AbstractSelectionKey done
Event: 0.430 Loading class sun/nio/ch/SelectionKeyImpl done
Event: 0.430 Loading class java/lang/invoke/ConstantBootstraps
Event: 0.430 Loading class java/lang/invoke/ConstantBootstraps done
Event: 0.492 Loading class sun/util/calendar/ZoneInfoFile$Checksum
Event: 0.492 Loading class sun/util/calendar/ZoneInfoFile$Checksum done
Event: 0.494 Loading class jdk/internal/module/ModulePatcher$PatchedModuleReader
Event: 0.494 Loading class jdk/internal/module/ModulePatcher$PatchedModuleReader done
Event: 0.494 Loading class sun/net/www/protocol/jrt/Handler
Event: 0.494 Loading class sun/net/www/protocol/jrt/Handler done
Event: 0.513 Loading class sun/text/resources/cldr/FormatData_en
Event: 0.513 Loading class sun/text/resources/cldr/FormatData_en done
Event: 0.513 Loading class sun/text/resources/cldr/FormatData_en_US
Event: 0.513 Loading class sun/text/resources/cldr/FormatData_en_US done
Event: 0.521 Loading class java/io/FileOutputStream$1
Event: 0.521 Loading class java/io/FileOutputStream$1 done
Event: 0.548 Loading class java/util/IdentityHashMap$EntrySet
Event: 0.548 Loading class java/util/IdentityHashMap$EntrySet done
Event: 0.548 Loading class java/util/IdentityHashMap$EntryIterator
Event: 0.548 Loading class java/util/IdentityHashMap$EntryIterator done
Event: 0.548 Loading class java/util/IdentityHashMap$EntryIterator$Entry
Event: 0.548 Loading class java/util/IdentityHashMap$EntryIterator$Entry done
Event: 0.639 Loading class java/util/function/BooleanSupplier
Event: 0.639 Loading class java/util/function/BooleanSupplier done
Event: 0.654 Loading class java/util/concurrent/ConcurrentSkipListMap$KeySet
Event: 0.655 Loading class java/util/concurrent/ConcurrentSkipListMap$KeySet done
Event: 0.655 Loading class java/util/concurrent/ConcurrentSkipListMap$KeyIterator
Event: 0.655 Loading class java/util/concurrent/ConcurrentSkipListMap$Iter
Event: 0.655 Loading class java/util/concurrent/ConcurrentSkipListMap$Iter done
Event: 0.655 Loading class java/util/concurrent/ConcurrentSkipListMap$KeyIterator done
Event: 0.655 Loading class java/net/InetAddress$NameServiceAddresses
Event: 0.655 Loading class java/net/InetAddress$Addresses
Event: 0.655 Loading class java/net/InetAddress$Addresses done
Event: 0.655 Loading class java/net/InetAddress$NameServiceAddresses done
Event: 0.655 Loading class java/net/spi/InetAddressResolverProvider
Event: 0.655 Loading class java/net/spi/InetAddressResolverProvider done
Event: 0.656 Loading class sun/net/InetAddressCachePolicy
Event: 0.656 Loading class sun/net/InetAddressCachePolicy done
Event: 0.656 Loading class sun/net/InetAddressCachePolicy$1
Event: 0.656 Loading class sun/net/InetAddressCachePolicy$1 done
Event: 0.661 Loading class jdk/internal/event/ThreadSleepEvent
Event: 0.661 Loading class jdk/internal/event/ThreadSleepEvent done
Event: 0.689 Loading class sun/nio/ch/Util$BufferCache
Event: 0.689 Loading class sun/nio/ch/Util$BufferCache done
Event: 0.704 Loading class java/util/concurrent/locks/AbstractQueuedSynchronizer$SharedNode
Event: 0.704 Loading class java/util/concurrent/locks/AbstractQueuedSynchronizer$SharedNode done
Event: 1.000 Loading class java/util/concurrent/Executors$DelegatedScheduledExecutorService
Event: 1.000 Loading class java/util/concurrent/Executors$DelegatedExecutorService
Event: 1.000 Loading class java/util/concurrent/Executors$DelegatedExecutorService done
Event: 1.000 Loading class java/util/concurrent/Executors$DelegatedScheduledExecutorService done
Event: 1.000 Loading class java/util/concurrent/ScheduledThreadPoolExecutor
Event: 1.000 Loading class java/util/concurrent/ScheduledThreadPoolExecutor done
Event: 1.000 Loading class java/util/concurrent/ScheduledThreadPoolExecutor$DelayedWorkQueue
Event: 1.001 Loading class java/util/concurrent/ScheduledThreadPoolExecutor$DelayedWorkQueue done
Event: 1.001 Loading class java/util/concurrent/RunnableScheduledFuture
Event: 1.001 Loading class java/util/concurrent/RunnableScheduledFuture done
Event: 1.001 Loading class java/util/concurrent/ScheduledThreadPoolExecutor$ScheduledFutureTask
Event: 1.001 Loading class java/util/concurrent/FutureTask
Event: 1.001 Loading class java/util/concurrent/FutureTask done
Event: 1.001 Loading class java/util/concurrent/ScheduledThreadPoolExecutor$ScheduledFutureTask done
Event: 1.001 Loading class java/util/concurrent/FutureTask$WaitNode
Event: 1.001 Loading class java/util/concurrent/FutureTask$WaitNode done
Event: 1.001 Loading class java/util/concurrent/ThreadPoolExecutor$Worker
Event: 1.001 Loading class java/util/concurrent/ThreadPoolExecutor$Worker done
Event: 1.020 Loading class java/util/function/LongSupplier
Event: 1.021 Loading class java/util/function/LongSupplier done
Event: 1.022 Loading class java/lang/invoke/MethodHandle$1
Event: 1.022 Loading class java/lang/invoke/MethodHandle$1 done
Event: 1.029 Loading class java/util/ServiceConfigurationError
Event: 1.029 Loading class java/util/ServiceConfigurationError done
Event: 1.031 Loading class java/util/TimerTask
Event: 1.031 Loading class java/util/TimerTask done
Event: 1.033 Loading class java/util/LinkedList
Event: 1.033 Loading class java/util/AbstractSequentialList
Event: 1.033 Loading class java/util/AbstractSequentialList done
Event: 1.033 Loading class java/util/LinkedList done
Event: 1.034 Loading class java/nio/channels/ServerSocketChannel
Event: 1.034 Loading class java/nio/channels/ServerSocketChannel done
Event: 1.034 Loading class sun/nio/ch/ServerSocketChannelImpl
Event: 1.034 Loading class sun/nio/ch/ServerSocketChannelImpl done
Event: 1.035 Loading class sun/nio/ch/SocketDispatcher
Event: 1.035 Loading class sun/nio/ch/SocketDispatcher done
Event: 1.035 Loading class sun/nio/ch/ServerSocketAdaptor
Event: 1.035 Loading class java/net/ServerSocket
Event: 1.035 Loading class java/net/ServerSocket done
Event: 1.035 Loading class sun/nio/ch/ServerSocketAdaptor done
Event: 1.036 Loading class sun/nio/ch/DummySocketImpl
Event: 1.036 Loading class java/net/SocketImpl
Event: 1.036 Loading class java/net/SocketOptions
Event: 1.036 Loading class java/net/SocketOptions done
Event: 1.036 Loading class java/net/SocketImpl done
Event: 1.036 Loading class sun/nio/ch/DummySocketImpl done
Event: 1.036 Loading class sun/net/NetHooks
Event: 1.036 Loading class sun/net/NetHooks done
Event: 1.036 Loading class sun/net/sdp/SdpProvider
Event: 1.036 Loading class sun/net/NetHooks$Provider
Event: 1.036 Loading class sun/net/NetHooks$Provider done
Event: 1.036 Loading class sun/net/sdp/SdpProvider done
Event: 1.037 Loading class java/nio/channels/CancelledKeyException
Event: 1.037 Loading class java/nio/channels/CancelledKeyException done
Event: 1.037 Loading class java/util/Timer
Event: 1.037 Loading class java/util/Timer done
Event: 1.037 Loading class java/util/TaskQueue
Event: 1.037 Loading class java/util/TaskQueue done
Event: 1.037 Loading class java/util/TimerThread
Event: 1.037 Loading class java/util/TimerThread done
Event: 1.038 Loading class java/util/Timer$ThreadReaper
Event: 1.038 Loading class java/util/Timer$ThreadReaper done
Event: 1.040 Loading class sun/invoke/util/VerifyAccess$1
Event: 1.040 Loading class sun/invoke/util/VerifyAccess$1 done
Event: 1.040 Loading class java/util/LinkedList$ListItr
Event: 1.040 Loading class java/util/LinkedList$ListItr done
Event: 1.040 Loading class java/util/LinkedList$Node
Event: 1.040 Loading class java/util/LinkedList$Node done
Event: 1.041 Loading class java/nio/channels/spi/AbstractSelector$1
Event: 1.041 Loading class java/nio/channels/spi/AbstractSelector$1 done
Event: 3.673 Loading class sun/nio/ch/SocketChannelImpl
Event: 3.674 Loading class java/nio/channels/SocketChannel
Event: 3.674 Loading class java/nio/channels/SocketChannel done
Event: 3.674 Loading class sun/nio/ch/SocketChannelImpl done
Event: 3.675 Loading class java/net/URISyntaxException
Event: 3.675 Loading class java/net/URISyntaxException done
Event: 3.675 Loading class java/nio/BufferOverflowException
Event: 3.675 Loading class java/nio/BufferOverflowException done
Event: 3.677 Loading class java/time/format/DateTimeFormatterBuilder$ZoneTextPrinterParser
Event: 3.677 Loading class java/time/format/DateTimeFormatterBuilder$ZoneTextPrinterParser done
Event: 3.677 Loading class java/util/HashMap$EntrySpliterator
Event: 3.677 Loading class java/util/HashMap$EntrySpliterator done
Event: 3.688 Loading class java/time/ZonedDateTime
Event: 3.688 Loading class java/time/chrono/ChronoZonedDateTime
Event: 3.688 Loading class java/time/chrono/ChronoZonedDateTime done
Event: 3.688 Loading class java/time/ZonedDateTime done
Event: 3.688 Loading class java/time/ZonedDateTime$1
Event: 3.688 Loading class java/time/ZonedDateTime$1 done
Event: 3.688 Loading class java/time/DayOfWeek
Event: 3.688 Loading class java/time/DayOfWeek done
Event: 3.688 Loading class sun/util/locale/provider/CalendarDataUtility$CalendarFieldValueNamesMapGetter
Event: 3.689 Loading class sun/util/locale/provider/CalendarDataUtility$CalendarFieldValueNamesMapGetter done
Event: 3.689 Loading class sun/util/cldr/CLDRCalendarNameProviderImpl
Event: 3.689 Loading class sun/util/locale/provider/CalendarNameProviderImpl
Event: 3.689 Loading class sun/util/locale/provider/CalendarNameProviderImpl done
Event: 3.689 Loading class sun/util/cldr/CLDRCalendarNameProviderImpl done
Event: 3.690 Loading class sun/util/locale/provider/BaseLocaleDataMetaInfo
Event: 3.690 Loading class sun/util/locale/provider/BaseLocaleDataMetaInfo done
Event: 3.693 Loading class sun/util/locale/provider/CalendarNameProviderImpl$LengthBasedComparator
Event: 3.693 Loading class sun/util/locale/provider/CalendarNameProviderImpl$LengthBasedComparator done
Event: 3.693 Loading class sun/util/resources/ParallelListResourceBundle
Event: 3.693 Loading class sun/util/resources/ParallelListResourceBundle done
Event: 3.693 Loading class sun/text/resources/FormatData
Event: 3.693 Loading class sun/text/resources/FormatData done
Event: 3.693 Loading class java/util/concurrent/atomic/AtomicMarkableReference
Event: 3.693 Loading class java/util/concurrent/atomic/AtomicMarkableReference done
Event: 3.693 Loading class java/util/concurrent/atomic/AtomicMarkableReference$Pair
Event: 3.693 Loading class java/util/concurrent/atomic/AtomicMarkableReference$Pair done
Event: 3.693 Loading class sun/text/resources/FormatData_en
Event: 3.693 Loading class sun/text/resources/FormatData_en done
Event: 3.693 Loading class sun/text/resources/FormatData_en_US
Event: 3.693 Loading class sun/text/resources/FormatData_en_US done
Event: 3.693 Loading class sun/util/resources/LocaleData$2
Event: 3.693 Loading class sun/util/resources/LocaleData$2 done
Event: 3.693 Loading class sun/util/resources/LocaleData$SupplementaryStrategy
Event: 3.693 Loading class sun/util/resources/LocaleData$SupplementaryStrategy done
Event: 3.693 Loading class sun/text/resources/JavaTimeSupplementary
Event: 3.693 Loading class sun/util/resources/OpenListResourceBundle
Event: 3.693 Loading class sun/util/resources/OpenListResourceBundle done
Event: 3.693 Loading class sun/text/resources/JavaTimeSupplementary done
Event: 3.693 Loading class sun/text/resources/JavaTimeSupplementary_en
Event: 3.693 Loading class sun/text/resources/JavaTimeSupplementary_en done
Event: 3.694 Loading class sun/text/resources/JavaTimeSupplementary_en_US
Event: 3.694 Loading class sun/text/resources/JavaTimeSupplementary_en_US done
Event: 3.694 Loading class java/util/MissingResourceException
Event: 3.694 Loading class java/util/MissingResourceException done
Event: 3.694 Loading class sun/util/resources/ParallelListResourceBundle$KeySet
Event: 3.694 Loading class sun/util/resources/ParallelListResourceBundle$KeySet done
Event: 3.695 Loading class java/util/regex/Pattern$BnM
Event: 3.695 Loading class java/util/regex/Pattern$BnM done
Event: 3.695 Loading class java/util/regex/Pattern$SliceS
Event: 3.695 Loading class java/util/regex/Pattern$SliceS done
Event: 3.696 Loading class sun/util/locale/provider/CalendarDataUtility$CalendarFieldValueNameGetter
Event: 3.696 Loading class sun/util/locale/provider/CalendarDataUtility$CalendarFieldValueNameGetter done
Event: 3.708 Loading class sun/util/locale/provider/TimeZoneNameUtility
Event: 3.708 Loading class sun/util/locale/provider/TimeZoneNameUtility done
Event: 3.708 Loading class sun/util/locale/provider/TimeZoneNameUtility$TimeZoneNameGetter
Event: 3.708 Loading class sun/util/locale/provider/TimeZoneNameUtility$TimeZoneNameGetter done
Event: 3.708 Loading class sun/util/cldr/CLDRTimeZoneNameProviderImpl
Event: 3.708 Loading class sun/util/locale/provider/TimeZoneNameProviderImpl
Event: 3.708 Loading class sun/util/locale/provider/TimeZoneNameProviderImpl done
Event: 3.708 Loading class sun/util/cldr/CLDRTimeZoneNameProviderImpl done
Event: 3.712 Loading class sun/util/resources/cldr/TimeZoneNames
Event: 3.712 Loading class sun/util/resources/TimeZoneNamesBundle
Event: 3.712 Loading class sun/util/resources/TimeZoneNamesBundle done
Event: 3.712 Loading class sun/util/resources/cldr/TimeZoneNames done
Event: 3.712 Loading class sun/util/resources/cldr/TimeZoneNames_en
Event: 3.713 Loading class sun/util/resources/cldr/TimeZoneNames_en done
Event: 3.715 Loading class sun/util/resources/cldr/TimeZoneNames_en_US
Event: 3.715 Loading class sun/util/resources/cldr/TimeZoneNames_en_US done
Event: 3.716 Loading class sun/util/cldr/CLDRBaseLocaleDataMetaInfo$TZCanonicalIDMapHolder
Event: 3.717 Loading class sun/util/cldr/CLDRBaseLocaleDataMetaInfo$TZCanonicalIDMapHolder done
Event: 3.720 Loading class sun/util/resources/TimeZoneNames
Event: 3.720 Loading class sun/util/resources/TimeZoneNames done
Event: 3.720 Loading class sun/util/resources/TimeZoneNames_en
Event: 3.720 Loading class sun/util/resources/TimeZoneNames_en done
Event: 3.724 Loading class java/util/stream/MatchOps$MatchKind
Event: 3.724 Loading class java/util/stream/MatchOps$MatchKind done
Event: 3.724 Loading class java/util/stream/MatchOps
Event: 3.724 Loading class java/util/stream/MatchOps done
Event: 3.724 Loading class java/util/stream/MatchOps$MatchOp
Event: 3.724 Loading class java/util/stream/MatchOps$MatchOp done
Event: 3.724 Loading class java/util/stream/MatchOps$BooleanTerminalSink
Event: 3.724 Loading class java/util/stream/MatchOps$BooleanTerminalSink done
Event: 3.725 Loading class java/util/stream/MatchOps$1MatchSink
Event: 3.726 Loading class java/util/stream/MatchOps$1MatchSink done
Event: 1025.912 Loading class java/io/PrintWriter
Event: 1025.912 Loading class java/io/PrintWriter done
Event: 1025.912 Loading class java/io/PrintWriter$1
Event: 1025.912 Loading class jdk/internal/access/JavaIOPrintWriterAccess
Event: 1025.912 Loading class jdk/internal/access/JavaIOPrintWriterAccess done
Event: 1025.912 Loading class java/io/PrintWriter$1 done
Event: 1025.912 Loading class java/lang/Throwable$WrappedPrintWriter
Event: 1025.912 Loading class java/lang/Throwable$PrintStreamOrWriter
Event: 1025.912 Loading class java/lang/Throwable$PrintStreamOrWriter done
Event: 1025.912 Loading class java/lang/Throwable$WrappedPrintWriter done
Event: 1025.912 Loading class java/util/Formatter$FixedString
Event: 1025.912 Loading class java/util/Formatter$FixedString done
Event: 1025.913 Loading class java/time/zone/ZoneRulesProvider
Event: 1025.913 Loading class java/time/zone/ZoneRulesProvider done
Event: 1025.913 Loading class java/time/zone/ZoneRulesProvider$1
Event: 1025.916 Loading class java/time/zone/ZoneRulesProvider$1 done
Event: 1025.916 Loading class java/time/zone/TzdbZoneRulesProvider
Event: 1025.916 Loading class java/time/zone/TzdbZoneRulesProvider done
Event: 1025.921 Loading class java/util/Arrays$ArrayItr
Event: 1025.921 Loading class java/util/Arrays$ArrayItr done
Event: 1025.922 Loading class java/time/zone/Ser
Event: 1025.922 Loading class java/io/Externalizable
Event: 1025.922 Loading class java/io/Externalizable done
Event: 1025.922 Loading class java/time/zone/Ser done
Event: 1025.922 Loading class java/time/zone/ZoneOffsetTransition
Event: 1025.922 Loading class java/time/zone/ZoneOffsetTransition done
Event: 1253.675 Loading class jdk/internal/math/FormattedFPDecimal
Event: 1253.675 Loading class jdk/internal/math/FormattedFPDecimal done

Classes unloaded (116 events):
Event: 774.824 Thread 0x00007630b413dff0 Unloading class 0x0000762bf4185800 'java/lang/invoke/LambdaForm$MH+0x0000762bf4185800'
Event: 774.824 Thread 0x00007630b413dff0 Unloading class 0x0000762bf4185000 'java/lang/invoke/LambdaForm$MH+0x0000762bf4185000'
Event: 774.824 Thread 0x00007630b413dff0 Unloading class 0x0000762bf4184c00 'java/lang/invoke/LambdaForm$MH+0x0000762bf4184c00'
Event: 774.824 Thread 0x00007630b413dff0 Unloading class 0x0000762bf4184800 'java/lang/invoke/LambdaForm$MH+0x0000762bf4184800'
Event: 774.824 Thread 0x00007630b413dff0 Unloading class 0x0000762bf4137800 'java/lang/invoke/LambdaForm$MH+0x0000762bf4137800'
Event: 774.824 Thread 0x00007630b413dff0 Unloading class 0x0000762bf4137400 'java/lang/invoke/LambdaForm$MH+0x0000762bf4137400'
Event: 774.824 Thread 0x00007630b413dff0 Unloading class 0x0000762bf4137000 'java/lang/invoke/LambdaForm$MH+0x0000762bf4137000'
Event: 774.824 Thread 0x00007630b413dff0 Unloading class 0x0000762bf4136c00 'java/lang/invoke/LambdaForm$MH+0x0000762bf4136c00'
Event: 774.824 Thread 0x00007630b413dff0 Unloading class 0x0000762bf4136000 'java/lang/invoke/LambdaForm$MH+0x0000762bf4136000'
Event: 774.824 Thread 0x00007630b413dff0 Unloading class 0x0000762bf4135c00 'java/lang/invoke/LambdaForm$MH+0x0000762bf4135c00'
Event: 774.824 Thread 0x00007630b413dff0 Unloading class 0x0000762bf4135800 'java/lang/invoke/LambdaForm$MH+0x0000762bf4135800'
Event: 774.824 Thread 0x00007630b413dff0 Unloading class 0x0000762bf4134800 'java/lang/invoke/LambdaForm$MH+0x0000762bf4134800'
Event: 774.824 Thread 0x00007630b413dff0 Unloading class 0x0000762bf4133400 'java/lang/invoke/LambdaForm$MH+0x0000762bf4133400'
Event: 774.824 Thread 0x00007630b413dff0 Unloading class 0x0000762bf4133000 'java/lang/invoke/LambdaForm$MH+0x0000762bf4133000'
Event: 774.824 Thread 0x00007630b413dff0 Unloading class 0x0000762bf4132c00 'java/lang/invoke/LambdaForm$MH+0x0000762bf4132c00'
Event: 774.824 Thread 0x00007630b413dff0 Unloading class 0x0000762bf4132800 'java/lang/invoke/LambdaForm$MH+0x0000762bf4132800'
Event: 774.824 Thread 0x00007630b413dff0 Unloading class 0x0000762bf4132400 'java/lang/invoke/LambdaForm$MH+0x0000762bf4132400'
Event: 774.824 Thread 0x00007630b413dff0 Unloading class 0x0000762bf4131000 'java/lang/invoke/LambdaForm$MH+0x0000762bf4131000'
Event: 774.824 Thread 0x00007630b413dff0 Unloading class 0x0000762bf4130800 'java/lang/invoke/LambdaForm$MH+0x0000762bf4130800'
Event: 774.824 Thread 0x00007630b413dff0 Unloading class 0x0000762bf4130400 'java/lang/invoke/LambdaForm$MH+0x0000762bf4130400'
Event: 774.824 Thread 0x00007630b413dff0 Unloading class 0x0000762bf4130000 'java/lang/invoke/LambdaForm$MH+0x0000762bf4130000'
Event: 774.824 Thread 0x00007630b413dff0 Unloading class 0x0000762bf40f8400 'java/lang/invoke/LambdaForm$MH+0x0000762bf40f8400'
Event: 774.824 Thread 0x00007630b413dff0 Unloading class 0x0000762bf40f8000 'java/lang/invoke/LambdaForm$MH+0x0000762bf40f8000'
Event: 774.824 Thread 0x00007630b413dff0 Unloading class 0x0000762bf40f3c00 'java/lang/invoke/LambdaForm$MH+0x0000762bf40f3c00'
Event: 774.824 Thread 0x00007630b413dff0 Unloading class 0x0000762bf40f3400 'java/lang/invoke/LambdaForm$MH+0x0000762bf40f3400'
Event: 774.824 Thread 0x00007630b413dff0 Unloading class 0x0000762bf40f2c00 'java/lang/invoke/LambdaForm$MH+0x0000762bf40f2c00'
Event: 774.824 Thread 0x00007630b413dff0 Unloading class 0x0000762bf40f1000 'java/lang/invoke/LambdaForm$MH+0x0000762bf40f1000'
Event: 774.824 Thread 0x00007630b413dff0 Unloading class 0x0000762bf40f0400 'java/lang/invoke/LambdaForm$MH+0x0000762bf40f0400'
Event: 774.824 Thread 0x00007630b413dff0 Unloading class 0x0000762bf40f0000 'java/lang/invoke/LambdaForm$MH+0x0000762bf40f0000'
Event: 774.824 Thread 0x00007630b413dff0 Unloading class 0x0000762bf40ef800 'java/lang/invoke/LambdaForm$MH+0x0000762bf40ef800'
Event: 774.824 Thread 0x00007630b413dff0 Unloading class 0x0000762bf40ef400 'java/lang/invoke/LambdaForm$MH+0x0000762bf40ef400'
Event: 774.824 Thread 0x00007630b413dff0 Unloading class 0x0000762bf40ef000 'java/lang/invoke/LambdaForm$MH+0x0000762bf40ef000'
Event: 774.824 Thread 0x00007630b413dff0 Unloading class 0x0000762bf40ee400 'java/lang/invoke/LambdaForm$MH+0x0000762bf40ee400'
Event: 774.824 Thread 0x00007630b413dff0 Unloading class 0x0000762bf40edc00 'java/lang/invoke/LambdaForm$MH+0x0000762bf40edc00'
Event: 774.824 Thread 0x00007630b413dff0 Unloading class 0x0000762bf40ed400 'java/lang/invoke/LambdaForm$MH+0x0000762bf40ed400'
Event: 774.824 Thread 0x00007630b413dff0 Unloading class 0x0000762bf40ed000 'java/lang/invoke/LambdaForm$MH+0x0000762bf40ed000'
Event: 774.824 Thread 0x00007630b413dff0 Unloading class 0x0000762bf40c8c00 'java/lang/invoke/LambdaForm$MH+0x0000762bf40c8c00'
Event: 774.824 Thread 0x00007630b413dff0 Unloading class 0x0000762bf40c8800 'java/lang/invoke/LambdaForm$MH+0x0000762bf40c8800'
Event: 774.824 Thread 0x00007630b413dff0 Unloading class 0x0000762bf40c8400 'java/lang/invoke/LambdaForm$MH+0x0000762bf40c8400'
Event: 774.824 Thread 0x00007630b413dff0 Unloading class 0x0000762bf40c5c00 'java/lang/invoke/LambdaForm$MH+0x0000762bf40c5c00'
Event: 774.824 Thread 0x00007630b413dff0 Unloading class 0x0000762bf40c5400 'java/lang/invoke/LambdaForm$MH+0x0000762bf40c5400'
Event: 774.824 Thread 0x00007630b413dff0 Unloading class 0x0000762bf40bc000 'java/lang/invoke/LambdaForm$DMH+0x0000762bf40bc000'
Event: 774.824 Thread 0x00007630b413dff0 Unloading class 0x0000762bf408d000 'java/lang/invoke/LambdaForm$MH+0x0000762bf408d000'
Event: 774.824 Thread 0x00007630b413dff0 Unloading class 0x0000762bf408cc00 'java/lang/invoke/LambdaForm$MH+0x0000762bf408cc00'
Event: 774.824 Thread 0x00007630b413dff0 Unloading class 0x0000762bf408c400 'java/lang/invoke/LambdaForm$MH+0x0000762bf408c400'
Event: 774.824 Thread 0x00007630b413dff0 Unloading class 0x0000762bf408a400 'java/lang/invoke/LambdaForm$MH+0x0000762bf408a400'
Event: 774.824 Thread 0x00007630b413dff0 Unloading class 0x0000762bf408a000 'java/lang/invoke/LambdaForm$MH+0x0000762bf408a000'
Event: 774.824 Thread 0x00007630b413dff0 Unloading class 0x0000762bf4089c00 'java/lang/invoke/LambdaForm$MH+0x0000762bf4089c00'
Event: 774.824 Thread 0x00007630b413dff0 Unloading class 0x0000762bf4089800 'java/lang/invoke/LambdaForm$MH+0x0000762bf4089800'
Event: 774.824 Thread 0x00007630b413dff0 Unloading class 0x0000762bf4089400 'java/lang/invoke/LambdaForm$MH+0x0000762bf4089400'
Event: 774.824 Thread 0x00007630b413dff0 Unloading class 0x0000762bf4089000 'java/lang/invoke/LambdaForm$BMH+0x0000762bf4089000'
Event: 774.824 Thread 0x00007630b413dff0 Unloading class 0x0000762bf4039000 'java/lang/invoke/LambdaForm$MH+0x0000762bf4039000'
Event: 774.824 Thread 0x00007630b413dff0 Unloading class 0x0000762bf4036c00 'java/lang/invoke/LambdaForm$MH+0x0000762bf4036c00'
Event: 774.824 Thread 0x00007630b413dff0 Unloading class 0x0000762bf4036000 'java/lang/invoke/LambdaForm$MH+0x0000762bf4036000'
Event: 774.824 Thread 0x00007630b413dff0 Unloading class 0x0000762bf4035c00 'java/lang/invoke/LambdaForm$MH+0x0000762bf4035c00'
Event: 774.824 Thread 0x00007630b413dff0 Unloading class 0x0000762bf4035800 'java/lang/invoke/LambdaForm$MH+0x0000762bf4035800'
Event: 774.824 Thread 0x00007630b413dff0 Unloading class 0x0000762bf4035400 'java/lang/invoke/LambdaForm$MH+0x0000762bf4035400'
Event: 774.824 Thread 0x00007630b413dff0 Unloading class 0x0000762bf4034800 'java/lang/invoke/LambdaForm$MH+0x0000762bf4034800'
Event: 774.824 Thread 0x00007630b413dff0 Unloading class 0x0000762bf4034400 'java/lang/invoke/LambdaForm$MH+0x0000762bf4034400'
Event: 774.824 Thread 0x00007630b413dff0 Unloading class 0x0000762bf4034000 'java/lang/invoke/LambdaForm$MH+0x0000762bf4034000'
Event: 774.824 Thread 0x00007630b413dff0 Unloading class 0x0000762bf402dc00 'java/lang/invoke/LambdaForm$MH+0x0000762bf402dc00'
Event: 774.824 Thread 0x00007630b413dff0 Unloading class 0x0000762bf402d400 'java/lang/invoke/LambdaForm$MH+0x0000762bf402d400'
Event: 774.824 Thread 0x00007630b413dff0 Unloading class 0x0000762bf402d000 'java/lang/invoke/LambdaForm$MH+0x0000762bf402d000'
Event: 774.824 Thread 0x00007630b413dff0 Unloading class 0x0000762bf402cc00 'java/lang/invoke/LambdaForm$MH+0x0000762bf402cc00'
Event: 774.824 Thread 0x00007630b413dff0 Unloading class 0x0000762bf402c400 'java/lang/invoke/LambdaForm$DMH+0x0000762bf402c400'
Event: 774.824 Thread 0x00007630b413dff0 Unloading class 0x0000762bf4027000 'java/lang/invoke/LambdaForm$MH+0x0000762bf4027000'
Event: 774.824 Thread 0x00007630b413dff0 Unloading class 0x0000762bf4026c00 'java/lang/invoke/LambdaForm$MH+0x0000762bf4026c00'
Event: 774.824 Thread 0x00007630b413dff0 Unloading class 0x0000762bf4026800 'java/lang/invoke/LambdaForm$MH+0x0000762bf4026800'
Event: 774.824 Thread 0x00007630b413dff0 Unloading class 0x0000762bf4025c00 'java/lang/invoke/LambdaForm$MH+0x0000762bf4025c00'
Event: 774.824 Thread 0x00007630b413dff0 Unloading class 0x0000762bf4025000 'java/lang/invoke/LambdaForm$MH+0x0000762bf4025000'
Event: 774.824 Thread 0x00007630b413dff0 Unloading class 0x0000762bf4024c00 'java/lang/invoke/LambdaForm$MH+0x0000762bf4024c00'
Event: 774.824 Thread 0x00007630b413dff0 Unloading class 0x0000762bf4024800 'java/lang/invoke/LambdaForm$MH+0x0000762bf4024800'
Event: 774.824 Thread 0x00007630b413dff0 Unloading class 0x0000762bf4024000 'java/lang/invoke/LambdaForm$MH+0x0000762bf4024000'
Event: 774.824 Thread 0x00007630b413dff0 Unloading class 0x0000762bf4023800 'java/lang/invoke/LambdaForm$MH+0x0000762bf4023800'
Event: 774.824 Thread 0x00007630b413dff0 Unloading class 0x0000762bf4023000 'java/lang/invoke/LambdaForm$MH+0x0000762bf4023000'
Event: 774.824 Thread 0x00007630b413dff0 Unloading class 0x0000762bf4022400 'java/lang/invoke/LambdaForm$MH+0x0000762bf4022400'
Event: 774.824 Thread 0x00007630b413dff0 Unloading class 0x0000762bf4022000 'java/lang/invoke/LambdaForm$MH+0x0000762bf4022000'
Event: 774.824 Thread 0x00007630b413dff0 Unloading class 0x0000762bf4021c00 'java/lang/invoke/LambdaForm$MH+0x0000762bf4021c00'
Event: 774.824 Thread 0x00007630b413dff0 Unloading class 0x0000762bf4021000 'java/lang/invoke/LambdaForm$MH+0x0000762bf4021000'
Event: 774.824 Thread 0x00007630b413dff0 Unloading class 0x0000762bf4020000 'java/lang/invoke/LambdaForm$MH+0x0000762bf4020000'
Event: 774.824 Thread 0x00007630b413dff0 Unloading class 0x0000762bf4014000 'java/lang/invoke/LambdaForm$MH+0x0000762bf4014000'
Event: 774.824 Thread 0x00007630b413dff0 Unloading class 0x0000762bf400c000 'java/lang/invoke/LambdaForm$DMH+0x0000762bf400c000'
Event: 2861.084 Thread 0x00007630b413dff0 Unloading class 0x0000762bf4034000 'java/lang/invoke/LambdaForm$MH+0x0000762bf4034000'
Event: 2861.084 Thread 0x00007630b413dff0 Unloading class 0x0000762bf408a400 'java/lang/invoke/LambdaForm$MH+0x0000762bf408a400'
Event: 2861.084 Thread 0x00007630b413dff0 Unloading class 0x0000762bf40c8c00 'java/lang/invoke/LambdaForm$MH+0x0000762bf40c8c00'
Event: 2861.084 Thread 0x00007630b413dff0 Unloading class 0x0000762bf40c8800 'java/lang/invoke/LambdaForm$MH+0x0000762bf40c8800'
Event: 2861.084 Thread 0x00007630b413dff0 Unloading class 0x0000762bf40ef000 'java/lang/invoke/LambdaForm$MH+0x0000762bf40ef000'
Event: 2861.084 Thread 0x00007630b413dff0 Unloading class 0x0000762bf40f0400 'java/lang/invoke/LambdaForm$MH+0x0000762bf40f0400'
Event: 2861.084 Thread 0x00007630b413dff0 Unloading class 0x0000762bf40f0000 'java/lang/invoke/LambdaForm$MH+0x0000762bf40f0000'
Event: 2861.084 Thread 0x00007630b413dff0 Unloading class 0x0000762bf4130000 'java/lang/invoke/LambdaForm$MH+0x0000762bf4130000'
Event: 2861.084 Thread 0x00007630b413dff0 Unloading class 0x0000762bf4132c00 'java/lang/invoke/LambdaForm$MH+0x0000762bf4132c00'
Event: 2861.084 Thread 0x00007630b413dff0 Unloading class 0x0000762bf4132800 'java/lang/invoke/LambdaForm$MH+0x0000762bf4132800'
Event: 2861.084 Thread 0x00007630b413dff0 Unloading class 0x0000762bf4133400 'java/lang/invoke/LambdaForm$MH+0x0000762bf4133400'
Event: 2861.084 Thread 0x00007630b413dff0 Unloading class 0x0000762bf4137400 'java/lang/invoke/LambdaForm$MH+0x0000762bf4137400'
Event: 2861.084 Thread 0x00007630b413dff0 Unloading class 0x0000762bf4137000 'java/lang/invoke/LambdaForm$MH+0x0000762bf4137000'
Event: 2861.084 Thread 0x00007630b413dff0 Unloading class 0x0000762bf4184800 'java/lang/invoke/LambdaForm$MH+0x0000762bf4184800'
Event: 2861.084 Thread 0x00007630b413dff0 Unloading class 0x0000762bf400c000 'java/lang/invoke/LambdaForm$MH+0x0000762bf400c000'
Event: 2861.084 Thread 0x00007630b413dff0 Unloading class 0x0000762bf4014000 'java/lang/invoke/LambdaForm$MH+0x0000762bf4014000'
Event: 2861.084 Thread 0x00007630b413dff0 Unloading class 0x0000762bf4024000 'java/lang/invoke/LambdaForm$MH+0x0000762bf4024000'
Event: 2861.084 Thread 0x00007630b413dff0 Unloading class 0x0000762bf4025000 'java/lang/invoke/LambdaForm$MH+0x0000762bf4025000'
Event: 2861.084 Thread 0x00007630b413dff0 Unloading class 0x0000762bf4025c00 'java/lang/invoke/LambdaForm$MH+0x0000762bf4025c00'
Event: 2861.084 Thread 0x00007630b413dff0 Unloading class 0x0000762bf4027000 'java/lang/invoke/LambdaForm$MH+0x0000762bf4027000'
Event: 2861.084 Thread 0x00007630b413dff0 Unloading class 0x0000762bf4034800 'java/lang/invoke/LambdaForm$MH+0x0000762bf4034800'
Event: 2861.084 Thread 0x00007630b413dff0 Unloading class 0x0000762bf4036c00 'java/lang/invoke/LambdaForm$MH+0x0000762bf4036c00'
Event: 2861.084 Thread 0x00007630b413dff0 Unloading class 0x0000762bf4039000 'java/lang/invoke/LambdaForm$MH+0x0000762bf4039000'
Event: 2861.084 Thread 0x00007630b413dff0 Unloading class 0x0000762bf408d000 'java/lang/invoke/LambdaForm$MH+0x0000762bf408d000'
Event: 2861.084 Thread 0x00007630b413dff0 Unloading class 0x0000762bf40bc000 'java/lang/invoke/LambdaForm$MH+0x0000762bf40bc000'
Event: 2861.084 Thread 0x00007630b413dff0 Unloading class 0x0000762bf40edc00 'java/lang/invoke/LambdaForm$MH+0x0000762bf40edc00'
Event: 2861.084 Thread 0x00007630b413dff0 Unloading class 0x0000762bf40ee400 'java/lang/invoke/LambdaForm$MH+0x0000762bf40ee400'
Event: 2861.084 Thread 0x00007630b413dff0 Unloading class 0x0000762bf40f2c00 'java/lang/invoke/LambdaForm$MH+0x0000762bf40f2c00'
Event: 2861.084 Thread 0x00007630b413dff0 Unloading class 0x0000762bf40f3c00 'java/lang/invoke/LambdaForm$MH+0x0000762bf40f3c00'
Event: 2861.084 Thread 0x00007630b413dff0 Unloading class 0x0000762bf4130800 'java/lang/invoke/LambdaForm$MH+0x0000762bf4130800'
Event: 2861.084 Thread 0x00007630b413dff0 Unloading class 0x0000762bf4137800 'java/lang/invoke/LambdaForm$MH+0x0000762bf4137800'
Event: 3153.777 Thread 0x00007630b413dff0 Unloading class 0x0000762bf408cc00 'java/lang/invoke/LambdaForm$MH+0x0000762bf408cc00'
Event: 3153.777 Thread 0x00007630b413dff0 Unloading class 0x0000762bf4185000 'java/lang/invoke/LambdaForm$MH+0x0000762bf4185000'
Event: 3153.777 Thread 0x00007630b413dff0 Unloading class 0x0000762bf4185800 'java/lang/invoke/LambdaForm$MH+0x0000762bf4185800'

Classes redefined (0 events):
No events

Internal exceptions (64 events):
Event: 0.194 Thread 0x00007630b40e9970 Exception <a 'java/lang/NoSuchMethodError'{0x00000400002f4af8}: 'void java.lang.invoke.DirectMethodHandle$Holder.invokeStaticInit(java.lang.Object)'> (0x00000400002f4af8) 
thrown [src/hotspot/share/interpreter/linkResolver.cpp, line 772]
Event: 0.220 Thread 0x00007630b40e9970 Exception <a 'java/lang/NoSuchMethodError'{0x0000040002281380}: 'java.lang.Object java.lang.invoke.DirectMethodHandle$Holder.invokeStatic(java.lang.Object, long, java.lang.Object)'> (0x0000040002281380) 
thrown [src/hotspot/share/interpreter/linkResolver.cpp, line 772]
Event: 0.220 Thread 0x00007630b40e9970 Exception <a 'java/lang/NoSuchMethodError'{0x0000040002285640}: 'java.lang.Object java.lang.invoke.DirectMethodHandle$Holder.invokeStaticInit(java.lang.Object, long, java.lang.Object)'> (0x0000040002285640) 
thrown [src/hotspot/share/interpreter/linkResolver.cpp, line 772]
Event: 0.221 Thread 0x00007630b40e9970 Exception <a 'java/lang/NoSuchMethodError'{0x000004000228c8c8}: 'java.lang.Object java.lang.invoke.DirectMethodHandle$Holder.newInvokeSpecial(java.lang.Object, long)'> (0x000004000228c8c8) 
thrown [src/hotspot/share/interpreter/linkResolver.cpp, line 772]
Event: 0.224 Thread 0x00007630b40e9970 Exception <a 'java/lang/NoSuchMethodError'{0x00000400022d0ab8}: 'java.lang.Object java.lang.invoke.Invokers$Holder.invoke_MT(java.lang.Object, java.lang.Object, java.lang.Object, java.lang.Object, java.lang.Object)'> (0x00000400022d0ab8) 
thrown [src/hotspot/share/interpreter/linkResolver.cpp, line 772]
Event: 0.225 Thread 0x00007630b40e9970 Exception <a 'java/lang/NoSuchMethodError'{0x00000400022ecee8}: 'int java.lang.invoke.DirectMethodHandle$Holder.invokeSpecial(java.lang.Object, java.lang.Object, java.lang.Object)'> (0x00000400022ecee8) 
thrown [src/hotspot/share/interpreter/linkResolver.cpp, line 772]
Event: 0.226 Thread 0x00007630b40e9970 Exception <a 'java/lang/NoSuchMethodError'{0x00000400022f5c68}: 'int java.lang.invoke.Invokers$Holder.linkToTargetMethod(java.lang.Object, java.lang.Object, java.lang.Object)'> (0x00000400022f5c68) 
thrown [src/hotspot/share/interpreter/linkResolver.cpp, line 772]
Event: 0.233 Thread 0x00007630b40e9970 Exception <a 'java/lang/NoClassDefFoundError'{0x0000040002350e38}: org/slf4j/LoggerFactory> (0x0000040002350e38) 
thrown [src/hotspot/share/classfile/systemDictionary.cpp, line 305]
Event: 0.233 Thread 0x00007630b40e9970 Exception <a 'java/lang/NoClassDefFoundError'{0x0000040002350e38}> (0x0000040002350e38) 
thrown [src/hotspot/share/oops/instanceKlass.cpp, line 1223]
Event: 0.233 Thread 0x00007630b40e9970 Exception <a 'java/lang/NoClassDefFoundError'{0x0000040002358058}: org/apache/logging/log4j/spi/ExtendedLoggerWrapper> (0x0000040002358058) 
thrown [src/hotspot/share/classfile/systemDictionary.cpp, line 305]
Event: 0.234 Thread 0x00007630b40e9970 Exception <a 'java/lang/NoClassDefFoundError'{0x00000400023637c0}: org/apache/log4j/Priority> (0x00000400023637c0) 
thrown [src/hotspot/share/classfile/systemDictionary.cpp, line 305]
Event: 0.273 Thread 0x00007630b40e9970 Exception <a 'java/lang/NoSuchMethodError'{0x00000400025ea700}: 'void java.lang.invoke.DirectMethodHandle$Holder.invokeInterface(java.lang.Object, java.lang.Object)'> (0x00000400025ea700) 
thrown [src/hotspot/share/interpreter/linkResolver.cpp, line 772]
Event: 0.275 Thread 0x00007630b40e9970 Exception <a 'java/lang/NoSuchMethodError'{0x0000040002a15868}: 'void java.lang.invoke.DirectMethodHandle$Holder.invokeStaticInit(java.lang.Object, long, long, long, long, long, java.lang.Object)'> (0x0000040002a15868) 
thrown [src/hotspot/share/interpreter/linkResolver.cpp, line 772]
Event: 0.302 Thread 0x00007630b40e9970 Exception <a 'sun/nio/fs/UnixException'{0x0000040002b8bce0}> (0x0000040002b8bce0) 
thrown [src/hotspot/share/prims/jni.cpp, line 520]
Event: 0.303 Thread 0x00007630b40e9970 Exception <a 'java/lang/NoSuchMethodError'{0x0000040002b8f7a8}: 'void java.lang.invoke.DirectMethodHandle$Holder.invokeStatic(java.lang.Object, java.lang.Object, java.lang.Object)'> (0x0000040002b8f7a8) 
thrown [src/hotspot/share/interpreter/linkResolver.cpp, line 772]
Event: 0.304 Thread 0x00007630b40e9970 Exception <a 'java/lang/NoSuchMethodError'{0x0000040002b9a2b0}: 'void java.lang.invoke.DirectMethodHandle$Holder.invokeStatic(java.lang.Object, java.lang.Object, java.lang.Object, java.lang.Object)'> (0x0000040002b9a2b0) 
thrown [src/hotspot/share/interpreter/linkResolver.cpp, line 772]
Event: 0.305 Thread 0x00007630b40e9970 Exception <a 'java/lang/NoSuchMethodError'{0x0000040002bb1e50}: 'java.lang.Object java.lang.invoke.DirectMethodHandle$Holder.invokeInterface(java.lang.Object, java.lang.Object)'> (0x0000040002bb1e50) 
thrown [src/hotspot/share/interpreter/linkResolver.cpp, line 772]
Event: 0.306 Thread 0x00007630b40e9970 Exception <a 'java/lang/NoSuchMethodError'{0x0000040002bc3e58}: 'void java.lang.invoke.DirectMethodHandle$Holder.invokeStatic(java.lang.Object, java.lang.Object)'> (0x0000040002bc3e58) 
thrown [src/hotspot/share/interpreter/linkResolver.cpp, line 772]
Event: 0.322 Thread 0x00007630b40e9970 Exception <a 'java/lang/NoSuchMethodError'{0x0000040002ce2b90}: 'int java.lang.invoke.DirectMethodHandle$Holder.invokeSpecial(java.lang.Object, java.lang.Object, java.lang.Object, int)'> (0x0000040002ce2b90) 
thrown [src/hotspot/share/interpreter/linkResolver.cpp, line 772]
Event: 0.322 Thread 0x00007630b40e9970 Exception <a 'java/lang/NoSuchMethodError'{0x0000040002cf8b50}: 'java.lang.Object java.lang.invoke.DirectMethodHandle$Holder.invokeStatic(java.lang.Object, java.lang.Object, java.lang.Object, java.lang.Object, int)'> (0x0000040002cf8b50) 
thrown [src/hotspot/share/interpreter/linkResolver.cpp, line 772]
Event: 0.323 Thread 0x00007630b40e9970 Exception <a 'java/lang/NoSuchMethodError'{0x0000040002d02898}: 'long java.lang.invoke.DirectMethodHandle$Holder.invokeStatic(java.lang.Object, java.lang.Object, int)'> (0x0000040002d02898) 
thrown [src/hotspot/share/interpreter/linkResolver.cpp, line 772]
Event: 0.323 Thread 0x00007630b40e9970 Exception <a 'java/lang/NoSuchMethodError'{0x0000040002d0fd90}: 'java.lang.Object java.lang.invoke.DelegatingMethodHandle$Holder.reinvoke_L(java.lang.Object, int, long, java.lang.Object, java.lang.Object, int, java.lang.Object)'> (0x0000040002d0fd90) 
thrown [src/hotspot/share/interpreter/linkResolver.cpp, line 772]
Event: 0.325 Thread 0x00007630b40e9970 Exception <a 'java/lang/NoSuchMethodError'{0x0000040002d40a48}: 'java.lang.Object java.lang.invoke.DirectMethodHandle$Holder.invokeStatic(java.lang.Object, java.lang.Object, int)'> (0x0000040002d40a48) 
thrown [src/hotspot/share/interpreter/linkResolver.cpp, line 772]
Event: 0.325 Thread 0x00007630b40e9970 Exception <a 'java/lang/NoSuchMethodError'{0x0000040002d4e798}: 'void java.lang.invoke.DelegatingMethodHandle$Holder.delegate(java.lang.Object, java.lang.Object, int, java.lang.Object)'> (0x0000040002d4e798) 
thrown [src/hotspot/share/interpreter/linkResolver.cpp, line 772]
Event: 0.349 Thread 0x00007630b40e9970 Exception <a 'java/lang/NoSuchMethodError'{0x0000040002d8d848}: 'void java.lang.invoke.DirectMethodHandle$Holder.invokeSpecial(java.lang.Object, java.lang.Object, java.lang.Object)'> (0x0000040002d8d848) 
thrown [src/hotspot/share/interpreter/linkResolver.cpp, line 772]
Event: 0.375 Thread 0x00007630b40e9970 Exception <a 'java/lang/NoSuchMethodError'{0x0000040003189158}: 'void java.lang.invoke.DirectMethodHandle$Holder.invokeStatic(java.lang.Object, int)'> (0x0000040003189158) 
thrown [src/hotspot/share/interpreter/linkResolver.cpp, line 772]
Event: 0.376 Thread 0x00007630b40e9970 Exception <a 'sun/nio/fs/UnixException'{0x00000400031941c0}> (0x00000400031941c0) 
thrown [src/hotspot/share/prims/jni.cpp, line 520]
Event: 0.376 Thread 0x00007630b40e9970 Exception <a 'java/lang/NoSuchMethodError'{0x00000400031a9b50}: 'void java.lang.invoke.DirectMethodHandle$Holder.invokeStaticInit(java.lang.Object, java.lang.Object)'> (0x00000400031a9b50) 
thrown [src/hotspot/share/interpreter/linkResolver.cpp, line 772]
Event: 0.392 Thread 0x00007630b40e9970 Exception <a 'java/lang/NoSuchMethodError'{0x00000400034462d0}: 'java.lang.Object java.lang.invoke.DirectMethodHandle$Holder.newInvokeSpecial(java.lang.Object, java.lang.Object, java.lang.Object, java.lang.Object, java.lang.Object)'> (0x00000400034462d0) 
thrown [src/hotspot/share/interpreter/linkResolver.cpp, line 772]
Event: 0.417 Thread 0x00007630b40e9970 Exception <a 'java/lang/NoSuchMethodError'{0x0000040003610768}: 'int java.lang.invoke.DirectMethodHandle$Holder.invokeStaticInit(java.lang.Object, int, int, java.lang.Object, java.lang.Object)'> (0x0000040003610768) 
thrown [src/hotspot/share/interpreter/linkResolver.cpp, line 772]
Event: 0.417 Thread 0x00007630b40e9970 Exception <a 'java/lang/NoSuchMethodError'{0x0000040003619460}: 'void java.lang.invoke.DirectMethodHandle$Holder.invokeVirtual(java.lang.Object, java.lang.Object)'> (0x0000040003619460) 
thrown [src/hotspot/share/interpreter/linkResolver.cpp, line 772]
Event: 0.420 Thread 0x00007630b4495050 Exception <a 'java/lang/NoSuchMethodError'{0x000004000305a220}: 'java.lang.Object java.lang.invoke.DirectMethodHandle$Holder.newInvokeSpecial(java.lang.Object, java.lang.Object, java.lang.Object, java.lang.Object, int)'> (0x000004000305a220) 
thrown [src/hotspot/share/interpreter/linkResolver.cpp, line 772]
Event: 0.420 Thread 0x00007630b4495050 Exception <a 'java/lang/NoSuchMethodError'{0x000004000305f628}: 'java.lang.Object java.lang.invoke.DirectMethodHandle$Holder.invokeSpecial(java.lang.Object, java.lang.Object, java.lang.Object, java.lang.Object, java.lang.Object, int)'> (0x000004000305f628) 
thrown [src/hotspot/share/interpreter/linkResolver.cpp, line 772]
Event: 0.420 Thread 0x00007630b4495050 Exception <a 'java/lang/NoSuchMethodError'{0x0000040003063ec0}: 'java.lang.Object java.lang.invoke.Invokers$Holder.linkToTargetMethod(java.lang.Object, java.lang.Object, java.lang.Object, int, java.lang.Object)'> (0x0000040003063ec0) 
thrown [src/hotspot/share/interpreter/linkResolver.cpp, line 772]
Event: 0.430 Thread 0x00007630b4495050 Exception <a 'java/lang/NoSuchMethodError'{0x000004000369a710}: 'java.lang.Object java.lang.invoke.DirectMethodHandle$Holder.newInvokeSpecial(java.lang.Object, java.lang.Object, java.lang.Object, int)'> (0x000004000369a710) 
thrown [src/hotspot/share/interpreter/linkResolver.cpp, line 772]
Event: 0.431 Thread 0x00007630b4495050 Exception <a 'java/lang/NoSuchMethodError'{0x000004000369f088}: 'java.lang.Object java.lang.invoke.DirectMethodHandle$Holder.invokeSpecial(java.lang.Object, java.lang.Object, java.lang.Object, java.lang.Object, int)'> (0x000004000369f088) 
thrown [src/hotspot/share/interpreter/linkResolver.cpp, line 772]
Event: 0.431 Thread 0x00007630b4495050 Exception <a 'java/lang/NoSuchMethodError'{0x00000400036a2f98}: 'java.lang.Object java.lang.invoke.Invokers$Holder.linkToTargetMethod(java.lang.Object, java.lang.Object, int, java.lang.Object)'> (0x00000400036a2f98) 
thrown [src/hotspot/share/interpreter/linkResolver.cpp, line 772]
Event: 0.435 Thread 0x00007630b40e9970 Exception <a 'sun/nio/fs/UnixException'{0x00000400037340b0}> (0x00000400037340b0) 
thrown [src/hotspot/share/prims/jni.cpp, line 520]
Event: 0.436 Thread 0x00007630b40e9970 Exception <a 'java/lang/NoSuchMethodError'{0x0000040003767430}: 'int java.lang.invoke.DirectMethodHandle$Holder.invokeStaticInit(java.lang.Object, java.lang.Object, java.lang.Object)'> (0x0000040003767430) 
thrown [src/hotspot/share/interpreter/linkResolver.cpp, line 772]
Event: 0.456 Thread 0x00007630b40e9970 Exception <a 'java/lang/NoSuchMethodError'{0x00000400039355c0}: 'void java.lang.invoke.DirectMethodHandle$Holder.invokeStatic(java.lang.Object, long)'> (0x00000400039355c0) 
thrown [src/hotspot/share/interpreter/linkResolver.cpp, line 772]
Event: 0.472 Thread 0x00007630b40e9970 Exception <a 'java/lang/NoSuchMethodError'{0x0000040003ab9320}: 'java.lang.Object java.lang.invoke.DirectMethodHandle$Holder.invokeSpecial(java.lang.Object, java.lang.Object, java.lang.Object, int, int, java.lang.Object)'> (0x0000040003ab9320) 
thrown [src/hotspot/share/interpreter/linkResolver.cpp, line 772]
Event: 0.484 Thread 0x00007630b40e9970 Exception <a 'java/lang/NoSuchMethodError'{0x0000040003b6d1a8}: 'void java.lang.invoke.DirectMethodHandle$Holder.invokeStatic(java.lang.Object, java.lang.Object, int)'> (0x0000040003b6d1a8) 
thrown [src/hotspot/share/interpreter/linkResolver.cpp, line 772]
Event: 0.520 Thread 0x00007630b40e9970 Exception <a 'java/lang/NoSuchMethodError'{0x0000040003f42ad0}: 'java.lang.Object java.lang.invoke.DirectMethodHandle$Holder.invokeSpecial(java.lang.Object, java.lang.Object, int, java.lang.Object, java.lang.Object)'> (0x0000040003f42ad0) 
thrown [src/hotspot/share/interpreter/linkResolver.cpp, line 772]
Event: 0.521 Thread 0x00007630b40e9970 Exception <a 'sun/nio/fs/UnixException'{0x0000040003f4deb8}> (0x0000040003f4deb8) 
thrown [src/hotspot/share/prims/jni.cpp, line 520]
Event: 0.546 Thread 0x00007630b4699580 Exception <a 'java/lang/NoSuchMethodError'{0x0000040003dae830}: 'java.lang.Object java.lang.invoke.DirectMethodHandle$Holder.newInvokeSpecial(java.lang.Object, int, java.lang.Object)'> (0x0000040003dae830) 
thrown [src/hotspot/share/interpreter/linkResolver.cpp, line 772]
Event: 0.639 Thread 0x0000762b840026f0 Exception <a 'java/lang/NoSuchMethodError'{0x0000040004049250}: 'java.lang.Object java.lang.invoke.DirectMethodHandle$Holder.newInvokeSpecial(java.lang.Object, java.lang.Object, long, long)'> (0x0000040004049250) 
thrown [src/hotspot/share/interpreter/linkResolver.cpp, line 772]
Event: 0.640 Thread 0x0000762b840026f0 Exception <a 'java/lang/NoSuchMethodError'{0x000004000404e040}: 'java.lang.Object java.lang.invoke.DirectMethodHandle$Holder.invokeSpecial(java.lang.Object, java.lang.Object, java.lang.Object, long, long)'> (0x000004000404e040) 
thrown [src/hotspot/share/interpreter/linkResolver.cpp, line 772]
Event: 0.660 Thread 0x00007630b40e9970 Exception <a 'sun/nio/fs/UnixException'{0x0000040003f72020}> (0x0000040003f72020) 
thrown [src/hotspot/share/prims/jni.cpp, line 520]
Event: 0.671 Thread 0x00007630b4495050 Exception <a 'java/lang/NoSuchMethodError'{0x0000040003fb5eb8}: 'java.lang.Object java.lang.invoke.DirectMethodHandle$Holder.newInvokeSpecial(java.lang.Object, java.lang.Object, java.lang.Object, int, int)'> (0x0000040003fb5eb8) 
thrown [src/hotspot/share/interpreter/linkResolver.cpp, line 772]
Event: 0.694 Thread 0x00007630b4496600 Exception <a 'java/lang/NoSuchMethodError'{0x00000400042474e8}: 'void java.lang.invoke.DirectMethodHandle$Holder.invokeSpecial(java.lang.Object, java.lang.Object, long)'> (0x00000400042474e8) 
thrown [src/hotspot/share/interpreter/linkResolver.cpp, line 772]
Event: 0.694 Thread 0x00007630b4496600 Exception <a 'java/lang/NoSuchMethodError'{0x000004000424e268}: 'java.lang.Object java.lang.invoke.DirectMethodHandle$Holder.newInvokeSpecial(java.lang.Object, java.lang.Object, long)'> (0x000004000424e268) 
thrown [src/hotspot/share/interpreter/linkResolver.cpp, line 772]
Event: 0.694 Thread 0x00007630b4496600 Exception <a 'java/lang/NoSuchMethodError'{0x0000040004252a28}: 'java.lang.Object java.lang.invoke.Invokers$Holder.linkToTargetMethod(java.lang.Object, long, java.lang.Object)'> (0x0000040004252a28) 
thrown [src/hotspot/share/interpreter/linkResolver.cpp, line 772]
Event: 0.920 Thread 0x00007630b47e3fe0 Exception <a 'java/lang/NoSuchMethodError'{0x00000400044ef448}: 'java.lang.Object java.lang.invoke.DirectMethodHandle$Holder.invokeStatic(java.lang.Object, int, java.lang.Object)'> (0x00000400044ef448) 
thrown [src/hotspot/share/interpreter/linkResolver.cpp, line 772]
Event: 1.021 Thread 0x00007630b47e3fe0 Exception <a 'java/lang/NoSuchMethodError'{0x0000040016985008}: 'long java.lang.invoke.DirectMethodHandle$Holder.invokeVirtual(java.lang.Object, java.lang.Object)'> (0x0000040016985008) 
thrown [src/hotspot/share/interpreter/linkResolver.cpp, line 772]
Event: 1.023 Thread 0x00007630b47e3fe0 Exception <a 'java/lang/NoSuchMethodError'{0x000004001699dd38}: 'long java.lang.invoke.DirectMethodHandle$Holder.invokeSpecial(java.lang.Object, java.lang.Object)'> (0x000004001699dd38) 
thrown [src/hotspot/share/interpreter/linkResolver.cpp, line 772]
Event: 1.026 Thread 0x00007630b47e3fe0 Exception <a 'java/lang/NoSuchMethodError'{0x00000400169ba820}: 'int java.lang.invoke.DirectMethodHandle$Holder.invokeInterface(java.lang.Object, java.lang.Object)'> (0x00000400169ba820) 
thrown [src/hotspot/share/interpreter/linkResolver.cpp, line 772]
Event: 1.545 Thread 0x00007630b47e3fe0 Exception <a 'java/lang/NoSuchMethodError'{0x00000400173c1ae0}: 'java.lang.Object java.lang.invoke.DirectMethodHandle$Holder.invokeSpecial(java.lang.Object, java.lang.Object, long, long, long)'> (0x00000400173c1ae0) 
thrown [src/hotspot/share/interpreter/linkResolver.cpp, line 772]
Event: 3.679 Thread 0x0000762a9400ace0 Exception <a 'java/lang/NoSuchMethodError'{0x0000040017029a80}: 'java.lang.Object java.lang.invoke.DirectMethodHandle$Holder.invokeSpecialIFC(java.lang.Object, java.lang.Object, java.lang.Object, java.lang.Object)'> (0x0000040017029a80) 
thrown [src/hotspot/share/interpreter/linkResolver.cpp, line 772]
Event: 3.679 Thread 0x0000762a9400ace0 Exception <a 'java/lang/NoSuchMethodError'{0x0000040017032060}: 'java.lang.Object java.lang.invoke.DirectMethodHandle$Holder.invokeVirtual(java.lang.Object, java.lang.Object, java.lang.Object, java.lang.Object)'> (0x0000040017032060) 
thrown [src/hotspot/share/interpreter/linkResolver.cpp, line 772]
Event: 3.722 Thread 0x0000762a9400ace0 Exception <a 'java/lang/IncompatibleClassChangeError'{0x00000400171bedb8}: Found class java.lang.Object, but interface was expected> (0x00000400171bedb8) 
thrown [src/hotspot/share/interpreter/linkResolver.cpp, line 840]
Event: 11.040 Thread 0x0000762b44729c00 Exception <a 'java/lang/NoSuchMethodError'{0x0000040017989560}: 'java.lang.Object java.lang.invoke.DirectMethodHandle$Holder.newInvokeSpecial(java.lang.Object, long, long, java.lang.Object)'> (0x0000040017989560) 
thrown [src/hotspot/share/interpreter/linkResolver.cpp, line 772]
Event: 271.720 Thread 0x00007630b461e870 Implicit null exception at 0x00007630a4259d56 to 0x00007630a425a014
Event: 1025.897 Thread 0x00007630b4495050 Exception <a 'java/lang/NoSuchMethodError'{0x000004001b0cccb8}: 'java.lang.Object java.lang.invoke.DirectMethodHandle$Holder.newInvokeSpecial(java.lang.Object, java.lang.Object, long, long, java.lang.Object)'> (0x000004001b0cccb8) 
thrown [src/hotspot/share/interpreter/linkResolver.cpp, line 772]
Event: 1031.382 Thread 0x00007630b4496600 Exception <a 'java/lang/NoSuchMethodError'{0x000004001a15ed80}: 'void java.lang.invoke.DirectMethodHandle$Holder.invokeSpecial(java.lang.Object, java.lang.Object, java.lang.Object, java.lang.Object, java.lang.Object)'> (0x000004001a15ed80) 
thrown [src/hotspot/share/interpreter/linkResolver.cpp, line 772]

ZGC Phase Switch (93 events):
Event: 0.929 Young Mark Start         2
Event: 0.929 Old Mark Start           2
Event: 0.936 Young Mark End           2
Event: 0.943 Young Relocate Start     2
Event: 0.946 Old Mark End             2
Event: 0.956 Old Relocate Start       2
Event: 0.958 Young Mark Start         3
Event: 0.958 Old Mark Start           3
Event: 0.975 Young Mark End           3
Event: 0.976 Young Relocate Start     3
Event: 0.977 Old Mark End             3
Event: 0.988 Old Relocate Start       3
Event: 0.989 Young Mark Start         4
Event: 0.989 Old Mark Start           4
Event: 1.016 Young Mark End           4
Event: 1.030 Young Relocate Start     4
Event: 1.056 Old Mark End             4
Event: 1.091 Old Relocate Start       4
Event: 260.353 Young Mark Start         5
Event: 260.398 Young Mark End           5
Event: 260.410 Young Relocate Start     5
Event: 260.427 Young Mark Start         6
Event: 260.427 Old Mark Start           5
Event: 260.442 Young Mark End           6
Event: 260.447 Young Relocate Start     6
Event: 260.532 Old Mark End             5
Event: 260.545 Old Relocate Start       5
Event: 495.755 Young Mark Start         7
Event: 495.755 Old Mark Start           6
Event: 495.759 Young Mark End           7
Event: 495.762 Young Relocate Start     7
Event: 495.808 Old Mark End             6
Event: 495.818 Old Relocate Start       6
Event: 774.550 Young Mark Start         8
Event: 774.550 Old Mark Start           7
Event: 774.561 Young Mark End           8
Event: 774.566 Young Relocate Start     8
Event: 774.823 Old Mark End             7
Event: 774.847 Old Relocate Start       7
Event: 1074.855 Young Mark Start         9
Event: 1074.855 Old Mark Start           8
Event: 1074.864 Young Mark End           9
Event: 1074.867 Young Relocate Start     9
Event: 1075.026 Old Mark End             8
Event: 1075.054 Old Relocate Start       8
Event: 1374.885 Young Mark Start        10
Event: 1374.885 Old Mark Start           9
Event: 1374.901 Young Mark End          10
Event: 1374.902 Young Relocate Start    10
Event: 1375.072 Old Mark End             9
Event: 1375.085 Old Relocate Start       9
Event: 1666.021 Young Mark Start        11
Event: 1666.021 Old Mark Start          10
Event: 1666.031 Young Mark End          11
Event: 1666.032 Young Relocate Start    11
Event: 1666.133 Old Mark End            10
Event: 1666.158 Old Relocate Start      10
Event: 1964.125 Young Mark Start        12
Event: 1964.125 Old Mark Start          11
Event: 1964.146 Young Mark End          12
Event: 1964.147 Young Relocate Start    12
Event: 1964.292 Old Mark End            11
Event: 1964.310 Old Relocate Start      11
Event: 2264.317 Young Mark Start        13
Event: 2264.317 Old Mark Start          12
Event: 2264.328 Young Mark End          13
Event: 2264.330 Young Relocate Start    13
Event: 2264.435 Old Mark End            12
Event: 2264.458 Old Relocate Start      12
Event: 2560.739 Young Mark Start        14
Event: 2560.739 Old Mark Start          13
Event: 2560.768 Young Mark End          14
Event: 2560.774 Young Relocate Start    14
Event: 2560.956 Old Mark End            13
Event: 2560.979 Old Relocate Start      13
Event: 2860.986 Young Mark Start        15
Event: 2860.986 Old Mark Start          14
Event: 2860.995 Young Mark End          15
Event: 2860.996 Young Relocate Start    15
Event: 2861.084 Old Mark End            14
Event: 2861.102 Old Relocate Start      14
Event: 3153.678 Young Mark Start        16
Event: 3153.678 Old Mark Start          15
Event: 3153.689 Young Mark End          16
Event: 3153.693 Young Relocate Start    16
Event: 3153.777 Old Mark End            15
Event: 3153.793 Old Relocate Start      15
Event: 3453.794 Young Mark Start        17
Event: 3453.794 Old Mark Start          16
Event: 3453.803 Young Mark End          17
Event: 3453.807 Young Relocate Start    17
Event: 3453.902 Old Mark End            16
Event: 3453.919 Old Relocate Start      16

VM Operations (250 events):
Event: 2264.435 Executing non-safepoint VM operation: ZMarkFlushOperation
Event: 2264.435 Executing non-safepoint VM operation: ZMarkFlushOperation done
Event: 2264.435 Executing safepoint VM operation: ZMarkEndOld (Proactive)
Event: 2264.435 Executing safepoint VM operation: ZMarkEndOld (Proactive) done
Event: 2264.438 Executing non-safepoint VM operation: HandshakeAllThreads (ZRendezvous)
Event: 2264.438 Executing non-safepoint VM operation: HandshakeAllThreads (ZRendezvous) done
Event: 2264.438 Executing non-safepoint VM operation: ZRendezvousGCThreads
Event: 2264.438 Executing non-safepoint VM operation: ZRendezvousGCThreads done
Event: 2264.458 Executing safepoint VM operation: ZRelocateStartOld (Proactive)
Event: 2264.458 Executing safepoint VM operation: ZRelocateStartOld (Proactive) done
Event: 2281.064 Executing non-safepoint VM operation: HandshakeAllThreads (HandshakeForDeflation)
Event: 2281.064 Executing non-safepoint VM operation: HandshakeAllThreads (HandshakeForDeflation) done
Event: 2281.064 Executing non-safepoint VM operation: RendezvousGCThreads
Event: 2281.064 Executing non-safepoint VM operation: RendezvousGCThreads done
Event: 2341.079 Executing non-safepoint VM operation: HandshakeAllThreads (HandshakeForDeflation)
Event: 2341.079 Executing non-safepoint VM operation: HandshakeAllThreads (HandshakeForDeflation) done
Event: 2341.079 Executing non-safepoint VM operation: RendezvousGCThreads
Event: 2341.079 Executing non-safepoint VM operation: RendezvousGCThreads done
Event: 2401.110 Executing non-safepoint VM operation: HandshakeAllThreads (HandshakeForDeflation)
Event: 2401.110 Executing non-safepoint VM operation: HandshakeAllThreads (HandshakeForDeflation) done
Event: 2401.110 Executing non-safepoint VM operation: RendezvousGCThreads
Event: 2401.110 Executing non-safepoint VM operation: RendezvousGCThreads done
Event: 2461.143 Executing non-safepoint VM operation: HandshakeAllThreads (HandshakeForDeflation)
Event: 2461.143 Executing non-safepoint VM operation: HandshakeAllThreads (HandshakeForDeflation) done
Event: 2461.143 Executing non-safepoint VM operation: RendezvousGCThreads
Event: 2461.143 Executing non-safepoint VM operation: RendezvousGCThreads done
Event: 2521.165 Executing non-safepoint VM operation: HandshakeAllThreads (HandshakeForDeflation)
Event: 2521.165 Executing non-safepoint VM operation: HandshakeAllThreads (HandshakeForDeflation) done
Event: 2521.165 Executing non-safepoint VM operation: RendezvousGCThreads
Event: 2521.165 Executing non-safepoint VM operation: RendezvousGCThreads done
Event: 2560.739 Executing safepoint VM operation: ZMarkStartYoungAndOld (Proactive)
Event: 2560.739 Executing safepoint VM operation: ZMarkStartYoungAndOld (Proactive) done
Event: 2560.765 Executing non-safepoint VM operation: HandshakeAllThreads (ZMarkFlushAndFreeStacks)
Event: 2560.765 Executing non-safepoint VM operation: HandshakeAllThreads (ZMarkFlushAndFreeStacks) done
Event: 2560.767 Executing non-safepoint VM operation: ZMarkFlushOperation
Event: 2560.767 Executing non-safepoint VM operation: ZMarkFlushOperation done
Event: 2560.767 Executing non-safepoint VM operation: HandshakeAllThreads (ZMarkFlushAndFreeStacks)
Event: 2560.767 Executing non-safepoint VM operation: HandshakeAllThreads (ZMarkFlushAndFreeStacks) done
Event: 2560.767 Executing non-safepoint VM operation: ZMarkFlushOperation
Event: 2560.767 Executing non-safepoint VM operation: ZMarkFlushOperation done
Event: 2560.767 Executing non-safepoint VM operation: HandshakeAllThreads (ZMarkFlushAndFreeStacks)
Event: 2560.767 Executing non-safepoint VM operation: HandshakeAllThreads (ZMarkFlushAndFreeStacks) done
Event: 2560.767 Executing non-safepoint VM operation: ZMarkFlushOperation
Event: 2560.767 Executing non-safepoint VM operation: ZMarkFlushOperation done
Event: 2560.767 Executing safepoint VM operation: ZMarkEndYoung (Proactive)
Event: 2560.768 Executing safepoint VM operation: ZMarkEndYoung (Proactive) done
Event: 2560.774 Executing safepoint VM operation: ZRelocateStartYoung (Proactive)
Event: 2560.774 Executing safepoint VM operation: ZRelocateStartYoung (Proactive) done
Event: 2560.956 Executing non-safepoint VM operation: HandshakeAllThreads (ZMarkFlushAndFreeStacks)
Event: 2560.956 Executing non-safepoint VM operation: HandshakeAllThreads (ZMarkFlushAndFreeStacks) done
Event: 2560.956 Executing non-safepoint VM operation: ZMarkFlushOperation
Event: 2560.956 Executing non-safepoint VM operation: ZMarkFlushOperation done
Event: 2560.956 Executing non-safepoint VM operation: HandshakeAllThreads (ZMarkFlushAndFreeStacks)
Event: 2560.956 Executing non-safepoint VM operation: HandshakeAllThreads (ZMarkFlushAndFreeStacks) done
Event: 2560.956 Executing non-safepoint VM operation: ZMarkFlushOperation
Event: 2560.956 Executing non-safepoint VM operation: ZMarkFlushOperation done
Event: 2560.956 Executing non-safepoint VM operation: HandshakeAllThreads (ZMarkFlushAndFreeStacks)
Event: 2560.956 Executing non-safepoint VM operation: HandshakeAllThreads (ZMarkFlushAndFreeStacks) done
Event: 2560.956 Executing non-safepoint VM operation: ZMarkFlushOperation
Event: 2560.956 Executing non-safepoint VM operation: ZMarkFlushOperation done
Event: 2560.956 Executing safepoint VM operation: ZMarkEndOld (Proactive)
Event: 2560.956 Executing safepoint VM operation: ZMarkEndOld (Proactive) done
Event: 2560.959 Executing non-safepoint VM operation: HandshakeAllThreads (ZRendezvous)
Event: 2560.959 Executing non-safepoint VM operation: HandshakeAllThreads (ZRendezvous) done
Event: 2560.962 Executing non-safepoint VM operation: ZRendezvousGCThreads
Event: 2560.962 Executing non-safepoint VM operation: ZRendezvousGCThreads done
Event: 2560.979 Executing safepoint VM operation: ZRelocateStartOld (Proactive)
Event: 2560.979 Executing safepoint VM operation: ZRelocateStartOld (Proactive) done
Event: 2581.184 Executing non-safepoint VM operation: HandshakeAllThreads (HandshakeForDeflation)
Event: 2581.185 Executing non-safepoint VM operation: HandshakeAllThreads (HandshakeForDeflation) done
Event: 2581.185 Executing non-safepoint VM operation: RendezvousGCThreads
Event: 2581.185 Executing non-safepoint VM operation: RendezvousGCThreads done
Event: 2641.202 Executing non-safepoint VM operation: HandshakeAllThreads (HandshakeForDeflation)
Event: 2641.203 Executing non-safepoint VM operation: HandshakeAllThreads (HandshakeForDeflation) done
Event: 2641.203 Executing non-safepoint VM operation: RendezvousGCThreads
Event: 2641.203 Executing non-safepoint VM operation: RendezvousGCThreads done
Event: 2701.221 Executing non-safepoint VM operation: HandshakeAllThreads (HandshakeForDeflation)
Event: 2701.221 Executing non-safepoint VM operation: HandshakeAllThreads (HandshakeForDeflation) done
Event: 2701.221 Executing non-safepoint VM operation: RendezvousGCThreads
Event: 2701.221 Executing non-safepoint VM operation: RendezvousGCThreads done
Event: 2761.241 Executing non-safepoint VM operation: HandshakeAllThreads (HandshakeForDeflation)
Event: 2761.242 Executing non-safepoint VM operation: HandshakeAllThreads (HandshakeForDeflation) done
Event: 2761.242 Executing non-safepoint VM operation: RendezvousGCThreads
Event: 2761.242 Executing non-safepoint VM operation: RendezvousGCThreads done
Event: 2821.273 Executing non-safepoint VM operation: HandshakeAllThreads (HandshakeForDeflation)
Event: 2821.273 Executing non-safepoint VM operation: HandshakeAllThreads (HandshakeForDeflation) done
Event: 2821.274 Executing non-safepoint VM operation: RendezvousGCThreads
Event: 2821.274 Executing non-safepoint VM operation: RendezvousGCThreads done
Event: 2860.985 Executing safepoint VM operation: ZMarkStartYoungAndOld (Proactive)
Event: 2860.986 Executing safepoint VM operation: ZMarkStartYoungAndOld (Proactive) done
Event: 2860.995 Executing non-safepoint VM operation: HandshakeAllThreads (ZMarkFlushAndFreeStacks)
Event: 2860.995 Executing non-safepoint VM operation: HandshakeAllThreads (ZMarkFlushAndFreeStacks) done
Event: 2860.995 Executing non-safepoint VM operation: ZMarkFlushOperation
Event: 2860.995 Executing non-safepoint VM operation: ZMarkFlushOperation done
Event: 2860.995 Executing non-safepoint VM operation: HandshakeAllThreads (ZMarkFlushAndFreeStacks)
Event: 2860.995 Executing non-safepoint VM operation: HandshakeAllThreads (ZMarkFlushAndFreeStacks) done
Event: 2860.995 Executing non-safepoint VM operation: ZMarkFlushOperation
Event: 2860.995 Executing non-safepoint VM operation: ZMarkFlushOperation done
Event: 2860.995 Executing non-safepoint VM operation: HandshakeAllThreads (ZMarkFlushAndFreeStacks)
Event: 2860.995 Executing non-safepoint VM operation: HandshakeAllThreads (ZMarkFlushAndFreeStacks) done
Event: 2860.995 Executing non-safepoint VM operation: ZMarkFlushOperation
Event: 2860.995 Executing non-safepoint VM operation: ZMarkFlushOperation done
Event: 2860.995 Executing safepoint VM operation: ZMarkEndYoung (Proactive)
Event: 2860.995 Executing safepoint VM operation: ZMarkEndYoung (Proactive) done
Event: 2860.996 Executing safepoint VM operation: ZRelocateStartYoung (Proactive)
Event: 2860.996 Executing safepoint VM operation: ZRelocateStartYoung (Proactive) done
Event: 2861.084 Executing non-safepoint VM operation: HandshakeAllThreads (ZMarkFlushAndFreeStacks)
Event: 2861.084 Executing non-safepoint VM operation: HandshakeAllThreads (ZMarkFlushAndFreeStacks) done
Event: 2861.084 Executing non-safepoint VM operation: ZMarkFlushOperation
Event: 2861.084 Executing non-safepoint VM operation: ZMarkFlushOperation done
Event: 2861.084 Executing non-safepoint VM operation: HandshakeAllThreads (ZMarkFlushAndFreeStacks)
Event: 2861.084 Executing non-safepoint VM operation: HandshakeAllThreads (ZMarkFlushAndFreeStacks) done
Event: 2861.084 Executing non-safepoint VM operation: ZMarkFlushOperation
Event: 2861.084 Executing non-safepoint VM operation: ZMarkFlushOperation done
Event: 2861.084 Executing non-safepoint VM operation: HandshakeAllThreads (ZMarkFlushAndFreeStacks)
Event: 2861.084 Executing non-safepoint VM operation: HandshakeAllThreads (ZMarkFlushAndFreeStacks) done
Event: 2861.084 Executing non-safepoint VM operation: ZMarkFlushOperation
Event: 2861.084 Executing non-safepoint VM operation: ZMarkFlushOperation done
Event: 2861.084 Executing safepoint VM operation: ZMarkEndOld (Proactive)
Event: 2861.084 Executing safepoint VM operation: ZMarkEndOld (Proactive) done
Event: 2861.088 Executing non-safepoint VM operation: HandshakeAllThreads (ZRendezvous)
Event: 2861.088 Executing non-safepoint VM operation: HandshakeAllThreads (ZRendezvous) done
Event: 2861.088 Executing non-safepoint VM operation: ZRendezvousGCThreads
Event: 2861.088 Executing non-safepoint VM operation: ZRendezvousGCThreads done
Event: 2861.102 Executing safepoint VM operation: ZRelocateStartOld (Proactive)
Event: 2861.102 Executing safepoint VM operation: ZRelocateStartOld (Proactive) done
Event: 2881.292 Executing non-safepoint VM operation: HandshakeAllThreads (HandshakeForDeflation)
Event: 2881.292 Executing non-safepoint VM operation: HandshakeAllThreads (HandshakeForDeflation) done
Event: 2881.292 Executing non-safepoint VM operation: RendezvousGCThreads
Event: 2881.292 Executing non-safepoint VM operation: RendezvousGCThreads done
Event: 2941.316 Executing non-safepoint VM operation: HandshakeAllThreads (HandshakeForDeflation)
Event: 2941.316 Executing non-safepoint VM operation: HandshakeAllThreads (HandshakeForDeflation) done
Event: 2941.316 Executing non-safepoint VM operation: RendezvousGCThreads
Event: 2941.316 Executing non-safepoint VM operation: RendezvousGCThreads done
Event: 3001.334 Executing non-safepoint VM operation: HandshakeAllThreads (HandshakeForDeflation)
Event: 3001.334 Executing non-safepoint VM operation: HandshakeAllThreads (HandshakeForDeflation) done
Event: 3001.334 Executing non-safepoint VM operation: RendezvousGCThreads
Event: 3001.334 Executing non-safepoint VM operation: RendezvousGCThreads done
Event: 3061.349 Executing non-safepoint VM operation: HandshakeAllThreads (HandshakeForDeflation)
Event: 3061.349 Executing non-safepoint VM operation: HandshakeAllThreads (HandshakeForDeflation) done
Event: 3061.349 Executing non-safepoint VM operation: RendezvousGCThreads
Event: 3061.349 Executing non-safepoint VM operation: RendezvousGCThreads done
Event: 3121.372 Executing non-safepoint VM operation: HandshakeAllThreads (HandshakeForDeflation)
Event: 3121.372 Executing non-safepoint VM operation: HandshakeAllThreads (HandshakeForDeflation) done
Event: 3121.372 Executing non-safepoint VM operation: RendezvousGCThreads
Event: 3121.372 Executing non-safepoint VM operation: RendezvousGCThreads done
Event: 3153.678 Executing safepoint VM operation: ZMarkStartYoungAndOld (Proactive)
Event: 3153.678 Executing safepoint VM operation: ZMarkStartYoungAndOld (Proactive) done
Event: 3153.688 Executing non-safepoint VM operation: HandshakeAllThreads (ZMarkFlushAndFreeStacks)
Event: 3153.689 Executing non-safepoint VM operation: HandshakeAllThreads (ZMarkFlushAndFreeStacks) done
Event: 3153.689 Executing non-safepoint VM operation: ZMarkFlushOperation
Event: 3153.689 Executing non-safepoint VM operation: ZMarkFlushOperation done
Event: 3153.689 Executing non-safepoint VM operation: HandshakeAllThreads (ZMarkFlushAndFreeStacks)
Event: 3153.689 Executing non-safepoint VM operation: HandshakeAllThreads (ZMarkFlushAndFreeStacks) done
Event: 3153.689 Executing non-safepoint VM operation: ZMarkFlushOperation
Event: 3153.689 Executing non-safepoint VM operation: ZMarkFlushOperation done
Event: 3153.689 Executing non-safepoint VM operation: HandshakeAllThreads (ZMarkFlushAndFreeStacks)
Event: 3153.689 Executing non-safepoint VM operation: HandshakeAllThreads (ZMarkFlushAndFreeStacks) done
Event: 3153.689 Executing non-safepoint VM operation: ZMarkFlushOperation
Event: 3153.689 Executing non-safepoint VM operation: ZMarkFlushOperation done
Event: 3153.689 Executing safepoint VM operation: ZMarkEndYoung (Proactive)
Event: 3153.692 Executing safepoint VM operation: ZMarkEndYoung (Proactive) done
Event: 3153.693 Executing safepoint VM operation: ZRelocateStartYoung (Proactive)
Event: 3153.693 Executing safepoint VM operation: ZRelocateStartYoung (Proactive) done
Event: 3153.776 Executing non-safepoint VM operation: HandshakeAllThreads (ZMarkFlushAndFreeStacks)
Event: 3153.776 Executing non-safepoint VM operation: HandshakeAllThreads (ZMarkFlushAndFreeStacks) done
Event: 3153.776 Executing non-safepoint VM operation: ZMarkFlushOperation
Event: 3153.776 Executing non-safepoint VM operation: ZMarkFlushOperation done
Event: 3153.776 Executing non-safepoint VM operation: HandshakeAllThreads (ZMarkFlushAndFreeStacks)
Event: 3153.776 Executing non-safepoint VM operation: HandshakeAllThreads (ZMarkFlushAndFreeStacks) done
Event: 3153.776 Executing non-safepoint VM operation: ZMarkFlushOperation
Event: 3153.776 Executing non-safepoint VM operation: ZMarkFlushOperation done
Event: 3153.776 Executing non-safepoint VM operation: HandshakeAllThreads (ZMarkFlushAndFreeStacks)
Event: 3153.776 Executing non-safepoint VM operation: HandshakeAllThreads (ZMarkFlushAndFreeStacks) done
Event: 3153.776 Executing non-safepoint VM operation: ZMarkFlushOperation
Event: 3153.776 Executing non-safepoint VM operation: ZMarkFlushOperation done
Event: 3153.776 Executing safepoint VM operation: ZMarkEndOld (Proactive)
Event: 3153.777 Executing safepoint VM operation: ZMarkEndOld (Proactive) done
Event: 3153.781 Executing non-safepoint VM operation: HandshakeAllThreads (ZRendezvous)
Event: 3153.781 Executing non-safepoint VM operation: HandshakeAllThreads (ZRendezvous) done
Event: 3153.781 Executing non-safepoint VM operation: ZRendezvousGCThreads
Event: 3153.781 Executing non-safepoint VM operation: ZRendezvousGCThreads done
Event: 3153.793 Executing safepoint VM operation: ZRelocateStartOld (Proactive)
Event: 3153.793 Executing safepoint VM operation: ZRelocateStartOld (Proactive) done
Event: 3181.385 Executing non-safepoint VM operation: HandshakeAllThreads (HandshakeForDeflation)
Event: 3181.385 Executing non-safepoint VM operation: HandshakeAllThreads (HandshakeForDeflation) done
Event: 3181.385 Executing non-safepoint VM operation: RendezvousGCThreads
Event: 3181.385 Executing non-safepoint VM operation: RendezvousGCThreads done
Event: 3301.428 Executing non-safepoint VM operation: HandshakeAllThreads (HandshakeForDeflation)
Event: 3301.428 Executing non-safepoint VM operation: HandshakeAllThreads (HandshakeForDeflation) done
Event: 3301.428 Executing non-safepoint VM operation: RendezvousGCThreads
Event: 3301.428 Executing non-safepoint VM operation: RendezvousGCThreads done
Event: 3361.473 Executing non-safepoint VM operation: HandshakeAllThreads (HandshakeForDeflation)
Event: 3361.473 Executing non-safepoint VM operation: HandshakeAllThreads (HandshakeForDeflation) done
Event: 3361.473 Executing non-safepoint VM operation: RendezvousGCThreads
Event: 3361.473 Executing non-safepoint VM operation: RendezvousGCThreads done
Event: 3421.503 Executing non-safepoint VM operation: HandshakeAllThreads (HandshakeForDeflation)
Event: 3421.503 Executing non-safepoint VM operation: HandshakeAllThreads (HandshakeForDeflation) done
Event: 3421.503 Executing non-safepoint VM operation: RendezvousGCThreads
Event: 3421.503 Executing non-safepoint VM operation: RendezvousGCThreads done
Event: 3453.794 Executing safepoint VM operation: ZMarkStartYoungAndOld (Proactive)
Event: 3453.794 Executing safepoint VM operation: ZMarkStartYoungAndOld (Proactive) done
Event: 3453.803 Executing non-safepoint VM operation: HandshakeAllThreads (ZMarkFlushAndFreeStacks)
Event: 3453.803 Executing non-safepoint VM operation: HandshakeAllThreads (ZMarkFlushAndFreeStacks) done
Event: 3453.803 Executing non-safepoint VM operation: ZMarkFlushOperation
Event: 3453.803 Executing non-safepoint VM operation: ZMarkFlushOperation done
Event: 3453.803 Executing non-safepoint VM operation: HandshakeAllThreads (ZMarkFlushAndFreeStacks)
Event: 3453.803 Executing non-safepoint VM operation: HandshakeAllThreads (ZMarkFlushAndFreeStacks) done
Event: 3453.803 Executing non-safepoint VM operation: ZMarkFlushOperation
Event: 3453.803 Executing non-safepoint VM operation: ZMarkFlushOperation done
Event: 3453.803 Executing non-safepoint VM operation: HandshakeAllThreads (ZMarkFlushAndFreeStacks)
Event: 3453.803 Executing non-safepoint VM operation: HandshakeAllThreads (ZMarkFlushAndFreeStacks) done
Event: 3453.803 Executing non-safepoint VM operation: ZMarkFlushOperation
Event: 3453.803 Executing non-safepoint VM operation: ZMarkFlushOperation done
Event: 3453.803 Executing safepoint VM operation: ZMarkEndYoung (Proactive)
Event: 3453.803 Executing safepoint VM operation: ZMarkEndYoung (Proactive) done
Event: 3453.807 Executing safepoint VM operation: ZRelocateStartYoung (Proactive)
Event: 3453.807 Executing safepoint VM operation: ZRelocateStartYoung (Proactive) done
Event: 3453.902 Executing non-safepoint VM operation: HandshakeAllThreads (ZMarkFlushAndFreeStacks)
Event: 3453.902 Executing non-safepoint VM operation: HandshakeAllThreads (ZMarkFlushAndFreeStacks) done
Event: 3453.902 Executing non-safepoint VM operation: ZMarkFlushOperation
Event: 3453.902 Executing non-safepoint VM operation: ZMarkFlushOperation done
Event: 3453.902 Executing non-safepoint VM operation: HandshakeAllThreads (ZMarkFlushAndFreeStacks)
Event: 3453.902 Executing non-safepoint VM operation: HandshakeAllThreads (ZMarkFlushAndFreeStacks) done
Event: 3453.902 Executing non-safepoint VM operation: ZMarkFlushOperation
Event: 3453.902 Executing non-safepoint VM operation: ZMarkFlushOperation done
Event: 3453.902 Executing non-safepoint VM operation: HandshakeAllThreads (ZMarkFlushAndFreeStacks)
Event: 3453.902 Executing non-safepoint VM operation: HandshakeAllThreads (ZMarkFlushAndFreeStacks) done
Event: 3453.902 Executing non-safepoint VM operation: ZMarkFlushOperation
Event: 3453.902 Executing non-safepoint VM operation: ZMarkFlushOperation done
Event: 3453.902 Executing safepoint VM operation: ZMarkEndOld (Proactive)
Event: 3453.902 Executing safepoint VM operation: ZMarkEndOld (Proactive) done
Event: 3453.905 Executing non-safepoint VM operation: HandshakeAllThreads (ZRendezvous)
Event: 3453.905 Executing non-safepoint VM operation: HandshakeAllThreads (ZRendezvous) done
Event: 3453.905 Executing non-safepoint VM operation: ZRendezvousGCThreads
Event: 3453.905 Executing non-safepoint VM operation: ZRendezvousGCThreads done
Event: 3453.919 Executing safepoint VM operation: ZRelocateStartOld (Proactive)
Event: 3453.919 Executing safepoint VM operation: ZRelocateStartOld (Proactive) done
Event: 3481.530 Executing non-safepoint VM operation: HandshakeAllThreads (HandshakeForDeflation)
Event: 3481.530 Executing non-safepoint VM operation: HandshakeAllThreads (HandshakeForDeflation) done
Event: 3481.530 Executing non-safepoint VM operation: RendezvousGCThreads
Event: 3481.530 Executing non-safepoint VM operation: RendezvousGCThreads done
Event: 3541.546 Executing non-safepoint VM operation: HandshakeAllThreads (HandshakeForDeflation)
Event: 3541.546 Executing non-safepoint VM operation: HandshakeAllThreads (HandshakeForDeflation) done
Event: 3541.546 Executing non-safepoint VM operation: RendezvousGCThreads
Event: 3541.546 Executing non-safepoint VM operation: RendezvousGCThreads done
Event: 3601.571 Executing non-safepoint VM operation: HandshakeAllThreads (HandshakeForDeflation)
Event: 3601.571 Executing non-safepoint VM operation: HandshakeAllThreads (HandshakeForDeflation) done
Event: 3601.571 Executing non-safepoint VM operation: RendezvousGCThreads
Event: 3601.571 Executing non-safepoint VM operation: RendezvousGCThreads done

Memory protections (250 events):
Event: 2513.673 Protecting memory [0x000076307db30000,0x000076307db34000] with protection modes 0
Event: 2517.117 Protecting memory [0x000076307db30000,0x000076307db34000] with protection modes 0
Event: 2517.122 Protecting memory [0x000076307dc30000,0x000076307dc34000] with protection modes 0
Event: 2517.127 Protecting memory [0x000076307d130000,0x000076307d134000] with protection modes 0
Event: 2517.128 Protecting memory [0x000076307d230000,0x000076307d234000] with protection modes 0
Event: 2517.128 Protecting memory [0x000076307d730000,0x000076307d734000] with protection modes 0
Event: 2517.128 Protecting memory [0x000076307cf2e000,0x000076307cf32000] with protection modes 0
Event: 2517.128 Protecting memory [0x0000762bb040b000,0x0000762bb040f000] with protection modes 0
Event: 2517.128 Protecting memory [0x0000762bb030b000,0x0000762bb030f000] with protection modes 0
Event: 2518.674 Protecting memory [0x0000762bb020b000,0x0000762bb020f000] with protection modes 0
Event: 2523.674 Protecting memory [0x000076307d130000,0x000076307d134000] with protection modes 0
Event: 2528.673 Protecting memory [0x000076307dc30000,0x000076307dc34000] with protection modes 0
Event: 2533.674 Protecting memory [0x000076307d730000,0x000076307d734000] with protection modes 0
Event: 2538.674 Protecting memory [0x000076307db30000,0x000076307db34000] with protection modes 0
Event: 2543.673 Protecting memory [0x000076307db30000,0x000076307db34000] with protection modes 0
Event: 2548.674 Protecting memory [0x000076307db30000,0x000076307db34000] with protection modes 0
Event: 2553.674 Protecting memory [0x000076307db30000,0x000076307db34000] with protection modes 0
Event: 2558.673 Protecting memory [0x000076307db30000,0x000076307db34000] with protection modes 0
Event: 2558.675 Protecting memory [0x000076307d730000,0x000076307d734000] with protection modes 0
Event: 2558.675 Protecting memory [0x000076307db30000,0x000076307db34000] with protection modes 0
Event: 2558.675 Protecting memory [0x000076307dc30000,0x000076307dc34000] with protection modes 0
Event: 2563.675 Protecting memory [0x000076307dc30000,0x000076307dc34000] with protection modes 0
Event: 2568.675 Protecting memory [0x000076307d730000,0x000076307d734000] with protection modes 0
Event: 2573.675 Protecting memory [0x000076307d730000,0x000076307d734000] with protection modes 0
Event: 2578.673 Protecting memory [0x000076307d730000,0x000076307d734000] with protection modes 0
Event: 2583.674 Protecting memory [0x000076307d730000,0x000076307d734000] with protection modes 0
Event: 2588.673 Protecting memory [0x000076307d730000,0x000076307d734000] with protection modes 0
Event: 2593.673 Protecting memory [0x000076307d730000,0x000076307d734000] with protection modes 0
Event: 2598.673 Protecting memory [0x000076307d730000,0x000076307d734000] with protection modes 0
Event: 2603.673 Protecting memory [0x000076307d730000,0x000076307d734000] with protection modes 0
Event: 2608.673 Protecting memory [0x000076307d730000,0x000076307d734000] with protection modes 0
Event: 2613.673 Protecting memory [0x000076307d730000,0x000076307d734000] with protection modes 0
Event: 2618.674 Protecting memory [0x000076307d730000,0x000076307d734000] with protection modes 0
Event: 2623.673 Protecting memory [0x000076307d730000,0x000076307d734000] with protection modes 0
Event: 2628.675 Protecting memory [0x000076307d730000,0x000076307d734000] with protection modes 0
Event: 2633.674 Protecting memory [0x000076307d730000,0x000076307d734000] with protection modes 0
Event: 2638.674 Protecting memory [0x000076307d730000,0x000076307d734000] with protection modes 0
Event: 2643.673 Protecting memory [0x000076307d730000,0x000076307d734000] with protection modes 0
Event: 2648.676 Protecting memory [0x000076307d730000,0x000076307d734000] with protection modes 0
Event: 2653.674 Protecting memory [0x000076307d730000,0x000076307d734000] with protection modes 0
Event: 2658.673 Protecting memory [0x000076307d730000,0x000076307d734000] with protection modes 0
Event: 2663.673 Protecting memory [0x000076307d730000,0x000076307d734000] with protection modes 0
Event: 2668.674 Protecting memory [0x000076307d730000,0x000076307d734000] with protection modes 0
Event: 2673.674 Protecting memory [0x000076307d730000,0x000076307d734000] with protection modes 0
Event: 2678.674 Protecting memory [0x000076307d730000,0x000076307d734000] with protection modes 0
Event: 2683.674 Protecting memory [0x000076307d730000,0x000076307d734000] with protection modes 0
Event: 2688.674 Protecting memory [0x000076307d730000,0x000076307d734000] with protection modes 0
Event: 2693.674 Protecting memory [0x000076307d730000,0x000076307d734000] with protection modes 0
Event: 2698.673 Protecting memory [0x000076307d730000,0x000076307d734000] with protection modes 0
Event: 2703.673 Protecting memory [0x000076307d730000,0x000076307d734000] with protection modes 0
Event: 2708.676 Protecting memory [0x000076307d730000,0x000076307d734000] with protection modes 0
Event: 2713.673 Protecting memory [0x000076307d730000,0x000076307d734000] with protection modes 0
Event: 2718.674 Protecting memory [0x000076307d730000,0x000076307d734000] with protection modes 0
Event: 2723.674 Protecting memory [0x000076307d730000,0x000076307d734000] with protection modes 0
Event: 2728.674 Protecting memory [0x000076307d730000,0x000076307d734000] with protection modes 0
Event: 2733.673 Protecting memory [0x000076307d730000,0x000076307d734000] with protection modes 0
Event: 2738.674 Protecting memory [0x000076307d730000,0x000076307d734000] with protection modes 0
Event: 2743.674 Protecting memory [0x000076307d730000,0x000076307d734000] with protection modes 0
Event: 2748.676 Protecting memory [0x000076307d730000,0x000076307d734000] with protection modes 0
Event: 2753.674 Protecting memory [0x000076307d730000,0x000076307d734000] with protection modes 0
Event: 2758.673 Protecting memory [0x000076307d730000,0x000076307d734000] with protection modes 0
Event: 2763.674 Protecting memory [0x000076307d730000,0x000076307d734000] with protection modes 0
Event: 2768.674 Protecting memory [0x000076307d730000,0x000076307d734000] with protection modes 0
Event: 2773.673 Protecting memory [0x000076307d730000,0x000076307d734000] with protection modes 0
Event: 2778.674 Protecting memory [0x000076307d730000,0x000076307d734000] with protection modes 0
Event: 2783.673 Protecting memory [0x000076307d730000,0x000076307d734000] with protection modes 0
Event: 2788.674 Protecting memory [0x000076307d730000,0x000076307d734000] with protection modes 0
Event: 2793.674 Protecting memory [0x000076307d730000,0x000076307d734000] with protection modes 0
Event: 2798.674 Protecting memory [0x000076307d730000,0x000076307d734000] with protection modes 0
Event: 2803.674 Protecting memory [0x000076307d730000,0x000076307d734000] with protection modes 0
Event: 2808.676 Protecting memory [0x000076307d730000,0x000076307d734000] with protection modes 0
Event: 2813.674 Protecting memory [0x000076307d730000,0x000076307d734000] with protection modes 0
Event: 2818.674 Protecting memory [0x000076307d730000,0x000076307d734000] with protection modes 0
Event: 2823.673 Protecting memory [0x000076307d730000,0x000076307d734000] with protection modes 0
Event: 2828.674 Protecting memory [0x000076307d730000,0x000076307d734000] with protection modes 0
Event: 2833.673 Protecting memory [0x000076307d730000,0x000076307d734000] with protection modes 0
Event: 2838.674 Protecting memory [0x000076307d730000,0x000076307d734000] with protection modes 0
Event: 2843.673 Protecting memory [0x000076307d730000,0x000076307d734000] with protection modes 0
Event: 2848.674 Protecting memory [0x000076307d730000,0x000076307d734000] with protection modes 0
Event: 2853.674 Protecting memory [0x000076307d730000,0x000076307d734000] with protection modes 0
Event: 2858.673 Protecting memory [0x000076307d730000,0x000076307d734000] with protection modes 0
Event: 2863.674 Protecting memory [0x000076307d730000,0x000076307d734000] with protection modes 0
Event: 2868.674 Protecting memory [0x000076307d730000,0x000076307d734000] with protection modes 0
Event: 2873.673 Protecting memory [0x000076307d730000,0x000076307d734000] with protection modes 0
Event: 2878.674 Protecting memory [0x000076307d730000,0x000076307d734000] with protection modes 0
Event: 2883.673 Protecting memory [0x000076307d730000,0x000076307d734000] with protection modes 0
Event: 2888.674 Protecting memory [0x000076307d730000,0x000076307d734000] with protection modes 0
Event: 2893.674 Protecting memory [0x000076307d730000,0x000076307d734000] with protection modes 0
Event: 2898.676 Protecting memory [0x000076307d730000,0x000076307d734000] with protection modes 0
Event: 2903.674 Protecting memory [0x000076307d730000,0x000076307d734000] with protection modes 0
Event: 2908.673 Protecting memory [0x000076307d730000,0x000076307d734000] with protection modes 0
Event: 2913.674 Protecting memory [0x000076307d730000,0x000076307d734000] with protection modes 0
Event: 2918.673 Protecting memory [0x000076307d730000,0x000076307d734000] with protection modes 0
Event: 2923.674 Protecting memory [0x000076307d730000,0x000076307d734000] with protection modes 0
Event: 2928.676 Protecting memory [0x000076307d730000,0x000076307d734000] with protection modes 0
Event: 2933.673 Protecting memory [0x000076307d730000,0x000076307d734000] with protection modes 0
Event: 2938.674 Protecting memory [0x000076307d730000,0x000076307d734000] with protection modes 0
Event: 2943.673 Protecting memory [0x000076307d730000,0x000076307d734000] with protection modes 0
Event: 2948.676 Protecting memory [0x000076307d730000,0x000076307d734000] with protection modes 0
Event: 2953.673 Protecting memory [0x000076307d730000,0x000076307d734000] with protection modes 0
Event: 2958.674 Protecting memory [0x000076307d730000,0x000076307d734000] with protection modes 0
Event: 2963.673 Protecting memory [0x000076307d730000,0x000076307d734000] with protection modes 0
Event: 2968.674 Protecting memory [0x000076307d730000,0x000076307d734000] with protection modes 0
Event: 2973.674 Protecting memory [0x000076307d730000,0x000076307d734000] with protection modes 0
Event: 2978.674 Protecting memory [0x000076307d730000,0x000076307d734000] with protection modes 0
Event: 2983.673 Protecting memory [0x000076307d730000,0x000076307d734000] with protection modes 0
Event: 2988.673 Protecting memory [0x000076307d730000,0x000076307d734000] with protection modes 0
Event: 2993.673 Protecting memory [0x000076307d730000,0x000076307d734000] with protection modes 0
Event: 2998.674 Protecting memory [0x000076307d730000,0x000076307d734000] with protection modes 0
Event: 3003.673 Protecting memory [0x000076307d730000,0x000076307d734000] with protection modes 0
Event: 3008.674 Protecting memory [0x000076307d730000,0x000076307d734000] with protection modes 0
Event: 3013.673 Protecting memory [0x000076307d730000,0x000076307d734000] with protection modes 0
Event: 3018.674 Protecting memory [0x000076307d730000,0x000076307d734000] with protection modes 0
Event: 3023.673 Protecting memory [0x000076307d730000,0x000076307d734000] with protection modes 0
Event: 3028.674 Protecting memory [0x000076307d730000,0x000076307d734000] with protection modes 0
Event: 3033.673 Protecting memory [0x000076307d730000,0x000076307d734000] with protection modes 0
Event: 3038.673 Protecting memory [0x000076307d730000,0x000076307d734000] with protection modes 0
Event: 3043.674 Protecting memory [0x000076307d730000,0x000076307d734000] with protection modes 0
Event: 3048.674 Protecting memory [0x000076307d730000,0x000076307d734000] with protection modes 0
Event: 3053.673 Protecting memory [0x000076307d730000,0x000076307d734000] with protection modes 0
Event: 3058.673 Protecting memory [0x000076307d730000,0x000076307d734000] with protection modes 0
Event: 3063.673 Protecting memory [0x000076307d730000,0x000076307d734000] with protection modes 0
Event: 3068.674 Protecting memory [0x000076307d730000,0x000076307d734000] with protection modes 0
Event: 3073.673 Protecting memory [0x000076307d730000,0x000076307d734000] with protection modes 0
Event: 3078.674 Protecting memory [0x000076307d730000,0x000076307d734000] with protection modes 0
Event: 3083.673 Protecting memory [0x000076307d730000,0x000076307d734000] with protection modes 0
Event: 3088.676 Protecting memory [0x000076307d730000,0x000076307d734000] with protection modes 0
Event: 3093.674 Protecting memory [0x000076307d730000,0x000076307d734000] with protection modes 0
Event: 3098.674 Protecting memory [0x000076307d730000,0x000076307d734000] with protection modes 0
Event: 3103.674 Protecting memory [0x000076307d730000,0x000076307d734000] with protection modes 0
Event: 3108.673 Protecting memory [0x000076307d730000,0x000076307d734000] with protection modes 0
Event: 3113.674 Protecting memory [0x000076307d730000,0x000076307d734000] with protection modes 0
Event: 3118.673 Protecting memory [0x000076307d730000,0x000076307d734000] with protection modes 0
Event: 3123.673 Protecting memory [0x000076307d730000,0x000076307d734000] with protection modes 0
Event: 3128.674 Protecting memory [0x000076307d730000,0x000076307d734000] with protection modes 0
Event: 3133.674 Protecting memory [0x000076307d730000,0x000076307d734000] with protection modes 0
Event: 3138.675 Protecting memory [0x000076307d730000,0x000076307d734000] with protection modes 0
Event: 3143.673 Protecting memory [0x000076307d730000,0x000076307d734000] with protection modes 0
Event: 3148.674 Protecting memory [0x000076307d730000,0x000076307d734000] with protection modes 0
Event: 3153.673 Protecting memory [0x000076307d730000,0x000076307d734000] with protection modes 0
Event: 3158.674 Protecting memory [0x000076307d730000,0x000076307d734000] with protection modes 0
Event: 3163.673 Protecting memory [0x000076307d730000,0x000076307d734000] with protection modes 0
Event: 3168.675 Protecting memory [0x000076307d730000,0x000076307d734000] with protection modes 0
Event: 3173.673 Protecting memory [0x000076307d730000,0x000076307d734000] with protection modes 0
Event: 3178.675 Protecting memory [0x000076307d730000,0x000076307d734000] with protection modes 0
Event: 3183.673 Protecting memory [0x000076307d730000,0x000076307d734000] with protection modes 0
Event: 3188.673 Protecting memory [0x000076307d730000,0x000076307d734000] with protection modes 0
Event: 3193.674 Protecting memory [0x000076307d730000,0x000076307d734000] with protection modes 0
Event: 3198.674 Protecting memory [0x000076307d730000,0x000076307d734000] with protection modes 0
Event: 3198.674 Protecting memory [0x000076307db30000,0x000076307db34000] with protection modes 0
Event: 3198.676 Protecting memory [0x000076307d730000,0x000076307d734000] with protection modes 0
Event: 3198.677 Protecting memory [0x000076307dc30000,0x000076307dc34000] with protection modes 0
Event: 3203.674 Protecting memory [0x000076307cf2e000,0x000076307cf32000] with protection modes 0
Event: 3208.673 Protecting memory [0x000076307d730000,0x000076307d734000] with protection modes 0
Event: 3213.674 Protecting memory [0x000076307db30000,0x000076307db34000] with protection modes 0
Event: 3218.674 Protecting memory [0x000076307db30000,0x000076307db34000] with protection modes 0
Event: 3223.674 Protecting memory [0x000076307db30000,0x000076307db34000] with protection modes 0
Event: 3228.674 Protecting memory [0x000076307db30000,0x000076307db34000] with protection modes 0
Event: 3233.674 Protecting memory [0x000076307db30000,0x000076307db34000] with protection modes 0
Event: 3238.674 Protecting memory [0x000076307db30000,0x000076307db34000] with protection modes 0
Event: 3243.674 Protecting memory [0x000076307db30000,0x000076307db34000] with protection modes 0
Event: 3248.674 Protecting memory [0x000076307db30000,0x000076307db34000] with protection modes 0
Event: 3253.674 Protecting memory [0x000076307db30000,0x000076307db34000] with protection modes 0
Event: 3258.676 Protecting memory [0x000076307db30000,0x000076307db34000] with protection modes 0
Event: 3263.674 Protecting memory [0x000076307db30000,0x000076307db34000] with protection modes 0
Event: 3268.673 Protecting memory [0x000076307db30000,0x000076307db34000] with protection modes 0
Event: 3273.674 Protecting memory [0x000076307db30000,0x000076307db34000] with protection modes 0
Event: 3278.674 Protecting memory [0x000076307db30000,0x000076307db34000] with protection modes 0
Event: 3283.674 Protecting memory [0x000076307db30000,0x000076307db34000] with protection modes 0
Event: 3288.674 Protecting memory [0x000076307db30000,0x000076307db34000] with protection modes 0
Event: 3293.673 Protecting memory [0x000076307db30000,0x000076307db34000] with protection modes 0
Event: 3297.804 Protecting memory [0x000076307db30000,0x000076307db34000] with protection modes 0
Event: 3297.804 Protecting memory [0x000076307d730000,0x000076307d734000] with protection modes 0
Event: 3297.808 Protecting memory [0x000076307dc30000,0x000076307dc34000] with protection modes 0
Event: 3297.816 Protecting memory [0x000076307cf2e000,0x000076307cf32000] with protection modes 0
Event: 3297.817 Protecting memory [0x000076307d130000,0x000076307d134000] with protection modes 0
Event: 3298.674 Protecting memory [0x000076307db30000,0x000076307db34000] with protection modes 0
Event: 3299.609 Protecting memory [0x000076307d130000,0x000076307d134000] with protection modes 0
Event: 3299.609 Protecting memory [0x000076307db30000,0x000076307db34000] with protection modes 0
Event: 3299.610 Protecting memory [0x0000762bb040b000,0x0000762bb040f000] with protection modes 0
Event: 3299.610 Protecting memory [0x000076307d730000,0x000076307d734000] with protection modes 0
Event: 3299.613 Protecting memory [0x000076307d230000,0x000076307d234000] with protection modes 0
Event: 3303.673 Protecting memory [0x000076307dc30000,0x000076307dc34000] with protection modes 0
Event: 3308.674 Protecting memory [0x000076307d730000,0x000076307d734000] with protection modes 0
Event: 3313.674 Protecting memory [0x000076307db30000,0x000076307db34000] with protection modes 0
Event: 3318.674 Protecting memory [0x000076307d130000,0x000076307d134000] with protection modes 0
Event: 3323.674 Protecting memory [0x000076307d130000,0x000076307d134000] with protection modes 0
Event: 3328.674 Protecting memory [0x000076307d130000,0x000076307d134000] with protection modes 0
Event: 3333.673 Protecting memory [0x000076307d130000,0x000076307d134000] with protection modes 0
Event: 3338.676 Protecting memory [0x000076307d130000,0x000076307d134000] with protection modes 0
Event: 3343.673 Protecting memory [0x000076307d130000,0x000076307d134000] with protection modes 0
Event: 3348.674 Protecting memory [0x000076307d130000,0x000076307d134000] with protection modes 0
Event: 3353.674 Protecting memory [0x000076307d130000,0x000076307d134000] with protection modes 0
Event: 3358.673 Protecting memory [0x000076307d130000,0x000076307d134000] with protection modes 0
Event: 3363.673 Protecting memory [0x000076307d130000,0x000076307d134000] with protection modes 0
Event: 3368.673 Protecting memory [0x000076307d130000,0x000076307d134000] with protection modes 0
Event: 3373.673 Protecting memory [0x000076307d130000,0x000076307d134000] with protection modes 0
Event: 3378.674 Protecting memory [0x000076307d130000,0x000076307d134000] with protection modes 0
Event: 3383.674 Protecting memory [0x000076307d130000,0x000076307d134000] with protection modes 0
Event: 3388.674 Protecting memory [0x000076307d130000,0x000076307d134000] with protection modes 0
Event: 3393.674 Protecting memory [0x000076307d130000,0x000076307d134000] with protection modes 0
Event: 3398.674 Protecting memory [0x000076307d130000,0x000076307d134000] with protection modes 0
Event: 3403.673 Protecting memory [0x000076307d130000,0x000076307d134000] with protection modes 0
Event: 3408.673 Protecting memory [0x000076307d130000,0x000076307d134000] with protection modes 0
Event: 3413.674 Protecting memory [0x000076307d130000,0x000076307d134000] with protection modes 0
Event: 3418.673 Protecting memory [0x000076307d130000,0x000076307d134000] with protection modes 0
Event: 3423.673 Protecting memory [0x000076307d130000,0x000076307d134000] with protection modes 0
Event: 3428.674 Protecting memory [0x000076307d130000,0x000076307d134000] with protection modes 0
Event: 3433.673 Protecting memory [0x000076307d130000,0x000076307d134000] with protection modes 0
Event: 3438.673 Protecting memory [0x000076307d130000,0x000076307d134000] with protection modes 0
Event: 3443.674 Protecting memory [0x000076307d130000,0x000076307d134000] with protection modes 0
Event: 3448.674 Protecting memory [0x000076307d130000,0x000076307d134000] with protection modes 0
Event: 3453.673 Protecting memory [0x000076307d130000,0x000076307d134000] with protection modes 0
Event: 3458.674 Protecting memory [0x000076307d130000,0x000076307d134000] with protection modes 0
Event: 3463.673 Protecting memory [0x000076307d130000,0x000076307d134000] with protection modes 0
Event: 3468.674 Protecting memory [0x000076307d130000,0x000076307d134000] with protection modes 0
Event: 3473.674 Protecting memory [0x000076307d130000,0x000076307d134000] with protection modes 0
Event: 3478.673 Protecting memory [0x000076307d130000,0x000076307d134000] with protection modes 0
Event: 3483.674 Protecting memory [0x000076307d130000,0x000076307d134000] with protection modes 0
Event: 3488.674 Protecting memory [0x000076307d130000,0x000076307d134000] with protection modes 0
Event: 3493.674 Protecting memory [0x000076307d130000,0x000076307d134000] with protection modes 0
Event: 3498.674 Protecting memory [0x000076307d130000,0x000076307d134000] with protection modes 0
Event: 3503.673 Protecting memory [0x000076307d130000,0x000076307d134000] with protection modes 0
Event: 3508.675 Protecting memory [0x000076307d130000,0x000076307d134000] with protection modes 0
Event: 3513.674 Protecting memory [0x000076307d130000,0x000076307d134000] with protection modes 0
Event: 3518.674 Protecting memory [0x000076307d130000,0x000076307d134000] with protection modes 0
Event: 3523.674 Protecting memory [0x000076307d130000,0x000076307d134000] with protection modes 0
Event: 3528.675 Protecting memory [0x000076307d130000,0x000076307d134000] with protection modes 0
Event: 3533.673 Protecting memory [0x000076307d130000,0x000076307d134000] with protection modes 0
Event: 3538.673 Protecting memory [0x000076307d130000,0x000076307d134000] with protection modes 0
Event: 3543.673 Protecting memory [0x000076307d130000,0x000076307d134000] with protection modes 0
Event: 3548.674 Protecting memory [0x000076307d130000,0x000076307d134000] with protection modes 0
Event: 3553.674 Protecting memory [0x000076307d130000,0x000076307d134000] with protection modes 0
Event: 3558.673 Protecting memory [0x000076307d130000,0x000076307d134000] with protection modes 0
Event: 3563.674 Protecting memory [0x000076307d130000,0x000076307d134000] with protection modes 0
Event: 3568.674 Protecting memory [0x000076307d130000,0x000076307d134000] with protection modes 0
Event: 3573.673 Protecting memory [0x000076307d130000,0x000076307d134000] with protection modes 0
Event: 3578.674 Protecting memory [0x000076307d130000,0x000076307d134000] with protection modes 0
Event: 3583.674 Protecting memory [0x000076307d130000,0x000076307d134000] with protection modes 0
Event: 3588.674 Protecting memory [0x000076307d130000,0x000076307d134000] with protection modes 0
Event: 3593.674 Protecting memory [0x000076307d130000,0x000076307d134000] with protection modes 0
Event: 3598.674 Protecting memory [0x000076307d130000,0x000076307d134000] with protection modes 0
Event: 3603.673 Protecting memory [0x000076307d130000,0x000076307d134000] with protection modes 0
Event: 3608.673 Protecting memory [0x000076307d130000,0x000076307d134000] with protection modes 0
Event: 3613.674 Protecting memory [0x000076307d130000,0x000076307d134000] with protection modes 0
Event: 3618.673 Protecting memory [0x000076307d130000,0x000076307d134000] with protection modes 0
Event: 3623.673 Protecting memory [0x000076307d130000,0x000076307d134000] with protection modes 0
Event: 3628.673 Protecting memory [0x000076307d130000,0x000076307d134000] with protection modes 0
Event: 3633.673 Protecting memory [0x000076307d130000,0x000076307d134000] with protection modes 0
Event: 3638.674 Protecting memory [0x000076307d130000,0x000076307d134000] with protection modes 0

Nmethod flushes (250 events):
Event: 3153.781 Thread 0x00007630b413dff0 flushing  nmethod 0x000076309c9d8110
Event: 3153.781 Thread 0x00007630b413dff0 flushing  nmethod 0x000076309cb22890
Event: 3153.781 Thread 0x00007630b413dff0 flushing  nmethod 0x000076309c86a090
Event: 3153.781 Thread 0x00007630b413dff0 flushing  nmethod 0x000076309cb15210
Event: 3153.781 Thread 0x00007630b413dff0 flushing  nmethod 0x000076309cb46a10
Event: 3153.781 Thread 0x00007630b413dff0 flushing  nmethod 0x000076309c8c3090
Event: 3153.781 Thread 0x00007630b413dff0 flushing  nmethod 0x000076309c867e90
Event: 3153.781 Thread 0x00007630b413dff0 flushing  nmethod 0x00007630a4256090
Event: 3153.781 Thread 0x00007630b413dff0 flushing  nmethod 0x00007630a4243a90
Event: 3153.781 Thread 0x00007630b413dff0 flushing  nmethod 0x00007630a425e510
Event: 3153.781 Thread 0x00007630b413dff0 flushing  nmethod 0x000076309cb1e390
Event: 3153.781 Thread 0x00007630b413dff0 flushing  nmethod 0x00007630a42a7f90
Event: 3153.781 Thread 0x00007630b413dff0 flushing  nmethod 0x000076309cb4ad10
Event: 3153.781 Thread 0x00007630b413dff0 flushing  nmethod 0x000076309cb52e10
Event: 3153.781 Thread 0x00007630b413dff0 flushing  nmethod 0x00007630a43e0010
Event: 3153.781 Thread 0x00007630b413dff0 flushing  nmethod 0x000076309c7a6710
Event: 3153.781 Thread 0x00007630b413dff0 flushing  nmethod 0x000076309c603810
Event: 3153.781 Thread 0x00007630b413dff0 flushing  nmethod 0x00007630a4236f10
Event: 3153.781 Thread 0x00007630b413dff0 flushing  nmethod 0x000076309c9dae90
Event: 3153.781 Thread 0x00007630b413dff0 flushing  nmethod 0x00007630a41ad590
Event: 3153.781 Thread 0x00007630b413dff0 flushing  nmethod 0x000076309c7c9590
Event: 3153.781 Thread 0x00007630b413dff0 flushing  nmethod 0x00007630a42b7d90
Event: 3153.781 Thread 0x00007630b413dff0 flushing  nmethod 0x000076309c81e990
Event: 3153.781 Thread 0x00007630b413dff0 flushing  nmethod 0x000076309cb0dd90
Event: 3153.781 Thread 0x00007630b413dff0 flushing  nmethod 0x00007630a4202390
Event: 3153.781 Thread 0x00007630b413dff0 flushing osr nmethod 0x00007630a41b1910
Event: 3153.781 Thread 0x00007630b413dff0 flushing  nmethod 0x000076309c601910
Event: 3153.781 Thread 0x00007630b413dff0 flushing  nmethod 0x000076309c81f610
Event: 3153.781 Thread 0x00007630b413dff0 flushing  nmethod 0x00007630a4218a90
Event: 3153.781 Thread 0x00007630b413dff0 flushing  nmethod 0x000076309cb4b590
Event: 3153.781 Thread 0x00007630b413dff0 flushing  nmethod 0x00007630a41b5190
Event: 3153.781 Thread 0x00007630b413dff0 flushing  nmethod 0x00007630a41e2a10
Event: 3153.781 Thread 0x00007630b413dff0 flushing  nmethod 0x000076309c97b610
Event: 3153.781 Thread 0x00007630b413dff0 flushing  nmethod 0x000076309c6fea10
Event: 3153.781 Thread 0x00007630b413dff0 flushing  nmethod 0x000076309c710990
Event: 3153.781 Thread 0x00007630b413dff0 flushing  nmethod 0x000076309c92fe10
Event: 3153.781 Thread 0x00007630b413dff0 flushing  nmethod 0x000076309c7c7a90
Event: 3153.781 Thread 0x00007630b413dff0 flushing  nmethod 0x00007630a426e890
Event: 3153.781 Thread 0x00007630b413dff0 flushing  nmethod 0x000076309c930b10
Event: 3153.781 Thread 0x00007630b413dff0 flushing  nmethod 0x000076309c78f890
Event: 3153.781 Thread 0x00007630b413dff0 flushing  nmethod 0x000076309c90a490
Event: 3153.781 Thread 0x00007630b413dff0 flushing  nmethod 0x000076309cb49090
Event: 3153.781 Thread 0x00007630b413dff0 flushing  nmethod 0x000076309c86a490
Event: 3153.781 Thread 0x00007630b413dff0 flushing  nmethod 0x000076309c8c2c90
Event: 3153.781 Thread 0x00007630b413dff0 flushing  nmethod 0x00007630a41f3390
Event: 3153.781 Thread 0x00007630b413dff0 flushing  nmethod 0x000076309c8c0590
Event: 3153.781 Thread 0x00007630b413dff0 flushing  nmethod 0x000076309c92d090
Event: 3153.781 Thread 0x00007630b413dff0 flushing  nmethod 0x000076309c9b8b10
Event: 3153.781 Thread 0x00007630b413dff0 flushing  nmethod 0x000076309c984390
Event: 3153.781 Thread 0x00007630b413dff0 flushing  nmethod 0x000076309c86f490
Event: 3153.781 Thread 0x00007630b413dff0 flushing  nmethod 0x000076309c6f5190
Event: 3153.781 Thread 0x00007630b413dff0 flushing  nmethod 0x000076309c7f2d10
Event: 3153.781 Thread 0x00007630b413dff0 flushing  nmethod 0x000076309c755210
Event: 3153.781 Thread 0x00007630b413dff0 flushing  nmethod 0x00007630a41deb90
Event: 3153.781 Thread 0x00007630b413dff0 flushing  nmethod 0x000076309c89b890
Event: 3153.781 Thread 0x00007630b413dff0 flushing  nmethod 0x000076309c903690
Event: 3153.781 Thread 0x00007630b413dff0 flushing  nmethod 0x000076309c97ed10
Event: 3153.781 Thread 0x00007630b413dff0 flushing  nmethod 0x000076309c98bd10
Event: 3153.781 Thread 0x00007630b413dff0 flushing  nmethod 0x000076309c98d790
Event: 3153.781 Thread 0x00007630b413dff0 flushing  nmethod 0x000076309c7c8010
Event: 3153.781 Thread 0x00007630b413dff0 flushing  nmethod 0x000076309c980d10
Event: 3153.781 Thread 0x00007630b413dff0 flushing  nmethod 0x000076309c777410
Event: 3153.781 Thread 0x00007630b413dff0 flushing  nmethod 0x00007630a41f2110
Event: 3153.781 Thread 0x00007630b413dff0 flushing  nmethod 0x000076309c934b10
Event: 3153.781 Thread 0x00007630b413dff0 flushing  nmethod 0x00007630a41db890
Event: 3153.781 Thread 0x00007630b413dff0 flushing  nmethod 0x000076309cac1b90
Event: 3153.781 Thread 0x00007630b413dff0 flushing  nmethod 0x000076309c9ab790
Event: 3153.781 Thread 0x00007630b413dff0 flushing  nmethod 0x000076309c978a10
Event: 3153.781 Thread 0x00007630b413dff0 flushing  nmethod 0x000076309c671710
Event: 3153.781 Thread 0x00007630b413dff0 flushing  nmethod 0x00007630a4213f10
Event: 3153.781 Thread 0x00007630b413dff0 flushing  nmethod 0x000076309c601d10
Event: 3153.781 Thread 0x00007630b413dff0 flushing  nmethod 0x000076309c70d590
Event: 3153.781 Thread 0x00007630b413dff0 flushing  nmethod 0x00007630a446fb10
Event: 3153.781 Thread 0x00007630b413dff0 flushing  nmethod 0x00007630a426f210
Event: 3153.781 Thread 0x00007630b413dff0 flushing  nmethod 0x000076309c9d9590
Event: 3153.781 Thread 0x00007630b413dff0 flushing  nmethod 0x000076309c6c1310
Event: 3153.781 Thread 0x00007630b413dff0 flushing  nmethod 0x000076309cb1a110
Event: 3153.781 Thread 0x00007630b413dff0 flushing  nmethod 0x00007630a41c7310
Event: 3153.781 Thread 0x00007630b413dff0 flushing  nmethod 0x000076309cac1790
Event: 3153.781 Thread 0x00007630b413dff0 flushing  nmethod 0x000076309c7cfe10
Event: 3153.781 Thread 0x00007630b413dff0 flushing  nmethod 0x000076309c6b9010
Event: 3153.781 Thread 0x00007630b413dff0 flushing  nmethod 0x000076309c648010
Event: 3153.781 Thread 0x00007630b413dff0 flushing  nmethod 0x00007630a41a4690
Event: 3153.781 Thread 0x00007630b413dff0 flushing  nmethod 0x00007630a42ba090
Event: 3153.781 Thread 0x00007630b413dff0 flushing  nmethod 0x00007630a420a690
Event: 3153.781 Thread 0x00007630b413dff0 flushing  nmethod 0x000076309c991810
Event: 3153.781 Thread 0x00007630b413dff0 flushing  nmethod 0x000076309cb51e90
Event: 3153.781 Thread 0x00007630b413dff0 flushing  nmethod 0x000076309c78f210
Event: 3153.781 Thread 0x00007630b413dff0 flushing  nmethod 0x000076309cb1b590
Event: 3153.781 Thread 0x00007630b413dff0 flushing  nmethod 0x000076309c671010
Event: 3153.781 Thread 0x00007630b413dff0 flushing  nmethod 0x000076309c7a5910
Event: 3153.781 Thread 0x00007630b413dff0 flushing  nmethod 0x000076309c9db910
Event: 3153.781 Thread 0x00007630b413dff0 flushing  nmethod 0x000076309c6fe610
Event: 3153.781 Thread 0x00007630b413dff0 flushing  nmethod 0x00007630a42b6190
Event: 3153.781 Thread 0x00007630b413dff0 flushing  nmethod 0x000076309ca99d90
Event: 3153.781 Thread 0x00007630b413dff0 flushing  nmethod 0x000076309cb1df10
Event: 3153.781 Thread 0x00007630b413dff0 flushing  nmethod 0x000076309cb52710
Event: 3153.781 Thread 0x00007630b413dff0 flushing  nmethod 0x00007630a441eb90
Event: 3153.781 Thread 0x00007630b413dff0 flushing osr nmethod 0x00007630a427b090
Event: 3153.781 Thread 0x00007630b413dff0 flushing  nmethod 0x00007630a4459c10
Event: 3153.781 Thread 0x00007630b413dff0 flushing  nmethod 0x00007630a4246310
Event: 3153.781 Thread 0x00007630b413dff0 flushing  nmethod 0x00007630a41eef10
Event: 3153.781 Thread 0x00007630b413dff0 flushing  nmethod 0x00007630a422f610
Event: 3153.781 Thread 0x00007630b413dff0 flushing  nmethod 0x000076309cb25b10
Event: 3153.781 Thread 0x00007630b413dff0 flushing  nmethod 0x00007630a423ea10
Event: 3153.781 Thread 0x00007630b413dff0 flushing  nmethod 0x000076309c9b9010
Event: 3153.781 Thread 0x00007630b413dff0 flushing  nmethod 0x00007630a444fc90
Event: 3153.781 Thread 0x00007630b413dff0 flushing  nmethod 0x00007630a428ad90
Event: 3153.781 Thread 0x00007630b413dff0 flushing  nmethod 0x000076309cb0e190
Event: 3153.781 Thread 0x00007630b413dff0 flushing  nmethod 0x00007630a4400610
Event: 3153.781 Thread 0x00007630b413dff0 flushing  nmethod 0x000076309c984890
Event: 3153.781 Thread 0x00007630b413dff0 flushing  nmethod 0x000076309c97bb90
Event: 3153.781 Thread 0x00007630b413dff0 flushing  nmethod 0x00007630a420da10
Event: 3153.781 Thread 0x00007630b413dff0 flushing  nmethod 0x000076309cb26610
Event: 3153.781 Thread 0x00007630b413dff0 flushing  nmethod 0x000076309cb16590
Event: 3153.781 Thread 0x00007630b413dff0 flushing  nmethod 0x000076309c983d90
Event: 3153.781 Thread 0x00007630b413dff0 flushing  nmethod 0x000076309c971010
Event: 3153.781 Thread 0x00007630b413dff0 flushing  nmethod 0x000076309c983710
Event: 3153.781 Thread 0x00007630b413dff0 flushing  nmethod 0x000076309c710510
Event: 3153.781 Thread 0x00007630b413dff0 flushing  nmethod 0x00007630a425ca10
Event: 3153.781 Thread 0x00007630b413dff0 flushing  nmethod 0x00007630a424e710
Event: 3153.781 Thread 0x00007630b413dff0 flushing  nmethod 0x00007630a4230290
Event: 3153.781 Thread 0x00007630b413dff0 flushing  nmethod 0x000076309c670510
Event: 3153.781 Thread 0x00007630b413dff0 flushing  nmethod 0x00007630a41bd510
Event: 3153.781 Thread 0x00007630b413dff0 flushing  nmethod 0x000076309c63bf90
Event: 3153.781 Thread 0x00007630b413dff0 flushing  nmethod 0x000076309ca50590
Event: 3153.781 Thread 0x00007630b413dff0 flushing  nmethod 0x000076309c7a6e90
Event: 3153.781 Thread 0x00007630b413dff0 flushing  nmethod 0x000076309c63b510
Event: 3153.781 Thread 0x00007630b413dff0 flushing  nmethod 0x000076309c63b810
Event: 3153.781 Thread 0x00007630b413dff0 flushing  nmethod 0x00007630a4268a10
Event: 3153.781 Thread 0x00007630b413dff0 flushing  nmethod 0x00007630a4406290
Event: 3153.781 Thread 0x00007630b413dff0 flushing  nmethod 0x00007630a4231810
Event: 3153.781 Thread 0x00007630b413dff0 flushing  nmethod 0x000076309c914f90
Event: 3153.781 Thread 0x00007630b413dff0 flushing  nmethod 0x000076309c710e90
Event: 3153.781 Thread 0x00007630b413dff0 flushing  nmethod 0x000076309c670b10
Event: 3153.781 Thread 0x00007630b413dff0 flushing  nmethod 0x000076309cb10190
Event: 3153.781 Thread 0x00007630b413dff0 flushing  nmethod 0x00007630a41f5490
Event: 3153.781 Thread 0x00007630b413dff0 flushing  nmethod 0x00007630a43c0d90
Event: 3153.781 Thread 0x00007630b413dff0 flushing  nmethod 0x000076309cb19410
Event: 3153.781 Thread 0x00007630b413dff0 flushing  nmethod 0x000076309c6f6810
Event: 3153.781 Thread 0x00007630b413dff0 flushing  nmethod 0x000076309c992190
Event: 3153.781 Thread 0x00007630b413dff0 flushing  nmethod 0x00007630a4232410
Event: 3153.781 Thread 0x00007630b413dff0 flushing  nmethod 0x000076309cb2ff90
Event: 3153.781 Thread 0x00007630b413dff0 flushing  nmethod 0x000076309c7b8510
Event: 3153.781 Thread 0x00007630b413dff0 flushing  nmethod 0x000076309cb07310
Event: 3153.781 Thread 0x00007630b413dff0 flushing  nmethod 0x000076309c9b5410
Event: 3153.781 Thread 0x00007630b413dff0 flushing  nmethod 0x00007630a41a0c90
Event: 3153.781 Thread 0x00007630b413dff0 flushing  nmethod 0x000076309cb0f910
Event: 3153.781 Thread 0x00007630b413dff0 flushing  nmethod 0x000076309c902b10
Event: 3153.781 Thread 0x00007630b413dff0 flushing  nmethod 0x000076309c6a2410
Event: 3153.781 Thread 0x00007630b413dff0 flushing  nmethod 0x000076309c839b90
Event: 3153.781 Thread 0x00007630b413dff0 flushing  nmethod 0x000076309c8e6190
Event: 3153.781 Thread 0x00007630b413dff0 flushing  nmethod 0x000076309c991110
Event: 3153.781 Thread 0x00007630b413dff0 flushing  nmethod 0x000076309c874e90
Event: 3153.781 Thread 0x00007630b413dff0 flushing  nmethod 0x00007630a4273d10
Event: 3153.781 Thread 0x00007630b413dff0 flushing  nmethod 0x00007630a41c0290
Event: 3153.781 Thread 0x00007630b413dff0 flushing  nmethod 0x00007630a4203810
Event: 3153.781 Thread 0x00007630b413dff0 flushing  nmethod 0x000076309c96fc10
Event: 3153.781 Thread 0x00007630b413dff0 flushing  nmethod 0x000076309c89d190
Event: 3153.781 Thread 0x00007630b413dff0 flushing  nmethod 0x000076309c7cc910
Event: 3153.781 Thread 0x00007630b413dff0 flushing  nmethod 0x00007630a4216910
Event: 3153.781 Thread 0x00007630b413dff0 flushing  nmethod 0x000076309c9f3490
Event: 3153.781 Thread 0x00007630b413dff0 flushing  nmethod 0x000076309c97f310
Event: 3153.781 Thread 0x00007630b413dff0 flushing  nmethod 0x00007630a42adf90
Event: 3153.781 Thread 0x00007630b413dff0 flushing  nmethod 0x00007630a4231210
Event: 3153.781 Thread 0x00007630b413dff0 flushing  nmethod 0x00007630a42b2210
Event: 3153.781 Thread 0x00007630b413dff0 flushing  nmethod 0x000076309c903090
Event: 3153.781 Thread 0x00007630b413dff0 flushing  nmethod 0x000076309c8a3310
Event: 3153.781 Thread 0x00007630b413dff0 flushing  nmethod 0x000076309c673090
Event: 3153.781 Thread 0x00007630b413dff0 flushing  nmethod 0x000076309c664b10
Event: 3153.781 Thread 0x00007630b413dff0 flushing  nmethod 0x000076309c992a90
Event: 3153.781 Thread 0x00007630b413dff0 flushing  nmethod 0x000076309c92d490
Event: 3153.781 Thread 0x00007630b413dff0 flushing  nmethod 0x000076309c8e5b90
Event: 3153.781 Thread 0x00007630b413dff0 flushing  nmethod 0x00007630a41fdd90
Event: 3153.781 Thread 0x00007630b413dff0 flushing  nmethod 0x000076309c89c190
Event: 3153.781 Thread 0x00007630b413dff0 flushing  nmethod 0x00007630a42bc590
Event: 3153.781 Thread 0x00007630b413dff0 flushing  nmethod 0x000076309cb0bf90
Event: 3153.781 Thread 0x00007630b413dff0 flushing  nmethod 0x000076309c866890
Event: 3153.781 Thread 0x00007630b413dff0 flushing  nmethod 0x000076309cb06590
Event: 3153.781 Thread 0x00007630b413dff0 flushing  nmethod 0x00007630a4218e90
Event: 3153.781 Thread 0x00007630b413dff0 flushing  nmethod 0x000076309c647990
Event: 3153.781 Thread 0x00007630b413dff0 flushing  nmethod 0x000076309c899d90
Event: 3153.781 Thread 0x00007630b413dff0 flushing  nmethod 0x00007630a4272590
Event: 3153.781 Thread 0x00007630b413dff0 flushing  nmethod 0x00007630a43a4910
Event: 3153.781 Thread 0x00007630b413dff0 flushing  nmethod 0x000076309c996e90
Event: 3453.905 Thread 0x00007630b413dff0 flushing  nmethod 0x00007630a4334f90
Event: 3453.905 Thread 0x00007630b413dff0 flushing  nmethod 0x000076309c914690
Event: 3453.905 Thread 0x00007630b413dff0 flushing  nmethod 0x000076309c678490
Event: 3453.905 Thread 0x00007630b413dff0 flushing  nmethod 0x00007630a4256390
Event: 3453.905 Thread 0x00007630b413dff0 flushing  nmethod 0x000076309cb56310
Event: 3453.905 Thread 0x00007630b413dff0 flushing  nmethod 0x00007630a4298810
Event: 3453.905 Thread 0x00007630b413dff0 flushing  nmethod 0x00007630a42a6f10
Event: 3453.905 Thread 0x00007630b413dff0 flushing  nmethod 0x000076309c935490
Event: 3453.905 Thread 0x00007630b413dff0 flushing  nmethod 0x00007630a41d6090
Event: 3453.905 Thread 0x00007630b413dff0 flushing  nmethod 0x000076309cb2f710
Event: 3453.905 Thread 0x00007630b413dff0 flushing  nmethod 0x00007630a428b390
Event: 3453.905 Thread 0x00007630b413dff0 flushing  nmethod 0x000076309cb15210
Event: 3453.905 Thread 0x00007630b413dff0 flushing  nmethod 0x000076309c72a110
Event: 3453.905 Thread 0x00007630b413dff0 flushing  nmethod 0x00007630a42f2410
Event: 3453.905 Thread 0x00007630b413dff0 flushing  nmethod 0x00007630a43b0510
Event: 3453.905 Thread 0x00007630b413dff0 flushing  nmethod 0x000076309c7a7c90
Event: 3453.905 Thread 0x00007630b413dff0 flushing  nmethod 0x00007630a4430710
Event: 3453.905 Thread 0x00007630b413dff0 flushing  nmethod 0x000076309c9aed90
Event: 3453.905 Thread 0x00007630b413dff0 flushing  nmethod 0x000076309cb4ba10
Event: 3453.905 Thread 0x00007630b413dff0 flushing  nmethod 0x000076309c8e9e10
Event: 3453.905 Thread 0x00007630b413dff0 flushing  nmethod 0x000076309c6aa990
Event: 3453.905 Thread 0x00007630b413dff0 flushing  nmethod 0x000076309cb06910
Event: 3453.905 Thread 0x00007630b413dff0 flushing  nmethod 0x00007630a41e7910
Event: 3453.905 Thread 0x00007630b413dff0 flushing  nmethod 0x000076309c7f3090
Event: 3453.905 Thread 0x00007630b413dff0 flushing  nmethod 0x000076309c6f0d90
Event: 3453.905 Thread 0x00007630b413dff0 flushing  nmethod 0x000076309c6a9890
Event: 3453.905 Thread 0x00007630b413dff0 flushing  nmethod 0x000076309cb30910
Event: 3453.905 Thread 0x00007630b413dff0 flushing  nmethod 0x000076309c777410
Event: 3453.905 Thread 0x00007630b413dff0 flushing  nmethod 0x000076309cb4b210
Event: 3453.905 Thread 0x00007630b413dff0 flushing  nmethod 0x000076309cb3a710
Event: 3453.905 Thread 0x00007630b413dff0 flushing  nmethod 0x000076309c9ad410
Event: 3453.905 Thread 0x00007630b413dff0 flushing  nmethod 0x00007630a4239a90
Event: 3453.905 Thread 0x00007630b413dff0 flushing  nmethod 0x00007630a447c510
Event: 3453.905 Thread 0x00007630b413dff0 flushing  nmethod 0x000076309c921090
Event: 3453.905 Thread 0x00007630b413dff0 flushing  nmethod 0x00007630a41be590
Event: 3453.905 Thread 0x00007630b413dff0 flushing  nmethod 0x000076309c932310
Event: 3453.905 Thread 0x00007630b413dff0 flushing  nmethod 0x00007630a4470010
Event: 3453.905 Thread 0x00007630b413dff0 flushing  nmethod 0x00007630a4225e10
Event: 3453.905 Thread 0x00007630b413dff0 flushing  nmethod 0x00007630a41f5e10
Event: 3453.905 Thread 0x00007630b413dff0 flushing  nmethod 0x00007630a41f1810
Event: 3453.905 Thread 0x00007630b413dff0 flushing  nmethod 0x00007630a4290290
Event: 3453.905 Thread 0x00007630b413dff0 flushing  nmethod 0x000076309c677290
Event: 3453.905 Thread 0x00007630b413dff0 flushing  nmethod 0x00007630a41bb290
Event: 3453.905 Thread 0x00007630b413dff0 flushing  nmethod 0x00007630a4246c10
Event: 3453.905 Thread 0x00007630b413dff0 flushing  nmethod 0x000076309c7f5710
Event: 3453.905 Thread 0x00007630b413dff0 flushing  nmethod 0x000076309c659d10
Event: 3453.905 Thread 0x00007630b413dff0 flushing  nmethod 0x00007630a41bb590
Event: 3453.905 Thread 0x00007630b413dff0 flushing  nmethod 0x000076309c645590
Event: 3453.905 Thread 0x00007630b413dff0 flushing  nmethod 0x000076309cb3ab90
Event: 3453.905 Thread 0x00007630b413dff0 flushing  nmethod 0x00007630a447a790
Event: 3453.905 Thread 0x00007630b413dff0 flushing  nmethod 0x00007630a423fd90
Event: 3453.905 Thread 0x00007630b413dff0 flushing  nmethod 0x000076309c910310
Event: 3453.905 Thread 0x00007630b413dff0 flushing  nmethod 0x000076309c643610
Event: 3453.905 Thread 0x00007630b413dff0 flushing  nmethod 0x000076309c98ea10
Event: 3453.905 Thread 0x00007630b413dff0 flushing  nmethod 0x00007630a41ed690
Event: 3453.905 Thread 0x00007630b413dff0 flushing  nmethod 0x00007630a4461a90
Event: 3453.905 Thread 0x00007630b413dff0 flushing  nmethod 0x000076309c9b9090
Event: 3453.905 Thread 0x00007630b413dff0 flushing  nmethod 0x000076309cb39f10
Event: 3453.905 Thread 0x00007630b413dff0 flushing  nmethod 0x00007630a43ad810
Event: 3453.905 Thread 0x00007630b413dff0 flushing  nmethod 0x00007630a41fab10
Event: 3453.905 Thread 0x00007630b413dff0 flushing  nmethod 0x000076309c656810
Event: 3453.905 Thread 0x00007630b413dff0 flushing  nmethod 0x000076309c676310
Event: 3453.905 Thread 0x00007630b413dff0 flushing  nmethod 0x000076309c7a7590
Event: 3453.905 Thread 0x00007630b413dff0 flushing  nmethod 0x00007630a4323a90
Event: 3453.905 Thread 0x00007630b413dff0 flushing  nmethod 0x000076309c703310

Events (250 events):
Event: 3083.673 Thread 0x0000762b4472e1d0 Thread added: 0x0000762a9400ace0
Event: 3083.674 Thread 0x0000762a9400ace0 Thread exited: 0x0000762a9400ace0
Event: 3088.676 Thread 0x0000762b4472e1d0 Thread added: 0x0000762a9400ace0
Event: 3088.679 Thread 0x0000762a9400ace0 Thread exited: 0x0000762a9400ace0
Event: 3093.674 Thread 0x0000762b4472e1d0 Thread added: 0x0000762a9400ace0
Event: 3093.674 Thread 0x0000762a9400ace0 Thread exited: 0x0000762a9400ace0
Event: 3098.674 Thread 0x0000762b4472e1d0 Thread added: 0x0000762a9400ace0
Event: 3098.674 Thread 0x0000762a9400ace0 Thread exited: 0x0000762a9400ace0
Event: 3103.674 Thread 0x0000762b4472e1d0 Thread added: 0x0000762a9400ace0
Event: 3103.674 Thread 0x0000762a9400ace0 Thread exited: 0x0000762a9400ace0
Event: 3108.673 Thread 0x0000762b4472e1d0 Thread added: 0x0000762a9400ace0
Event: 3108.674 Thread 0x0000762a9400ace0 Thread exited: 0x0000762a9400ace0
Event: 3113.674 Thread 0x0000762b4472e1d0 Thread added: 0x0000762a9400ace0
Event: 3113.674 Thread 0x0000762a9400ace0 Thread exited: 0x0000762a9400ace0
Event: 3118.673 Thread 0x0000762b4472e1d0 Thread added: 0x0000762a9400ace0
Event: 3118.674 Thread 0x0000762a9400ace0 Thread exited: 0x0000762a9400ace0
Event: 3123.673 Thread 0x0000762b4472e1d0 Thread added: 0x0000762a9400ace0
Event: 3123.674 Thread 0x0000762a9400ace0 Thread exited: 0x0000762a9400ace0
Event: 3128.673 Thread 0x0000762b4472e1d0 Thread added: 0x0000762a9400ace0
Event: 3128.674 Thread 0x0000762a9400ace0 Thread exited: 0x0000762a9400ace0
Event: 3133.674 Thread 0x0000762b4472e1d0 Thread added: 0x0000762a9400ace0
Event: 3133.674 Thread 0x0000762a9400ace0 Thread exited: 0x0000762a9400ace0
Event: 3138.673 Thread 0x0000762b4472e1d0 Thread added: 0x0000762a9400ace0
Event: 3138.675 Thread 0x0000762a9400ace0 Thread exited: 0x0000762a9400ace0
Event: 3143.673 Thread 0x0000762b4472e1d0 Thread added: 0x0000762a9400ace0
Event: 3143.674 Thread 0x0000762a9400ace0 Thread exited: 0x0000762a9400ace0
Event: 3148.674 Thread 0x0000762b4472e1d0 Thread added: 0x0000762a9400ace0
Event: 3148.675 Thread 0x0000762a9400ace0 Thread exited: 0x0000762a9400ace0
Event: 3153.673 Thread 0x0000762b4472e1d0 Thread added: 0x0000762a9400ace0
Event: 3153.674 Thread 0x0000762a9400ace0 Thread exited: 0x0000762a9400ace0
Event: 3158.674 Thread 0x0000762b4472e1d0 Thread added: 0x0000762a9400ace0
Event: 3158.675 Thread 0x0000762a9400ace0 Thread exited: 0x0000762a9400ace0
Event: 3163.673 Thread 0x0000762b4472e1d0 Thread added: 0x0000762a9400ace0
Event: 3163.674 Thread 0x0000762a9400ace0 Thread exited: 0x0000762a9400ace0
Event: 3168.675 Thread 0x0000762b4472e1d0 Thread added: 0x0000762a9400ace0
Event: 3168.675 Thread 0x0000762a9400ace0 Thread exited: 0x0000762a9400ace0
Event: 3173.673 Thread 0x0000762b4472e1d0 Thread added: 0x0000762a9400ace0
Event: 3173.674 Thread 0x0000762a9400ace0 Thread exited: 0x0000762a9400ace0
Event: 3178.675 Thread 0x0000762b4472e1d0 Thread added: 0x0000762a9400ace0
Event: 3178.675 Thread 0x0000762a9400ace0 Thread exited: 0x0000762a9400ace0
Event: 3183.673 Thread 0x0000762b4472e1d0 Thread added: 0x0000762a9400ace0
Event: 3183.674 Thread 0x0000762a9400ace0 Thread exited: 0x0000762a9400ace0
Event: 3188.673 Thread 0x0000762b4472e1d0 Thread added: 0x0000762a9400ace0
Event: 3188.674 Thread 0x0000762a9400ace0 Thread exited: 0x0000762a9400ace0
Event: 3193.674 Thread 0x0000762b4472e1d0 Thread added: 0x0000762a9400ace0
Event: 3193.674 Thread 0x0000762a9400ace0 Thread exited: 0x0000762a9400ace0
Event: 3198.674 Thread 0x0000762b4472e1d0 Thread added: 0x0000762a9400ace0
Event: 3198.674 Thread 0x00007630b419cc90 Thread added: 0x0000762bcc1416e0
Event: 3198.674 Thread 0x0000762a9400ace0 Thread exited: 0x0000762a9400ace0
Event: 3198.676 Thread 0x00007630b419cc90 Thread added: 0x0000762bcc143560
Event: 3198.677 Thread 0x00007630b419cc90 Thread added: 0x0000762bcc143cb0
Event: 3203.674 Thread 0x0000762b4472e1d0 Thread added: 0x0000762a9400ace0
Event: 3203.676 Thread 0x0000762a9400ace0 Thread exited: 0x0000762a9400ace0
Event: 3203.680 Thread 0x0000762bcc143cb0 Thread exited: 0x0000762bcc143cb0
Event: 3203.680 Thread 0x0000762bcc143560 Thread exited: 0x0000762bcc143560
Event: 3208.673 Thread 0x0000762b4472e1d0 Thread added: 0x0000762a9400ace0
Event: 3208.674 Thread 0x0000762a9400ace0 Thread exited: 0x0000762a9400ace0
Event: 3208.680 Thread 0x0000762bcc1416e0 Thread exited: 0x0000762bcc1416e0
Event: 3213.673 Thread 0x0000762b4472e1d0 Thread added: 0x0000762a9400ace0
Event: 3213.674 Thread 0x0000762a9400ace0 Thread exited: 0x0000762a9400ace0
Event: 3218.674 Thread 0x0000762b4472e1d0 Thread added: 0x0000762a9400ace0
Event: 3218.674 Thread 0x0000762a9400ace0 Thread exited: 0x0000762a9400ace0
Event: 3223.674 Thread 0x0000762b4472e1d0 Thread added: 0x0000762a9400ace0
Event: 3223.674 Thread 0x0000762a9400ace0 Thread exited: 0x0000762a9400ace0
Event: 3228.674 Thread 0x0000762b4472e1d0 Thread added: 0x0000762a9400ace0
Event: 3228.674 Thread 0x0000762a9400ace0 Thread exited: 0x0000762a9400ace0
Event: 3233.674 Thread 0x0000762b4472e1d0 Thread added: 0x0000762a9400ace0
Event: 3233.674 Thread 0x0000762a9400ace0 Thread exited: 0x0000762a9400ace0
Event: 3238.674 Thread 0x0000762b4472e1d0 Thread added: 0x0000762a9400ace0
Event: 3238.674 Thread 0x0000762a9400ace0 Thread exited: 0x0000762a9400ace0
Event: 3243.674 Thread 0x0000762b4472e1d0 Thread added: 0x0000762a9400ace0
Event: 3243.674 Thread 0x0000762a9400ace0 Thread exited: 0x0000762a9400ace0
Event: 3248.674 Thread 0x0000762b4472e1d0 Thread added: 0x0000762a9400ace0
Event: 3248.674 Thread 0x0000762a9400ace0 Thread exited: 0x0000762a9400ace0
Event: 3253.674 Thread 0x0000762b4472e1d0 Thread added: 0x0000762a9400ace0
Event: 3253.674 Thread 0x0000762a9400ace0 Thread exited: 0x0000762a9400ace0
Event: 3258.673 Thread 0x0000762b4472e1d0 Thread added: 0x0000762a9400ace0
Event: 3258.676 Thread 0x0000762a9400ace0 Thread exited: 0x0000762a9400ace0
Event: 3263.674 Thread 0x0000762b4472e1d0 Thread added: 0x0000762a9400ace0
Event: 3263.674 Thread 0x0000762a9400ace0 Thread exited: 0x0000762a9400ace0
Event: 3268.673 Thread 0x0000762b4472e1d0 Thread added: 0x0000762a9400ace0
Event: 3268.674 Thread 0x0000762a9400ace0 Thread exited: 0x0000762a9400ace0
Event: 3273.674 Thread 0x0000762b4472e1d0 Thread added: 0x0000762a9400ace0
Event: 3273.674 Thread 0x0000762a9400ace0 Thread exited: 0x0000762a9400ace0
Event: 3278.674 Thread 0x0000762b4472e1d0 Thread added: 0x0000762a9400ace0
Event: 3278.674 Thread 0x0000762a9400ace0 Thread exited: 0x0000762a9400ace0
Event: 3283.674 Thread 0x0000762b4472e1d0 Thread added: 0x0000762a9400ace0
Event: 3283.674 Thread 0x0000762a9400ace0 Thread exited: 0x0000762a9400ace0
Event: 3288.674 Thread 0x0000762b4472e1d0 Thread added: 0x0000762a9400ace0
Event: 3288.674 Thread 0x0000762a9400ace0 Thread exited: 0x0000762a9400ace0
Event: 3293.673 Thread 0x0000762b4472e1d0 Thread added: 0x0000762a9400ace0
Event: 3293.673 Thread 0x0000762a9400ace0 Thread exited: 0x0000762a9400ace0
Event: 3297.804 Thread 0x00007630b419cc90 Thread added: 0x0000762bcc143560
Event: 3297.804 Thread 0x00007630b419cc90 Thread added: 0x0000762bcc143cb0
Event: 3297.808 Thread 0x00007630b419cc90 Thread added: 0x0000762bcc144400
Event: 3297.816 Thread 0x00007630b419cc90 Thread added: 0x0000762bcc091f80
Event: 3297.817 Thread 0x00007630b419cc90 Thread added: 0x0000762bcc0926d0
Event: 3298.463 Thread 0x0000762bcc143cb0 Thread exited: 0x0000762bcc143cb0
Event: 3298.463 Thread 0x0000762bcc143560 Thread exited: 0x0000762bcc143560
Event: 3298.674 Thread 0x0000762b4472e1d0 Thread added: 0x0000762a9400ace0
Event: 3298.675 Thread 0x0000762a9400ace0 Thread exited: 0x0000762a9400ace0
Event: 3298.770 Thread 0x0000762bcc0926d0 Thread exited: 0x0000762bcc0926d0
Event: 3299.609 Thread 0x00007630b419b150 Thread added: 0x0000762bc89a4a30
Event: 3299.609 Thread 0x00007630b419b150 Thread added: 0x0000762bc82b1820
Event: 3299.609 Thread 0x00007630b419b150 Thread added: 0x0000762bc82b1f70
Event: 3299.610 Thread 0x00007630b419b150 Thread added: 0x0000762bc82b26c0
Event: 3299.610 Thread 0x00007630b419b150 Thread added: 0x0000762bc82b3580
Event: 3299.937 Thread 0x0000762bc82b3580 Thread exited: 0x0000762bc82b3580
Event: 3299.937 Thread 0x0000762bcc091f80 Thread exited: 0x0000762bcc091f80
Event: 3299.947 Thread 0x0000762bcc144400 Thread exited: 0x0000762bcc144400
Event: 3303.673 Thread 0x0000762b4472e1d0 Thread added: 0x0000762a9400ace0
Event: 3303.674 Thread 0x0000762a9400ace0 Thread exited: 0x0000762a9400ace0
Event: 3304.981 Thread 0x0000762bc82b26c0 Thread exited: 0x0000762bc82b26c0
Event: 3304.986 Thread 0x0000762bc82b1f70 Thread exited: 0x0000762bc82b1f70
Event: 3308.674 Thread 0x0000762b4472e1d0 Thread added: 0x0000762a9400ace0
Event: 3308.676 Thread 0x0000762a9400ace0 Thread exited: 0x0000762a9400ace0
Event: 3308.940 Thread 0x0000762bc82b1820 Thread exited: 0x0000762bc82b1820
Event: 3313.674 Thread 0x0000762b4472e1d0 Thread added: 0x0000762a9400ace0
Event: 3313.674 Thread 0x0000762a9400ace0 Thread exited: 0x0000762a9400ace0
Event: 3313.941 Thread 0x0000762bc89a4a30 Thread exited: 0x0000762bc89a4a30
Event: 3318.674 Thread 0x0000762b4472e1d0 Thread added: 0x0000762a9400ace0
Event: 3318.674 Thread 0x0000762a9400ace0 Thread exited: 0x0000762a9400ace0
Event: 3323.674 Thread 0x0000762b4472e1d0 Thread added: 0x0000762a9400ace0
Event: 3323.674 Thread 0x0000762a9400ace0 Thread exited: 0x0000762a9400ace0
Event: 3328.674 Thread 0x0000762b4472e1d0 Thread added: 0x0000762a9400ace0
Event: 3328.674 Thread 0x0000762a9400ace0 Thread exited: 0x0000762a9400ace0
Event: 3333.673 Thread 0x0000762b4472e1d0 Thread added: 0x0000762a9400ace0
Event: 3333.674 Thread 0x0000762a9400ace0 Thread exited: 0x0000762a9400ace0
Event: 3338.676 Thread 0x0000762b4472e1d0 Thread added: 0x0000762a9400ace0
Event: 3338.676 Thread 0x0000762a9400ace0 Thread exited: 0x0000762a9400ace0
Event: 3343.673 Thread 0x0000762b4472e1d0 Thread added: 0x0000762a9400ace0
Event: 3343.674 Thread 0x0000762a9400ace0 Thread exited: 0x0000762a9400ace0
Event: 3348.674 Thread 0x0000762b4472e1d0 Thread added: 0x0000762a9400ace0
Event: 3348.674 Thread 0x0000762a9400ace0 Thread exited: 0x0000762a9400ace0
Event: 3353.674 Thread 0x0000762b4472e1d0 Thread added: 0x0000762a9400ace0
Event: 3353.674 Thread 0x0000762a9400ace0 Thread exited: 0x0000762a9400ace0
Event: 3358.673 Thread 0x0000762b4472e1d0 Thread added: 0x0000762a9400ace0
Event: 3358.674 Thread 0x0000762a9400ace0 Thread exited: 0x0000762a9400ace0
Event: 3363.673 Thread 0x0000762b4472e1d0 Thread added: 0x0000762a9400ace0
Event: 3363.674 Thread 0x0000762a9400ace0 Thread exited: 0x0000762a9400ace0
Event: 3368.673 Thread 0x0000762b4472e1d0 Thread added: 0x0000762a9400ace0
Event: 3368.674 Thread 0x0000762a9400ace0 Thread exited: 0x0000762a9400ace0
Event: 3373.673 Thread 0x0000762b4472e1d0 Thread added: 0x0000762a9400ace0
Event: 3373.673 Thread 0x0000762a9400ace0 Thread exited: 0x0000762a9400ace0
Event: 3378.674 Thread 0x0000762b4472e1d0 Thread added: 0x0000762a9400ace0
Event: 3378.675 Thread 0x0000762a9400ace0 Thread exited: 0x0000762a9400ace0
Event: 3383.674 Thread 0x0000762b4472e1d0 Thread added: 0x0000762a9400ace0
Event: 3383.674 Thread 0x0000762a9400ace0 Thread exited: 0x0000762a9400ace0
Event: 3388.674 Thread 0x0000762b4472e1d0 Thread added: 0x0000762a9400ace0
Event: 3388.674 Thread 0x0000762a9400ace0 Thread exited: 0x0000762a9400ace0
Event: 3393.674 Thread 0x0000762b4472e1d0 Thread added: 0x0000762a9400ace0
Event: 3393.674 Thread 0x0000762a9400ace0 Thread exited: 0x0000762a9400ace0
Event: 3398.674 Thread 0x0000762b4472e1d0 Thread added: 0x0000762a9400ace0
Event: 3398.674 Thread 0x0000762a9400ace0 Thread exited: 0x0000762a9400ace0
Event: 3403.673 Thread 0x0000762b4472e1d0 Thread added: 0x0000762a9400ace0
Event: 3403.674 Thread 0x0000762a9400ace0 Thread exited: 0x0000762a9400ace0
Event: 3408.673 Thread 0x0000762b4472e1d0 Thread added: 0x0000762a9400ace0
Event: 3408.674 Thread 0x0000762a9400ace0 Thread exited: 0x0000762a9400ace0
Event: 3413.674 Thread 0x0000762b4472e1d0 Thread added: 0x0000762a9400ace0
Event: 3413.674 Thread 0x0000762a9400ace0 Thread exited: 0x0000762a9400ace0
Event: 3418.673 Thread 0x0000762b4472e1d0 Thread added: 0x0000762a9400ace0
Event: 3418.674 Thread 0x0000762a9400ace0 Thread exited: 0x0000762a9400ace0
Event: 3423.673 Thread 0x0000762b4472e1d0 Thread added: 0x0000762a9400ace0
Event: 3423.674 Thread 0x0000762a9400ace0 Thread exited: 0x0000762a9400ace0
Event: 3428.674 Thread 0x0000762b4472e1d0 Thread added: 0x0000762a9400ace0
Event: 3428.675 Thread 0x0000762a9400ace0 Thread exited: 0x0000762a9400ace0
Event: 3433.673 Thread 0x0000762b4472e1d0 Thread added: 0x0000762a9400ace0
Event: 3433.673 Thread 0x0000762a9400ace0 Thread exited: 0x0000762a9400ace0
Event: 3438.673 Thread 0x0000762b4472e1d0 Thread added: 0x0000762a9400ace0
Event: 3438.673 Thread 0x0000762a9400ace0 Thread exited: 0x0000762a9400ace0
Event: 3443.674 Thread 0x0000762b4472e1d0 Thread added: 0x0000762a9400ace0
Event: 3443.674 Thread 0x0000762a9400ace0 Thread exited: 0x0000762a9400ace0
Event: 3448.674 Thread 0x0000762b4472e1d0 Thread added: 0x0000762a9400ace0
Event: 3448.674 Thread 0x0000762a9400ace0 Thread exited: 0x0000762a9400ace0
Event: 3453.673 Thread 0x0000762b4472e1d0 Thread added: 0x0000762a9400ace0
Event: 3453.674 Thread 0x0000762a9400ace0 Thread exited: 0x0000762a9400ace0
Event: 3458.674 Thread 0x0000762b4472e1d0 Thread added: 0x0000762a9400ace0
Event: 3458.675 Thread 0x0000762a9400ace0 Thread exited: 0x0000762a9400ace0
Event: 3463.673 Thread 0x0000762b4472e1d0 Thread added: 0x0000762a9400ace0
Event: 3463.674 Thread 0x0000762a9400ace0 Thread exited: 0x0000762a9400ace0
Event: 3468.674 Thread 0x0000762b4472e1d0 Thread added: 0x0000762a9400ace0
Event: 3468.674 Thread 0x0000762a9400ace0 Thread exited: 0x0000762a9400ace0
Event: 3473.674 Thread 0x0000762b4472e1d0 Thread added: 0x0000762a9400ace0
Event: 3473.674 Thread 0x0000762a9400ace0 Thread exited: 0x0000762a9400ace0
Event: 3478.673 Thread 0x0000762b4472e1d0 Thread added: 0x0000762a9400ace0
Event: 3478.674 Thread 0x0000762a9400ace0 Thread exited: 0x0000762a9400ace0
Event: 3483.674 Thread 0x0000762b4472e1d0 Thread added: 0x0000762a9400ace0
Event: 3483.674 Thread 0x0000762a9400ace0 Thread exited: 0x0000762a9400ace0
Event: 3488.673 Thread 0x0000762b4472e1d0 Thread added: 0x0000762a9400ace0
Event: 3488.674 Thread 0x0000762a9400ace0 Thread exited: 0x0000762a9400ace0
Event: 3493.673 Thread 0x0000762b4472e1d0 Thread added: 0x0000762a9400ace0
Event: 3493.674 Thread 0x0000762a9400ace0 Thread exited: 0x0000762a9400ace0
Event: 3498.674 Thread 0x0000762b4472e1d0 Thread added: 0x0000762a9400ace0
Event: 3498.674 Thread 0x0000762a9400ace0 Thread exited: 0x0000762a9400ace0
Event: 3503.673 Thread 0x0000762b4472e1d0 Thread added: 0x0000762a9400ace0
Event: 3503.673 Thread 0x0000762a9400ace0 Thread exited: 0x0000762a9400ace0
Event: 3508.675 Thread 0x0000762b4472e1d0 Thread added: 0x0000762a9400ace0
Event: 3508.675 Thread 0x0000762a9400ace0 Thread exited: 0x0000762a9400ace0
Event: 3513.674 Thread 0x0000762b4472e1d0 Thread added: 0x0000762a9400ace0
Event: 3513.674 Thread 0x0000762a9400ace0 Thread exited: 0x0000762a9400ace0
Event: 3518.674 Thread 0x0000762b4472e1d0 Thread added: 0x0000762a9400ace0
Event: 3518.674 Thread 0x0000762a9400ace0 Thread exited: 0x0000762a9400ace0
Event: 3523.674 Thread 0x0000762b4472e1d0 Thread added: 0x0000762a9400ace0
Event: 3523.674 Thread 0x0000762a9400ace0 Thread exited: 0x0000762a9400ace0
Event: 3528.675 Thread 0x0000762b4472e1d0 Thread added: 0x0000762a9400ace0
Event: 3528.675 Thread 0x0000762a9400ace0 Thread exited: 0x0000762a9400ace0
Event: 3533.673 Thread 0x0000762b4472e1d0 Thread added: 0x0000762a9400ace0
Event: 3533.674 Thread 0x0000762a9400ace0 Thread exited: 0x0000762a9400ace0
Event: 3538.673 Thread 0x0000762b4472e1d0 Thread added: 0x0000762a9400ace0
Event: 3538.674 Thread 0x0000762a9400ace0 Thread exited: 0x0000762a9400ace0
Event: 3543.673 Thread 0x0000762b4472e1d0 Thread added: 0x0000762a9400ace0
Event: 3543.674 Thread 0x0000762a9400ace0 Thread exited: 0x0000762a9400ace0
Event: 3548.674 Thread 0x0000762b4472e1d0 Thread added: 0x0000762a9400ace0
Event: 3548.674 Thread 0x0000762a9400ace0 Thread exited: 0x0000762a9400ace0
Event: 3553.674 Thread 0x0000762b4472e1d0 Thread added: 0x0000762a9400ace0
Event: 3553.674 Thread 0x0000762a9400ace0 Thread exited: 0x0000762a9400ace0
Event: 3558.673 Thread 0x0000762b4472e1d0 Thread added: 0x0000762a9400ace0
Event: 3558.673 Thread 0x0000762a9400ace0 Thread exited: 0x0000762a9400ace0
Event: 3563.673 Thread 0x0000762b4472e1d0 Thread added: 0x0000762a9400ace0
Event: 3563.674 Thread 0x0000762a9400ace0 Thread exited: 0x0000762a9400ace0
Event: 3568.674 Thread 0x0000762b4472e1d0 Thread added: 0x0000762a9400ace0
Event: 3568.674 Thread 0x0000762a9400ace0 Thread exited: 0x0000762a9400ace0
Event: 3573.673 Thread 0x0000762b4472e1d0 Thread added: 0x0000762a9400ace0
Event: 3573.673 Thread 0x0000762a9400ace0 Thread exited: 0x0000762a9400ace0
Event: 3578.674 Thread 0x0000762b4472e1d0 Thread added: 0x0000762a9400ace0
Event: 3578.674 Thread 0x0000762a9400ace0 Thread exited: 0x0000762a9400ace0
Event: 3583.674 Thread 0x0000762b4472e1d0 Thread added: 0x0000762a9400ace0
Event: 3583.674 Thread 0x0000762a9400ace0 Thread exited: 0x0000762a9400ace0
Event: 3588.673 Thread 0x0000762b4472e1d0 Thread added: 0x0000762a9400ace0
Event: 3588.674 Thread 0x0000762a9400ace0 Thread exited: 0x0000762a9400ace0
Event: 3593.674 Thread 0x0000762b4472e1d0 Thread added: 0x0000762a9400ace0
Event: 3593.674 Thread 0x0000762a9400ace0 Thread exited: 0x0000762a9400ace0
Event: 3598.674 Thread 0x0000762b4472e1d0 Thread added: 0x0000762a9400ace0
Event: 3598.674 Thread 0x0000762a9400ace0 Thread exited: 0x0000762a9400ace0
Event: 3603.673 Thread 0x0000762b4472e1d0 Thread added: 0x0000762a9400ace0
Event: 3603.674 Thread 0x0000762a9400ace0 Thread exited: 0x0000762a9400ace0
Event: 3608.673 Thread 0x0000762b4472e1d0 Thread added: 0x0000762a9400ace0
Event: 3608.674 Thread 0x0000762a9400ace0 Thread exited: 0x0000762a9400ace0
Event: 3613.674 Thread 0x0000762b4472e1d0 Thread added: 0x0000762a9400ace0
Event: 3613.674 Thread 0x0000762a9400ace0 Thread exited: 0x0000762a9400ace0
Event: 3618.673 Thread 0x0000762b4472e1d0 Thread added: 0x0000762a9400ace0
Event: 3618.674 Thread 0x0000762a9400ace0 Thread exited: 0x0000762a9400ace0
Event: 3623.673 Thread 0x0000762b4472e1d0 Thread added: 0x0000762a9400ace0
Event: 3623.674 Thread 0x0000762a9400ace0 Thread exited: 0x0000762a9400ace0
Event: 3628.673 Thread 0x0000762b4472e1d0 Thread added: 0x0000762a9400ace0
Event: 3628.674 Thread 0x0000762a9400ace0 Thread exited: 0x0000762a9400ace0
Event: 3633.673 Thread 0x0000762b4472e1d0 Thread added: 0x0000762a9400ace0
Event: 3633.674 Thread 0x0000762a9400ace0 Thread exited: 0x0000762a9400ace0
Event: 3638.674 Thread 0x0000762b4472e1d0 Thread added: 0x0000762a9400ace0
Event: 3638.674 Thread 0x0000762a9400ace0 Thread exited: 0x0000762a9400ace0


Dynamic libraries:
40000000000-40030000000 rw-s 00000000 00:01 625                          /memfd:java_heap (deleted)
40030000000-40300000000 ---p 00000000 00:00 0 
5b29eaa49000-5b29eaa4a000 r-xp 00000000 103:06 42209347                  /usr/lib/jvm/zulu21-ca-amd64/bin/java
5b29eaa4b000-5b29eaa4c000 r--p 00001000 103:06 42209347                  /usr/lib/jvm/zulu21-ca-amd64/bin/java
5b29eaa4c000-5b29eaa4d000 rw-p 00002000 103:06 42209347                  /usr/lib/jvm/zulu21-ca-amd64/bin/java
5b2a22dea000-5b2a22e30000 rw-p 00000000 00:00 0                          [heap]
762a3efee000-762a41fef000 rw-s 00000000 00:1c 1672423                    /dev/shm/aeron-emre-1-driver/publications/166.logbuffer
762a41fef000-762a44ff0000 rw-s 00000000 00:1c 1672422                    /dev/shm/aeron-emre-1-driver/publications/163.logbuffer
762a44ff0000-762a47ff1000 rw-s 00000000 00:1c 1672422                    /dev/shm/aeron-emre-1-driver/publications/163.logbuffer
762a7dffa000-762a80ffb000 rw-s 00000000 00:1c 1672418                    /dev/shm/aeron-emre-1-driver/images/142.logbuffer
762a80ffb000-762a83ffc000 rw-s 00000000 00:1c 1672418                    /dev/shm/aeron-emre-1-driver/images/142.logbuffer
762a83ffc000-762a86ffd000 rw-s 00000000 00:1c 1672418                    /dev/shm/aeron-emre-1-driver/images/142.logbuffer
762a90000000-762a90021000 rw-p 00000000 00:00 0 
762a90021000-762a94000000 ---p 00000000 00:00 0 
762a94000000-762a94021000 rw-p 00000000 00:00 0 
762a94021000-762a98000000 ---p 00000000 00:00 0 
762a98000000-762a98074000 rw-p 00000000 00:00 0 
762a98074000-762a9c000000 ---p 00000000 00:00 0 
762a9c000000-762a9c04c000 rw-p 00000000 00:00 0 
762a9c04c000-762aa0000000 ---p 00000000 00:00 0 
762aa0000000-762aa0045000 rw-p 00000000 00:00 0 
762aa0045000-762aa4000000 ---p 00000000 00:00 0 
762aa4000000-762aa406d000 rw-p 00000000 00:00 0 
762aa406d000-762aa8000000 ---p 00000000 00:00 0 
762aa8000000-762aa8066000 rw-p 00000000 00:00 0 
762aa8066000-762aac000000 ---p 00000000 00:00 0 
762aac000000-762aac06a000 rw-p 00000000 00:00 0 
762aac06a000-762ab0000000 ---p 00000000 00:00 0 
762ab0000000-762ab006c000 rw-p 00000000 00:00 0 
762ab006c000-762ab4000000 ---p 00000000 00:00 0 
762ab4ff5000-762ab7ff6000 rw-s 00000000 00:1c 1672418                    /dev/shm/aeron-emre-1-driver/images/142.logbuffer
762acfff8000-762adbff9000 rw-s 00000000 00:1c 1672410                    /dev/shm/aeron-emre-1-driver/publications/113.logbuffer
762adcfff000-762ae0000000 rw-s 00000000 00:1c 1672413                    /dev/shm/aeron-emre-1-driver/publications/129.logbuffer
762ae0000000-762ae0022000 rw-p 00000000 00:00 0 
762ae0022000-762ae4000000 ---p 00000000 00:00 0 
762ae4ff9000-762ae7ffa000 rw-s 00000000 00:1c 1672413                    /dev/shm/aeron-emre-1-driver/publications/129.logbuffer
762ae7ffa000-762af3ffb000 rw-s 00000000 00:1c 1672410                    /dev/shm/aeron-emre-1-driver/publications/113.logbuffer
762af6ffc000-762b02ffd000 rw-s 00000000 00:1c 1672410                    /dev/shm/aeron-emre-1-driver/publications/113.logbuffer
762b05ffe000-762b08fff000 rw-s 00000000 00:1c 1672412                    /dev/shm/aeron-emre-1-driver/publications/128.logbuffer
762b0c000000-762b0c021000 rw-p 00000000 00:00 0 
762b0c021000-762b10000000 ---p 00000000 00:00 0 
762b10000000-762b105c0000 rw-p 00000000 00:00 0 
762b105c0000-762b14000000 ---p 00000000 00:00 0 
762b14000000-762b14021000 rw-p 00000000 00:00 0 
762b14021000-762b18000000 ---p 00000000 00:00 0 
762b18000000-762b1809b000 rw-p 00000000 00:00 0 
762b1809b000-762b1c000000 ---p 00000000 00:00 0 
762b1d1ff000-762b20000000 rw-s 00000000 00:1c 1672391                    /dev/shm/aeron-emre-1-driver/cnc.dat
762b20000000-762b20022000 rw-p 00000000 00:00 0 
762b20022000-762b24000000 ---p 00000000 00:00 0 
762b243ed000-762b271ee000 rw-s 00000000 00:1c 1672391                    /dev/shm/aeron-emre-1-driver/cnc.dat
762b34000000-762b34021000 rw-p 00000000 00:00 0 
762b34021000-762b38000000 ---p 00000000 00:00 0 
762b3c000000-762b3c119000 rw-p 00000000 00:00 0 
762b3c119000-762b40000000 ---p 00000000 00:00 0 
762b40000000-762b40021000 rw-p 00000000 00:00 0 
762b40021000-762b44000000 ---p 00000000 00:00 0 
762b44000000-762b4474b000 rw-p 00000000 00:00 0 
762b4474b000-762b48000000 ---p 00000000 00:00 0 
762b481f0000-762b4b1f1000 rw-s 00000000 00:1c 1672412                    /dev/shm/aeron-emre-1-driver/publications/128.logbuffer
762b4b1f1000-762b4e1f2000 rw-s 00000000 00:1c 1672423                    /dev/shm/aeron-emre-1-driver/publications/166.logbuffer
762b4e1f2000-762b511f3000 rw-s 00000000 00:1c 1672422                    /dev/shm/aeron-emre-1-driver/publications/163.logbuffer
762b511f3000-762b541f4000 rw-s 00000000 00:1c 1672402                    /dev/shm/aeron-emre-1-driver/images/70.logbuffer
762b571f5000-762b5a1f6000 rw-s 00000000 00:1c 1672423                    /dev/shm/aeron-emre-1-driver/publications/166.logbuffer
762b5a1f6000-762b5d1f7000 rw-s 00000000 00:1c 1672398                    /dev/shm/aeron-emre-1-driver/images/48.logbuffer
762b5d1f7000-762b601f8000 rw-s 00000000 00:1c 1672402                    /dev/shm/aeron-emre-1-driver/images/70.logbuffer
762b601f8000-762b62ff9000 rw-s 00000000 00:1c 1672391                    /dev/shm/aeron-emre-1-driver/cnc.dat
762b62ff9000-762b65ffa000 rw-s 00000000 00:1c 1672397                    /dev/shm/aeron-emre-1-driver/publications/47.logbuffer
762b65ffa000-762b68ffb000 rw-s 00000000 00:1c 1672397                    /dev/shm/aeron-emre-1-driver/publications/47.logbuffer
762b68ffb000-762b6bffc000 rw-s 00000000 00:1c 1672398                    /dev/shm/aeron-emre-1-driver/images/48.logbuffer
762b6bffc000-762b6effd000 rw-s 00000000 00:1c 1672397                    /dev/shm/aeron-emre-1-driver/publications/47.logbuffer
762b6effd000-762b71ffe000 rw-s 00000000 00:1c 1672396                    /dev/shm/aeron-emre-1-driver/publications/44.logbuffer
762b71ffe000-762b74fff000 rw-s 00000000 00:1c 1672396                    /dev/shm/aeron-emre-1-driver/publications/44.logbuffer
762b74fff000-762b78000000 rw-s 00000000 00:1c 1672396                    /dev/shm/aeron-emre-1-driver/publications/44.logbuffer
762b78000000-762b78047000 rw-p 00000000 00:00 0 
762b78047000-762b7c000000 ---p 00000000 00:00 0 
762b7c000000-762b7c021000 rw-p 00000000 00:00 0 
762b7c021000-762b80000000 ---p 00000000 00:00 0 
762b811ff000-762b84000000 rw-s 00000000 00:1c 1672391                    /dev/shm/aeron-emre-1-driver/cnc.dat
762b84000000-762b84140000 rw-p 00000000 00:00 0 
762b84140000-762b88000000 ---p 00000000 00:00 0 
762b88000000-762b88021000 rw-p 00000000 00:00 0 
762b88021000-762b8c000000 ---p 00000000 00:00 0 
762b8c000000-762b8d6f4000 rw-p 00000000 00:00 0 
762b8d6f4000-762b90000000 ---p 00000000 00:00 0 
762b90000000-762b9051e000 rw-p 00000000 00:00 0 
762b9051e000-762b94000000 ---p 00000000 00:00 0 
762b94000000-762b95611000 rw-p 00000000 00:00 0 
762b95611000-762b98000000 ---p 00000000 00:00 0 
762b98000000-762b995b9000 rw-p 00000000 00:00 0 
762b995b9000-762b9c000000 ---p 00000000 00:00 0 
762b9c000000-762b9c54f000 rw-p 00000000 00:00 0 
762b9c54f000-762ba0000000 ---p 00000000 00:00 0 
762ba0000000-762ba003a000 rw-p 00000000 00:00 0 
762ba003a000-762ba4000000 ---p 00000000 00:00 0 
762ba4000000-762ba4043000 rw-p 00000000 00:00 0 
762ba4043000-762ba8000000 ---p 00000000 00:00 0 
762ba8000000-762ba806e000 rw-p 00000000 00:00 0 
762ba806e000-762bac000000 ---p 00000000 00:00 0 
762bac000000-762bac26f000 rw-p 00000000 00:00 0 
762bac26f000-762bb0000000 ---p 00000000 00:00 0 
762bb020b000-762bb020f000 ---p 00000000 00:00 0 
762bb020f000-762bb030b000 rw-p 00000000 00:00 0 
762bb030b000-762bb030f000 ---p 00000000 00:00 0 
762bb030f000-762bb040b000 rw-p 00000000 00:00 0 
762bb040b000-762bb040f000 ---p 00000000 00:00 0 
762bb040f000-762bb050b000 rw-p 00000000 00:00 0 
762bb050b000-762bb050f000 ---p 00000000 00:00 0 
762bb050f000-762bb060b000 rw-p 00000000 00:00 0 
762bb060b000-762bb060f000 ---p 00000000 00:00 0 
762bb060f000-762bb070b000 rw-p 00000000 00:00 0 
762bb070b000-762bb070f000 ---p 00000000 00:00 0 
762bb070f000-762bb080b000 rw-p 00000000 00:00 0 
762bb080b000-762bb080f000 ---p 00000000 00:00 0 
762bb080f000-762bb090b000 rw-p 00000000 00:00 0 
762bb090b000-762bb090f000 ---p 00000000 00:00 0 
762bb090f000-762bb0a0b000 rw-p 00000000 00:00 0 
762bb0a0b000-762bb0a0f000 ---p 00000000 00:00 0 
762bb0a0f000-762bb0b0b000 rw-p 00000000 00:00 0 
762bb0b0b000-762bb0b0f000 ---p 00000000 00:00 0 
762bb0b0f000-762bb0c0b000 rw-p 00000000 00:00 0 
762bb0c0b000-762bb0c0f000 ---p 00000000 00:00 0 
762bb0c0f000-762bb0d0b000 rw-p 00000000 00:00 0 
762bb0d0b000-762bb0d0f000 ---p 00000000 00:00 0 
762bb0d0f000-762bb0e0b000 rw-p 00000000 00:00 0 
762bb0e0b000-762bb0e0f000 ---p 00000000 00:00 0 
762bb0e0f000-762bb0f0b000 rw-p 00000000 00:00 0 
762bb0f0b000-762bb0f3c000 rw-s 00000000 00:1c 1672407                    /dev/shm/aeron-emre-1-driver/images/102.logbuffer
762bb0f3c000-762bb0f9d000 rw-s 00000000 00:1c 1672395                    /dev/shm/aeron-emre-1-driver/publications/40.logbuffer
762bb0f9d000-762bb0fa1000 ---p 00000000 00:00 0 
762bb0fa1000-762bb109d000 rw-p 00000000 00:00 0 
762bb109d000-762bb10a1000 ---p 00000000 00:00 0 
762bb10a1000-762bb119d000 rw-p 00000000 00:00 0 
762bb119d000-762bb11fe000 rw-s 00000000 00:1c 1672406                    /dev/shm/aeron-emre-1-driver/publications/101.logbuffer
762bb11fe000-762bb3fff000 rw-s 00000000 00:1c 1672391                    /dev/shm/aeron-emre-1-driver/cnc.dat
762bb3fff000-762bb8021000 rw-p 00000000 00:00 0 
762bb8021000-762bbc000000 ---p 00000000 00:00 0 
762bbc000000-762bbc021000 rw-p 00000000 00:00 0 
762bbc021000-762bc0000000 ---p 00000000 00:00 0 
762bc0000000-762bc0610000 rw-p 00000000 00:00 0 
762bc0610000-762bc4000000 ---p 00000000 00:00 0 
762bc4000000-762bc45ed000 rw-p 00000000 00:00 0 
762bc45ed000-762bc8000000 ---p 00000000 00:00 0 
762bc8000000-762bc941a000 rw-p 00000000 00:00 0 
762bc941a000-762bcc000000 ---p 00000000 00:00 0 
762bcc000000-762bcc85b000 rw-p 00000000 00:00 0 
762bcc85b000-762bd0000000 ---p 00000000 00:00 0 
762bd0000000-762bd0021000 rw-p 00000000 00:00 0 
762bd0021000-762bd4000000 ---p 00000000 00:00 0 
762bd4000000-762bd4021000 rw-p 00000000 00:00 0 
762bd4021000-762bd8000000 ---p 00000000 00:00 0 
762bd8000000-762bd8021000 rw-p 00000000 00:00 0 
762bd8021000-762bdc000000 ---p 00000000 00:00 0 
762bdc000000-762bdc021000 rw-p 00000000 00:00 0 
762bdc021000-762be0000000 ---p 00000000 00:00 0 
762be0000000-762be0021000 rw-p 00000000 00:00 0 
762be0021000-762be4000000 ---p 00000000 00:00 0 
762be4000000-762be4021000 rw-p 00000000 00:00 0 
762be4021000-762be8000000 ---p 00000000 00:00 0 
762be8000000-762be8400000 rw-p 00000000 00:00 0 
762be8400000-762be8e70000 rw-p 00000000 00:00 0 
762be8e70000-762be8f00000 ---p 00000000 00:00 0 
762be8f00000-762be8f30000 rw-p 00000000 00:00 0 
762be8f30000-762bec000000 ---p 00000000 00:00 0 
762bec000000-762bec021000 rw-p 00000000 00:00 0 
762bec021000-762bf0000000 ---p 00000000 00:00 0 
762bf0017000-762bf0078000 rw-s 00000000 00:1c 1672406                    /dev/shm/aeron-emre-1-driver/publications/101.logbuffer
762bf0078000-762bf00a9000 rw-s 00000000 00:1c 1672407                    /dev/shm/aeron-emre-1-driver/images/102.logbuffer
762bf00a9000-762bf010a000 rw-s 00000000 00:1c 1672406                    /dev/shm/aeron-emre-1-driver/publications/101.logbuffer
762bf010a000-762bf013b000 rw-s 00000000 00:1c 1672549                    /dev/shm/aeron-emre-1-driver/images/8079.logbuffer
762bf013b000-762bf016c000 rw-s 00000000 00:1c 1672549                    /dev/shm/aeron-emre-1-driver/images/8079.logbuffer
762bf01ce000-762bf01ff000 rw-s 00000000 00:1c 1672403                    /dev/shm/aeron-emre-1-driver/publications/93.logbuffer
762bf01ff000-762bf3000000 rw-s 00000000 00:1c 1672391                    /dev/shm/aeron-emre-1-driver/cnc.dat
762bf3000000-762bf3cff000 rw-p 00001000 103:06 42209307                  /usr/lib/jvm/zulu21-ca-amd64/lib/server/classes_nocoops.jsa
762bf3cff000-762bf4000000 ---p 00000000 00:00 0 
762bf4000000-762bf4040000 rw-p 00000000 00:00 0 
762bf4040000-762bf4080000 rw-p 00000000 00:00 0 
762bf4080000-762bf4140000 rw-p 00000000 00:00 0 
762bf4140000-762bf4160000 rw-p 00000000 00:00 0 
762bf4160000-762bf4180000 ---p 00000000 00:00 0 
762bf4180000-762bf4190000 rw-p 00000000 00:00 0 
762bf4190000-762c34000000 ---p 00000000 00:00 0 
762c34000000-762c34021000 rw-p 00000000 00:00 0 
762c34021000-762c38000000 ---p 00000000 00:00 0 
762c38000000-762c38021000 rw-p 00000000 00:00 0 
762c38021000-762c3c000000 ---p 00000000 00:00 0 
762c3c000000-762c3c021000 rw-p 00000000 00:00 0 
762c3c021000-762c40000000 ---p 00000000 00:00 0 
762c40000000-762c40021000 rw-p 00000000 00:00 0 
762c40021000-762c44000000 ---p 00000000 00:00 0 
762c44000000-762c44021000 rw-p 00000000 00:00 0 
762c44021000-762c48000000 ---p 00000000 00:00 0 
762c48000000-762c48021000 rw-p 00000000 00:00 0 
762c48021000-762c4c000000 ---p 00000000 00:00 0 
762c4c000000-762c4c021000 rw-p 00000000 00:00 0 
762c4c021000-762c50000000 ---p 00000000 00:00 0 
762c50000000-762c50021000 rw-p 00000000 00:00 0 
762c50021000-762c54000000 ---p 00000000 00:00 0 
762c54000000-762c54371000 rw-p 00000000 00:00 0 
762c54371000-762c58000000 ---p 00000000 00:00 0 
762c58000000-762c58021000 rw-p 00000000 00:00 0 
762c58021000-762c5c000000 ---p 00000000 00:00 0 
762c5c000000-762c5e000000 rw-p 00000000 00:00 0 
762c5e000000-762e5c000000 ---p 00000000 00:00 0 
762e5c000000-762e5c333000 rw-p 00000000 00:00 0 
762e5c333000-762e60000000 ---p 00000000 00:00 0 
762e60000000-762e60021000 rw-p 00000000 00:00 0 
762e60021000-762e64000000 ---p 00000000 00:00 0 
762e64000000-762e643a7000 rw-p 00000000 00:00 0 
762e643a7000-762e68000000 ---p 00000000 00:00 0 
762e68000000-762e68147000 rw-p 00000000 00:00 0 
762e68147000-762e6c000000 ---p 00000000 00:00 0 
762e6c000000-762e6c49c000 rw-p 00000000 00:00 0 
762e6c49c000-762e70000000 ---p 00000000 00:00 0 
762e70000000-762e70517000 rw-p 00000000 00:00 0 
762e70517000-762e74000000 ---p 00000000 00:00 0 
762e74000000-762e74211000 rw-p 00000000 00:00 0 
762e74211000-762e78000000 ---p 00000000 00:00 0 
762e78000000-762e7a000000 rw-p 00000000 00:00 0 
762e7a000000-763078000000 ---p 00000000 00:00 0 
763078000000-763078021000 rw-p 00000000 00:00 0 
763078021000-76307c000000 ---p 00000000 00:00 0 
76307c028000-76307c02c000 ---p 00000000 00:00 0 
76307c02c000-76307c128000 rw-p 00000000 00:00 0 
76307c128000-76307c12c000 ---p 00000000 00:00 0 
76307c12c000-76307c228000 rw-p 00000000 00:00 0 
76307c228000-76307c32a000 rw-s 00000000 103:06 9581632                   /home/emre/openexchange-data/aeron-cluster/node1/cluster/cluster-mark-service-0.dat
76307c32a000-76307c32e000 ---p 00000000 00:00 0 
76307c32e000-76307c42a000 rw-p 00000000 00:00 0 
76307c42a000-76307c42e000 ---p 00000000 00:00 0 
76307c42e000-76307c52a000 rw-p 00000000 00:00 0 
76307c52a000-76307c62a000 rw-s 00000000 103:06 9568332                   /home/emre/openexchange-data/match-journal/node1/archive/archive.catalog
76307c62a000-76307c72c000 rw-s 00000000 103:06 9568330                   /home/emre/openexchange-data/match-journal/node1/archive/archive-mark.dat
76307c72c000-76307c730000 ---p 00000000 00:00 0 
76307c730000-76307c82c000 rw-p 00000000 00:00 0 
76307c82c000-76307c92c000 rw-s 00000000 103:06 9568316                   /home/emre/openexchange-data/aeron-cluster/node1/cluster/node-state.dat
76307c92c000-76307ca2e000 rw-s 00000000 103:06 9568311                   /home/emre/openexchange-data/aeron-cluster/node1/cluster/cluster-mark.dat
76307ca2e000-76307ca32000 ---p 00000000 00:00 0 
76307ca32000-76307cb2e000 rw-p 00000000 00:00 0 
76307cb2e000-76307cb32000 ---p 00000000 00:00 0 
76307cb32000-76307cc2e000 rw-p 00000000 00:00 0 
76307cc2e000-76307cc32000 ---p 00000000 00:00 0 
76307cc32000-76307cd2e000 rw-p 00000000 00:00 0 
76307cd2e000-76307ce2e000 rw-s 00000000 103:06 9568301                   /home/emre/openexchange-data/aeron-cluster/node1/archive/archive.catalog
76307ce2e000-76307ce32000 ---p 00000000 00:00 0 
76307ce32000-76307cf2e000 rw-p 00000000 00:00 0 
76307cf2e000-76307cf32000 ---p 00000000 00:00 0 
76307cf32000-76307d02e000 rw-p 00000000 00:00 0 
76307d02e000-76307d130000 rw-s 00000000 103:06 9568299                   /home/emre/openexchange-data/aeron-cluster/node1/archive/archive-mark.dat
76307d130000-76307d134000 ---p 00000000 00:00 0 
76307d134000-76307d230000 rw-p 00000000 00:00 0 
76307d230000-76307d234000 ---p 00000000 00:00 0 
76307d234000-76307d330000 rw-p 00000000 00:00 0 
76307d330000-76307d334000 ---p 00000000 00:00 0 
76307d334000-76307d430000 rw-p 00000000 00:00 0 
76307d430000-76307d434000 ---p 00000000 00:00 0 
76307d434000-76307d530000 rw-p 00000000 00:00 0 
76307d530000-76307d534000 ---p 00000000 00:00 0 
76307d534000-76307d630000 rw-p 00000000 00:00 0 
76307d630000-76307d634000 ---p 00000000 00:00 0 
76307d634000-76307d730000 rw-p 00000000 00:00 0 
76307d730000-76307d734000 ---p 00000000 00:00 0 
76307d734000-76307d830000 rw-p 00000000 00:00 0 
76307d830000-76307d930000 rw-s 00000000 00:1c 1672394                    /dev/shm/aeron-emre-1-driver/loss-report.dat
76307d930000-76307d934000 ---p 00000000 00:00 0 
76307d934000-76307da30000 rw-p 00000000 00:00 0 
76307da30000-76307da34000 ---p 00000000 00:00 0 
76307da34000-76307db30000 rw-p 00000000 00:00 0 
76307db30000-76307db34000 ---p 00000000 00:00 0 
76307db34000-76307dc30000 rw-p 00000000 00:00 0 
76307dc30000-76307dc34000 ---p 00000000 00:00 0 
76307dc34000-76307dd30000 rw-p 00000000 00:00 0 
76307dd30000-76307ddfe000 r-xp 00000000 103:06 42209345                  /usr/lib/jvm/zulu21-ca-amd64/lib/libjsvml.so
76307ddfe000-76307ddff000 r--p 000cd000 103:06 42209345                  /usr/lib/jvm/zulu21-ca-amd64/lib/libjsvml.so
76307ddff000-76307de00000 rw-p 000ce000 103:06 42209345                  /usr/lib/jvm/zulu21-ca-amd64/lib/libjsvml.so
76307de00000-76307de04000 ---p 00000000 00:00 0 
76307de04000-76307df00000 rw-p 00000000 00:00 0 
76307df00000-76307df04000 ---p 00000000 00:00 0 
76307df04000-76307e000000 rw-p 00000000 00:00 0 
76307e000000-76307e004000 ---p 00000000 00:00 0 
76307e004000-76307e100000 rw-p 00000000 00:00 0 
76307e100000-76307e104000 ---p 00000000 00:00 0 
76307e104000-76307e200000 rw-p 00000000 00:00 0 
76307e200000-76307e204000 ---p 00000000 00:00 0 
76307e204000-76307e300000 rw-p 00000000 00:00 0 
76307e300000-76307e304000 ---p 00000000 00:00 0 
76307e304000-76307e400000 rw-p 00000000 00:00 0 
76307e400000-76307e975000 r--p 00000000 103:06 41549904                  /usr/lib/locale/locale-archive
76307e99a000-76307e9fb000 rw-s 00000000 00:1c 1672395                    /dev/shm/aeron-emre-1-driver/publications/40.logbuffer
76307e9fb000-76307e9ff000 ---p 00000000 00:00 0 
76307e9ff000-76307eafb000 rw-p 00000000 00:00 0 
76307eafb000-76307eafc000 ---p 00000000 00:00 0 
76307eafc000-76307ebfc000 rw-p 00000000 00:00 0 
76307ebfc000-76307ebfd000 ---p 00000000 00:00 0 
76307ebfd000-76307ecfd000 rw-p 00000000 00:00 0 
76307ecfd000-76307ecfe000 ---p 00000000 00:00 0 
76307ecfe000-76307edfe000 rw-p 00000000 00:00 0 
76307edfe000-76307edff000 ---p 00000000 00:00 0 
76307edff000-76307eeff000 rw-p 00000000 00:00 0 
76307eeff000-76307ef00000 ---p 00000000 00:00 0 
76307ef00000-76307f000000 rw-p 00000000 00:00 0 
76307f000000-763080021000 rw-p 00000000 00:00 0 
763080021000-763084000000 ---p 00000000 00:00 0 
763084000000-763084021000 rw-p 00000000 00:00 0 
763084021000-763088000000 ---p 00000000 00:00 0 
763088000000-763088092000 rw-p 00000000 00:00 0 
763088092000-76308c000000 ---p 00000000 00:00 0 
76308c000000-76308c021000 rw-p 00000000 00:00 0 
76308c021000-763090000000 ---p 00000000 00:00 0 
763090000000-763090021000 rw-p 00000000 00:00 0 
763090021000-763094000000 ---p 00000000 00:00 0 
763094000000-763094021000 rw-p 00000000 00:00 0 
763094021000-763098000000 ---p 00000000 00:00 0 
763098000000-763098021000 rw-p 00000000 00:00 0 
763098021000-76309c000000 ---p 00000000 00:00 0 
76309c019000-76309c07a000 rw-s 00000000 00:1c 1672395                    /dev/shm/aeron-emre-1-driver/publications/40.logbuffer
76309c07a000-76309c0fb000 rw-p 00000000 00:00 0 
76309c0fb000-76309c0fc000 ---p 00000000 00:00 0 
76309c0fc000-76309c1fc000 rw-p 00000000 00:00 0 
76309c1fc000-76309c1fd000 ---p 00000000 00:00 0 
76309c1fd000-76309c2fd000 rw-p 00000000 00:00 0 
76309c2fd000-76309c2fe000 ---p 00000000 00:00 0 
76309c2fe000-76309c3fe000 rw-p 00000000 00:00 0 
76309c3fe000-76309c3ff000 ---p 00000000 00:00 0 
76309c3ff000-76309c4ff000 rw-p 00000000 00:00 0 
76309c4ff000-76309c500000 ---p 00000000 00:00 0 
76309c500000-76309c600000 rw-p 00000000 00:00 0 
76309c600000-76309cba0000 rwxp 00000000 00:00 0 
76309cba0000-7630a3a5f000 ---p 00000000 00:00 0 
7630a3a5f000-7630a3ddf000 rwxp 00000000 00:00 0 
7630a3ddf000-7630a41a0000 ---p 00000000 00:00 0 
7630a41a0000-7630a4490000 rwxp 00000000 00:00 0 
7630a4490000-7630ab600000 ---p 00000000 00:00 0 
7630ab600000-7630b3ec9000 r--s 00000000 103:06 42209316                  /usr/lib/jvm/zulu21-ca-amd64/lib/modules
7630b3ece000-7630b3eff000 rw-s 00000000 00:1c 1672403                    /dev/shm/aeron-emre-1-driver/publications/93.logbuffer
7630b3eff000-7630b3f00000 ---p 00000000 00:00 0 
7630b3f00000-7630b4000000 rw-p 00000000 00:00 0 
7630b4000000-7630b47ea000 rw-p 00000000 00:00 0 
7630b47ea000-7630b8000000 ---p 00000000 00:00 0 
7630b801b000-7630b80f3000 rw-p 00000000 00:00 0 
7630b80f3000-7630b80f4000 ---p 00000000 00:00 0 
7630b80f4000-7630b81f4000 rw-p 00000000 00:00 0 
7630b81f4000-7630b81f5000 ---p 00000000 00:00 0 
7630b81f5000-7630b82f5000 rw-p 00000000 00:00 0 
7630b82f5000-7630b82f6000 ---p 00000000 00:00 0 
7630b82f6000-7630b83f6000 rw-p 00000000 00:00 0 
7630b83f6000-7630b83f7000 ---p 00000000 00:00 0 
7630b83f7000-7630b84f7000 rw-p 00000000 00:00 0 
7630b84f7000-7630b84f8000 ---p 00000000 00:00 0 
7630b84f8000-7630b85f8000 rw-p 00000000 00:00 0 
7630b85f8000-7630b85f9000 ---p 00000000 00:00 0 
7630b85f9000-7630b86f9000 rw-p 00000000 00:00 0 
7630b86f9000-7630b86fa000 ---p 00000000 00:00 0 
7630b86fa000-7630b87fa000 rw-p 00000000 00:00 0 
7630b87fa000-7630b87fb000 ---p 00000000 00:00 0 
7630b87fb000-7630b88fb000 rw-p 00000000 00:00 0 
7630b88fb000-7630b88fc000 ---p 00000000 00:00 0 
7630b88fc000-7630b89fc000 rw-p 00000000 00:00 0 
7630b89fc000-7630b89fd000 ---p 00000000 00:00 0 
7630b89fd000-7630b8afd000 rw-p 00000000 00:00 0 
7630b8afd000-7630b8afe000 ---p 00000000 00:00 0 
7630b8afe000-7630b8bfe000 rw-p 00000000 00:00 0 
7630b8bfe000-7630b8bff000 ---p 00000000 00:00 0 
7630b8bff000-7630b8cff000 rw-p 00000000 00:00 0 
7630b8cff000-7630b8d00000 ---p 00000000 00:00 0 
7630b8d00000-7630b8e00000 rw-p 00000000 00:00 0 
7630b8e00000-7630bae00000 rw-p 00000000 00:00 0 
7630bae24000-7630bae2b000 r--s 00000000 103:06 41568527                  /usr/lib/x86_64-linux-gnu/gconv/gconv-modules.cache
7630bae2b000-7630bae2c000 ---p 00000000 00:00 0 
7630bae2c000-7630baf2c000 rw-p 00000000 00:00 0 
7630baf2c000-7630baf2d000 ---p 00000000 00:00 0 
7630baf2d000-7630bb02d000 rw-p 00000000 00:00 0 
7630bb02d000-7630bb02e000 ---p 00000000 00:00 0 
7630bb02e000-7630bb12e000 rw-p 00000000 00:00 0 
7630bb12e000-7630bb134000 rw-p 00000000 00:00 0 
7630bb134000-7630bb217000 ---p 00000000 00:00 0 
7630bb217000-7630bb223000 rw-p 00000000 00:00 0 
7630bb223000-7630bb300000 ---p 00000000 00:00 0 
7630bb300000-7630bb304000 ---p 00000000 00:00 0 
7630bb304000-7630bb400000 rw-p 00000000 00:00 0 
7630bb400000-7630bc829000 r-xp 00000000 103:06 42209310                  /usr/lib/jvm/zulu21-ca-amd64/lib/server/libjvm.so
7630bc829000-7630bc8fe000 r--p 01428000 103:06 42209310                  /usr/lib/jvm/zulu21-ca-amd64/lib/server/libjvm.so
7630bc8fe000-7630bc92e000 rw-p 014fd000 103:06 42209310                  /usr/lib/jvm/zulu21-ca-amd64/lib/server/libjvm.so
7630bc92e000-7630bc995000 rw-p 00000000 00:00 0 
7630bc99b000-7630bc9a7000 r-xp 00000000 103:06 42209301                  /usr/lib/jvm/zulu21-ca-amd64/lib/libnet.so
7630bc9a7000-7630bc9a8000 r--p 0000b000 103:06 42209301                  /usr/lib/jvm/zulu21-ca-amd64/lib/libnet.so
7630bc9a8000-7630bc9a9000 rw-p 0000c000 103:06 42209301                  /usr/lib/jvm/zulu21-ca-amd64/lib/libnet.so
7630bc9a9000-7630bc9bd000 r-xp 00000000 103:06 42209331                  /usr/lib/jvm/zulu21-ca-amd64/lib/libnio.so
7630bc9bd000-7630bc9be000 r--p 00013000 103:06 42209331                  /usr/lib/jvm/zulu21-ca-amd64/lib/libnio.so
7630bc9be000-7630bc9bf000 rw-p 00014000 103:06 42209331                  /usr/lib/jvm/zulu21-ca-amd64/lib/libnio.so
7630bc9bf000-7630bca00000 rw-p 00000000 00:00 0 
7630bca00000-7630bca28000 r--p 00000000 103:06 41569503                  /usr/lib/x86_64-linux-gnu/libc.so.6
7630bca28000-7630bcbb0000 r-xp 00028000 103:06 41569503                  /usr/lib/x86_64-linux-gnu/libc.so.6
7630bcbb0000-7630bcbff000 r--p 001b0000 103:06 41569503                  /usr/lib/x86_64-linux-gnu/libc.so.6
7630bcbff000-7630bcc03000 r--p 001fe000 103:06 41569503                  /usr/lib/x86_64-linux-gnu/libc.so.6
7630bcc03000-7630bcc05000 rw-p 00202000 103:06 41569503                  /usr/lib/x86_64-linux-gnu/libc.so.6
7630bcc05000-7630bcc12000 rw-p 00000000 00:00 0 
7630bcc13000-7630bcc1a000 r-xp 00000000 103:06 42209300                  /usr/lib/jvm/zulu21-ca-amd64/lib/libzip.so
7630bcc1a000-7630bcc1b000 ---p 00007000 103:06 42209300                  /usr/lib/jvm/zulu21-ca-amd64/lib/libzip.so
7630bcc1b000-7630bcc1c000 r--p 00007000 103:06 42209300                  /usr/lib/jvm/zulu21-ca-amd64/lib/libzip.so
7630bcc1c000-7630bcc1d000 rw-p 00008000 103:06 42209300                  /usr/lib/jvm/zulu21-ca-amd64/lib/libzip.so
7630bcc1d000-7630bcca6000 rw-p 00000000 00:00 0 
7630bcca6000-7630bccae000 ---p 00000000 00:00 0 
7630bccae000-7630bcccf000 r-xp 00000000 103:06 42209329                  /usr/lib/jvm/zulu21-ca-amd64/lib/libjava.so
7630bcccf000-7630bccd0000 r--p 00020000 103:06 42209329                  /usr/lib/jvm/zulu21-ca-amd64/lib/libjava.so
7630bccd0000-7630bccd1000 rw-p 00021000 103:06 42209329                  /usr/lib/jvm/zulu21-ca-amd64/lib/libjava.so
7630bccd1000-7630bccd2000 rw-p 00000000 00:00 0 
7630bccd2000-7630bccd5000 r--p 00000000 103:06 41561707                  /usr/lib/x86_64-linux-gnu/libnuma.so.1.0.0
7630bccd5000-7630bccdc000 r-xp 00003000 103:06 41561707                  /usr/lib/x86_64-linux-gnu/libnuma.so.1.0.0
7630bccdc000-7630bccde000 r--p 0000a000 103:06 41561707                  /usr/lib/x86_64-linux-gnu/libnuma.so.1.0.0
7630bccde000-7630bccdf000 r--p 0000b000 103:06 41561707                  /usr/lib/x86_64-linux-gnu/libnuma.so.1.0.0
7630bccdf000-7630bcce0000 rw-p 0000c000 103:06 41561707                  /usr/lib/x86_64-linux-gnu/libnuma.so.1.0.0
7630bcce0000-7630bccfb000 r-xp 00000000 103:06 42209333                  /usr/lib/jvm/zulu21-ca-amd64/lib/libjimage.so
7630bccfb000-7630bccfc000 ---p 0001b000 103:06 42209333                  /usr/lib/jvm/zulu21-ca-amd64/lib/libjimage.so
7630bccfc000-7630bccfe000 r--p 0001b000 103:06 42209333                  /usr/lib/jvm/zulu21-ca-amd64/lib/libjimage.so
7630bccfe000-7630bccff000 rw-p 0001d000 103:06 42209333                  /usr/lib/jvm/zulu21-ca-amd64/lib/libjimage.so
7630bccff000-7630bcd0f000 r--p 00000000 103:06 41569512                  /usr/lib/x86_64-linux-gnu/libm.so.6
7630bcd0f000-7630bcd8e000 r-xp 00010000 103:06 41569512                  /usr/lib/x86_64-linux-gnu/libm.so.6
7630bcd8e000-7630bcde6000 r--p 0008f000 103:06 41569512                  /usr/lib/x86_64-linux-gnu/libm.so.6
7630bcde6000-7630bcde7000 r--p 000e7000 103:06 41569512                  /usr/lib/x86_64-linux-gnu/libm.so.6
7630bcde7000-7630bcde8000 rw-p 000e8000 103:06 41569512                  /usr/lib/x86_64-linux-gnu/libm.so.6
7630bcde8000-7630bcde9000 r--p 00000000 103:06 41570398                  /usr/lib/x86_64-linux-gnu/librt.so.1
7630bcde9000-7630bcdea000 r-xp 00001000 103:06 41570398                  /usr/lib/x86_64-linux-gnu/librt.so.1
7630bcdea000-7630bcdeb000 r--p 00002000 103:06 41570398                  /usr/lib/x86_64-linux-gnu/librt.so.1
7630bcdeb000-7630bcdec000 r--p 00002000 103:06 41570398                  /usr/lib/x86_64-linux-gnu/librt.so.1
7630bcdec000-7630bcded000 rw-p 00003000 103:06 41570398                  /usr/lib/x86_64-linux-gnu/librt.so.1
7630bcded000-7630bcdf1000 rw-p 00000000 00:00 0 
7630bcdf1000-7630bcdf2000 r--p 00000000 103:06 41569505                  /usr/lib/x86_64-linux-gnu/libdl.so.2
7630bcdf2000-7630bcdf3000 r-xp 00001000 103:06 41569505                  /usr/lib/x86_64-linux-gnu/libdl.so.2
7630bcdf3000-7630bcdf4000 r--p 00002000 103:06 41569505                  /usr/lib/x86_64-linux-gnu/libdl.so.2
7630bcdf4000-7630bcdf5000 r--p 00002000 103:06 41569505                  /usr/lib/x86_64-linux-gnu/libdl.so.2
7630bcdf5000-7630bcdf6000 rw-p 00003000 103:06 41569505                  /usr/lib/x86_64-linux-gnu/libdl.so.2
7630bcdf6000-7630bcdf7000 r--p 00000000 103:06 41570396                  /usr/lib/x86_64-linux-gnu/libpthread.so.0
7630bcdf7000-7630bcdf8000 r-xp 00001000 103:06 41570396                  /usr/lib/x86_64-linux-gnu/libpthread.so.0
7630bcdf8000-7630bcdf9000 r--p 00002000 103:06 41570396                  /usr/lib/x86_64-linux-gnu/libpthread.so.0
7630bcdf9000-7630bcdfa000 r--p 00002000 103:06 41570396                  /usr/lib/x86_64-linux-gnu/libpthread.so.0
7630bcdfa000-7630bcdfb000 rw-p 00003000 103:06 41570396                  /usr/lib/x86_64-linux-gnu/libpthread.so.0
7630bcdfb000-7630bce0a000 r-xp 00000000 103:06 42209298                  /usr/lib/jvm/zulu21-ca-amd64/lib/libjli.so
7630bce0a000-7630bce0b000 ---p 0000f000 103:06 42209298                  /usr/lib/jvm/zulu21-ca-amd64/lib/libjli.so
7630bce0b000-7630bce0c000 r--p 0000f000 103:06 42209298                  /usr/lib/jvm/zulu21-ca-amd64/lib/libjli.so
7630bce0c000-7630bce0d000 rw-p 00010000 103:06 42209298                  /usr/lib/jvm/zulu21-ca-amd64/lib/libjli.so
7630bce0d000-7630bce0f000 r--p 00000000 103:06 41561978                  /usr/lib/x86_64-linux-gnu/libz.so.1.3
7630bce0f000-7630bce21000 r-xp 00002000 103:06 41561978                  /usr/lib/x86_64-linux-gnu/libz.so.1.3
7630bce21000-7630bce27000 r--p 00014000 103:06 41561978                  /usr/lib/x86_64-linux-gnu/libz.so.1.3
7630bce27000-7630bce28000 r--p 0001a000 103:06 41561978                  /usr/lib/x86_64-linux-gnu/libz.so.1.3
7630bce28000-7630bce29000 rw-p 0001b000 103:06 41561978                  /usr/lib/x86_64-linux-gnu/libz.so.1.3
7630bce2c000-7630bce2e000 r-xp 00000000 103:06 42209311                  /usr/lib/jvm/zulu21-ca-amd64/lib/libextnet.so
7630bce2e000-7630bce2f000 r--p 00001000 103:06 42209311                  /usr/lib/jvm/zulu21-ca-amd64/lib/libextnet.so
7630bce2f000-7630bce30000 rw-p 00002000 103:06 42209311                  /usr/lib/jvm/zulu21-ca-amd64/lib/libextnet.so
7630bce30000-7630bce38000 rw-p 00000000 00:00 0 
7630bce38000-7630bce39000 ---p 00000000 00:00 0 
7630bce39000-7630bce3a000 r--p 00000000 00:00 0 
7630bce3a000-7630bce3b000 ---p 00000000 00:00 0 
7630bce3b000-7630bce3d000 rw-p 00000000 00:00 0 
7630bce3d000-7630bce41000 r--p 00000000 00:00 0                          [vvar]
7630bce41000-7630bce43000 r--p 00000000 00:00 0                          [vvar_vclock]
7630bce43000-7630bce45000 r-xp 00000000 00:00 0                          [vdso]
7630bce45000-7630bce46000 r--p 00000000 103:06 41569369                  /usr/lib/x86_64-linux-gnu/ld-linux-x86-64.so.2
7630bce46000-7630bce71000 r-xp 00001000 103:06 41569369                  /usr/lib/x86_64-linux-gnu/ld-linux-x86-64.so.2
7630bce71000-7630bce7b000 r--p 0002c000 103:06 41569369                  /usr/lib/x86_64-linux-gnu/ld-linux-x86-64.so.2
7630bce7b000-7630bce7d000 r--p 00036000 103:06 41569369                  /usr/lib/x86_64-linux-gnu/ld-linux-x86-64.so.2
7630bce7d000-7630bce7f000 rw-p 00038000 103:06 41569369                  /usr/lib/x86_64-linux-gnu/ld-linux-x86-64.so.2
7ffd14df2000-7ffd14e13000 rw-p 00000000 00:00 0                          [stack]
ffffffffff600000-ffffffffff601000 --xp 00000000 00:00 0                  [vsyscall]
Total number of mappings: 464

JVMTI agents: none


VM Arguments:
jvm_args: -XX:+UseZGC -XX:+ZGenerational -XX:+UnlockDiagnosticVMOptions -XX:GuaranteedSafepointInterval=0 -XX:+UseNUMA -XX:+PerfDisableSharedMem -XX:+TieredCompilation -XX:TieredStopAtLevel=4 --add-opens=java.base/jdk.internal.misc=ALL-UNNAMED --add-opens=java.base/sun.nio.ch=ALL-UNNAMED -Xmx768m -Xms768m 
java_command: match-cluster/target/match-cluster.jar
java_class_path (initial): match-cluster/target/match-cluster.jar
Launcher Type: SUN_STANDARD

[Global flags]
     intx CICompilerCount                          = 12                                        {product} {ergonomic}
     intx GuaranteedSafepointInterval              = 0                                      {diagnostic} {command line}
   size_t InitialHeapSize                          = 805306368                                 {product} {command line}
   size_t MaxHeapSize                              = 805306368                                 {product} {command line}
   size_t MinHeapDeltaBytes                        = 2097152                                   {product} {ergonomic}
   size_t MinHeapSize                              = 805306368                                 {product} {command line}
    uintx NonNMethodCodeHeapSize                   = 7602480                                {pd product} {ergonomic}
    uintx NonProfiledCodeHeapSize                  = 122027880                              {pd product} {ergonomic}
     bool PerfDisableSharedMem                     = true                                      {product} {command line}
    uintx ProfiledCodeHeapSize                     = 122027880                              {pd product} {ergonomic}
    uintx ReservedCodeCacheSize                    = 251658240                              {pd product} {ergonomic}
     bool SegmentedCodeCache                       = true                                      {product} {ergonomic}
   size_t SoftMaxHeapSize                          = 805306368                              {manageable} {ergonomic}
     bool THPStackMitigation                       = false                                  {diagnostic} {ergonomic}
     bool TieredCompilation                        = true                                   {pd product} {command line}
     intx TieredStopAtLevel                        = 4                                         {product} {command line}
     bool UnlockDiagnosticVMOptions                = true                                   {diagnostic} {command line}
     bool UseCompressedOops                        = false                          {product lp64_product} {ergonomic}
     bool UseNUMA                                  = false                                     {product} {command line}
     bool UseZGC                                   = true                                      {product} {command line}
     bool ZGenerational                            = true                                      {product} {command line}
     uint ZOldGCThreads                            = 6                                      {diagnostic} {ergonomic}
     bool ZUncommit                                = false                                     {product} {ergonomic}
     uint ZYoungGCThreads                          = 6                                      {diagnostic} {ergonomic}

Logging:
Log output configuration:
 #0: stdout all=warning uptime,level,tags foldmultilines=false
 #1: stderr all=off uptime,level,tags foldmultilines=false

Release file:
IMPLEMENTOR="Azul Systems, Inc."
IMPLEMENTOR_VERSION="Zulu21.50+19-CA"
JAVA_RUNTIME_VERSION="21.0.11+10-LTS"
JAVA_VERSION="21.0.11"
JAVA_VERSION_DATE="2026-04-21"
LIBC="gnu"
MODULES="java.base com.azul.tooling java.logging java.management java.security.sasl java.naming jdk.jfr com.azul.crs.client java.compiler java.datatransfer java.xml java.prefs java.desktop java.instrument java.rmi java.management.rmi java.net.http java.scripting java.security.jgss java.transaction.xa java.sql java.sql.rowset java.xml.crypto java.se java.smartcardio jdk.accessibility jdk.internal.jvmstat jdk.attach jdk.charsets jdk.internal.opt jdk.zipfs jdk.compiler jdk.crypto.ec jdk.crypto.cryptoki jdk.dynalink jdk.internal.ed jdk.editpad jdk.hotspot.agent jdk.httpserver jdk.incubator.vector jdk.internal.le jdk.internal.vm.ci jdk.internal.vm.compiler jdk.internal.vm.compiler.management jdk.jartool jdk.javadoc jdk.jcmd jdk.management jdk.management.agent jdk.jconsole jdk.jdeps jdk.jdwp.agent jdk.jdi jdk.jlink jdk.jpackage jdk.jshell jdk.jsobject jdk.jstatd jdk.localedata jdk.management.jfr jdk.naming.dns jdk.naming.rmi jdk.net jdk.nio.mapmode jdk.random jdk.sctp jdk.security.auth jdk.security.jgss jdk.unsupported jdk.unsupported.desktop jdk.xml.dom"
OS_ARCH="x86_64"
OS_NAME="Linux"
SOURCE=".:git:ffff125054c5"

Environment Variables:
PATH=/usr/local/go/bin:/home/emre/.local/bin:/usr/local/sbin:/usr/local/bin:/usr/sbin:/usr/bin:/sbin:/bin:/usr/games:/usr/local/games:/snap/bin:/snap/bin:/home/emre/.local/share/JetBrains/Toolbox/scripts
USERNAME=emre
SHELL=/bin/bash
DISPLAY=:1
LANG=en_US.UTF-8

Active Locale:
LC_ALL=en_US.UTF-8
LC_COLLATE=en_US.UTF-8
LC_CTYPE=en_US.UTF-8
LC_MESSAGES=en_US.UTF-8
LC_MONETARY=en_US.UTF-8
LC_NUMERIC=en_US.UTF-8
LC_TIME=en_US.UTF-8

Signal Handlers:
   SIGSEGV: crash_handler in libjvm.so, mask=11100100010111111101111111111110, flags=SA_RESTART|SA_SIGINFO, unblocked
    SIGBUS: crash_handler in libjvm.so, mask=11100100010111111101111111111110, flags=SA_RESTART|SA_SIGINFO, unblocked
    SIGFPE: crash_handler in libjvm.so, mask=11100100010111111101111111111110, flags=SA_RESTART|SA_SIGINFO, unblocked
   SIGPIPE: javaSignalHandler in libjvm.so, mask=11100100010111111101111111111110, flags=SA_RESTART|SA_SIGINFO, blocked
   SIGXFSZ: javaSignalHandler in libjvm.so, mask=11100100010111111101111111111110, flags=SA_RESTART|SA_SIGINFO, blocked
    SIGILL: crash_handler in libjvm.so, mask=11100100010111111101111111111110, flags=SA_RESTART|SA_SIGINFO, unblocked
   SIGUSR2: SR_handler in libjvm.so, mask=00000000000000000000000000000000, flags=SA_RESTART|SA_SIGINFO, blocked
    SIGHUP: UserHandler in libjvm.so, mask=11100100010111111101111111111110, flags=SA_RESTART|SA_SIGINFO, blocked
    SIGINT: UserHandler in libjvm.so, mask=11100100010111111101111111111110, flags=SA_RESTART|SA_SIGINFO, blocked
   SIGTERM: UserHandler in libjvm.so, mask=11100100010111111101111111111110, flags=SA_RESTART|SA_SIGINFO, blocked
   SIGQUIT: UserHandler in libjvm.so, mask=11100100010111111101111111111110, flags=SA_RESTART|SA_SIGINFO, blocked
   SIGTRAP: crash_handler in libjvm.so, mask=11100100010111111101111111111110, flags=SA_RESTART|SA_SIGINFO, unblocked


Periodic native trim disabled

---------------  S Y S T E M  ---------------

OS:
DISTRIB_ID=Ubuntu
DISTRIB_RELEASE=24.04
DISTRIB_CODENAME=noble
DISTRIB_DESCRIPTION="Ubuntu 24.04.3 LTS"
uname: Linux 6.17.0-35-generic #35~24.04.1-Ubuntu SMP PREEMPT_DYNAMIC Tue May 26 19:30:42 UTC 2 x86_64
OS uptime: 11 days 0:13 hours
libc: glibc 2.39 NPTL 2.39 
rlimit (soft/hard): STACK 8192k/infinity , CORE 0k/infinity , NPROC 126613/126613 , NOFILE 1048576/1048576 , AS infinity/infinity , CPU infinity/infinity , DATA infinity/infinity , FSIZE infinity/infinity , MEMLOCK 4077268k/4077268k
load average: 33.79 34.76 37.31

/proc/meminfo:
MemTotal:       32618156 kB
MemFree:         1420772 kB
MemAvailable:   10261984 kB
Buffers:          955536 kB
Cached:         17249700 kB
SwapCached:            0 kB
Active:          8097208 kB
Inactive:       16857800 kB
Active(anon):    7527780 kB
Inactive(anon):  8993112 kB
Active(file):     569428 kB
Inactive(file):  7864688 kB
Unevictable:       10584 kB
Mlocked:              48 kB
SwapTotal:       8388604 kB
SwapFree:        8388604 kB
Zswap:                 0 kB
Zswapped:              0 kB
Dirty:              2068 kB
Writeback:             4 kB
AnonPages:       6761132 kB
Mapped:          7132288 kB
Shmem:           9770704 kB
KReclaimable:     746000 kB
Slab:            3428608 kB
SReclaimable:     746000 kB
SUnreclaim:      2682608 kB
KernelStack:       34404 kB
PageTables:        96288 kB
SecPageTables:         0 kB
NFS_Unstable:          0 kB
Bounce:                0 kB
WritebackTmp:          0 kB
CommitLimit:    23649104 kB
Committed_AS:   29024428 kB
VmallocTotal:   34359738367 kB
VmallocUsed:      163540 kB
VmallocChunk:          0 kB
Percpu:            24960 kB
HardwareCorrupted:     0 kB
AnonHugePages:         0 kB
ShmemHugePages:    14336 kB
ShmemPmdMapped:        0 kB
FileHugePages:     75776 kB
FilePmdMapped:     57344 kB
CmaTotal:              0 kB
CmaFree:               0 kB
Unaccepted:            0 kB
Balloon:               0 kB
HugePages_Total:    1024
HugePages_Free:      953
HugePages_Rsvd:        1
HugePages_Surp:        0
Hugepagesize:       2048 kB
Hugetlb:         2097152 kB
DirectMap4k:    15813592 kB
DirectMap2M:    17498112 kB
DirectMap1G:           0 kB

/sys/kernel/mm/transparent_hugepage/enabled: always madvise [never]
/sys/kernel/mm/transparent_hugepage/hpage_pmd_size: 2097152
/sys/kernel/mm/transparent_hugepage/defrag (defrag/compaction efforts parameter): always defer defer+madvise madvise [never]

Process Memory:
Virtual Size: 37818176K (peak: 39879940K)
Resident Set Size: 1338664K (peak: 1721772K) (anon: 265112K, file: 25436K, shmem: 1048116K)
Swapped out: 0K
C-Heap outstanding allocations: 111834K, retained: 136781K
glibc malloc tunables: (default)

/proc/sys/kernel/threads-max (system-wide limit on the number of threads): 253227
/proc/sys/vm/max_map_count (maximum number of memory map areas a process may have): 1048576
/proc/sys/vm/swappiness (control to define how aggressively the kernel swaps out anonymous memory): 0
/proc/sys/kernel/pid_max (system-wide limit on number of process identifiers): 4194304

container information not found.
Steal ticks since vm start: 0
Steal ticks percentage since vm start:  0.000

CPU: total 24 (initial active 24) (12 cores per cpu, 2 threads per core) family 6 model 183 stepping 1 microcode 0x133, cx8, cmov, fxsr, ht, mmx, 3dnowpref, sse, sse2, sse3, ssse3, sse4.1, sse4.2, popcnt, lzcnt, tsc, tscinvbit, avx, avx2, aes, erms, clmul, bmi1, bmi2, adx, sha, fma, vzeroupper, clflush, clflushopt, clwb, serialize, rdtscp, rdpid, fsrm, f16c, pku, ospke, cet_ibt, cet_ss
CPU Model and flags from /proc/cpuinfo:
model name	: 13th Gen Intel(R) Core(TM) i7-13700K
flags		: fpu vme de pse tsc msr pae mce cx8 apic sep mtrr pge mca cmov pat pse36 clflush dts acpi mmx fxsr sse sse2 ss ht tm pbe syscall nx pdpe1gb rdtscp lm constant_tsc art arch_perfmon pebs bts rep_good nopl xtopology nonstop_tsc cpuid aperfmperf tsc_known_freq pni pclmulqdq dtes64 monitor ds_cpl vmx smx est tm2 ssse3 sdbg fma cx16 xtpr pdcm pcid sse4_1 sse4_2 x2apic movbe popcnt tsc_deadline_timer aes xsave avx f16c rdrand lahf_lm abm 3dnowprefetch cpuid_fault ssbd ibrs ibpb stibp ibrs_enhanced tpr_shadow flexpriority ept vpid ept_ad fsgsbase tsc_adjust bmi1 avx2 smep bmi2 erms invpcid rdseed adx smap clflushopt clwb intel_pt sha_ni xsaveopt xsavec xgetbv1 xsaves split_lock_detect user_shstk avx_vnni dtherm ida arat pln pts hwp hwp_notify hwp_act_window hwp_epp hwp_pkg_req hfi vnmi umip pku ospke waitpkg gfni vaes vpclmulqdq rdpid movdiri movdir64b fsrm md_clear serialize pconfig arch_lbr ibt flush_l1d arch_capabilities

Online cpus: 0-23
Offline cpus: 
BIOS frequency limitation: <Not Available>
Frequency switch latency (ns): 0
Available cpu frequencies: <Not Available>
Current governor: powersave
Core performance/turbo boost: <Not Available>

Memory: 4k page, physical 32618156k(10261984k free), swap 8388604k(8388604k free)
Page Sizes: 4k

vm_info: OpenJDK 64-Bit Server VM (21.0.11+10-LTS) for linux-amd64 JRE (21.0.11+10-LTS) (Zulu21.50+19-CA), built on 2026-04-17T20:39:03Z by "zulu_re" with gcc 11.2.0

END.
